Age_Group,Gender,City_Tier,State,Occupation,Monthly_Income,Handcrafted_Frequency,Purchase_Channel,Primary_Factor,Design_Preference,Preferred_Products,Bag_Type,Decor_Preference,Embroidery_Level,Mirror_Work,Color_Family,Purchase_Occasion,Budget_Handbag,Budget_Apparel,Budget_HomeDecor,Discount_Influence,Preferred_Offer,Online_Trust_Buy,Trust_Factor,Authenticity_Score,Limited_Edition_Preference,Purchase_Interest
41-50,Male,Tier 2,Rajasthan,Freelancer,Above 200000,Rarely,Instagram stores,Authenticity,Minimal modern,"Gift sets, Cushion covers, Handbags",Office handbag,Decorative organizers,Minimal embroidery,Light mirror work,Bright colors,Festive use,Above 2000,Above 4000,500-1500,Sometimes,Buy 2 Get 1,Yes,Reviews,4,No,Likely
41-50,Female,Tier 2,Delhi,Salaried Employee,100000-200000,Never,Local exhibitions,Utility,Minimal modern,Cushion covers,Tote bag,Cushion covers,Minimal embroidery,Light mirror work,Black / neutral,Daily use,Above 2000,1000-2000,500-1500,Sometimes,Flat discount,No,Reviews,2,No,Likely
41-50,Female,Metro,Rajasthan,Business Owner,Below 25000,Never,Instagram stores,Utility,Fusion,"Jackets / shrugs, Handbags",Clutch,Table runners,Moderate embroidery,Light mirror work,Pastel shades,Weddings,500-1000,2000-4000,Above 3000,No,Free shipping,No,Brand story,4,Yes,Very unlikely
Above 50,Female,Tier 1,Telangana,Freelancer,25000-50000,Frequently,Retail stores,Utility,Depends on product,Cushion covers,Tote bag,Cushion covers,Minimal embroidery,Strong mirror work,Black / neutral,Daily use,Above 2000,Above 4000,Above 3000,No,Festival combo pack,Depends on reviews,Reviews,3,Yes,Unlikely
Above 50,Male,Tier 1,Karnataka,Homemaker,Below 25000,Never,Retail stores,Design,Traditional,"Laptop sleeves / utility pouches, Handbags, Cushion covers",Clutch,Cushion covers,Minimal embroidery,Strong mirror work,Earth tones,Gifting,Below 500,Below 1000,500-1500,No,Festival combo pack,No,Brand story,3,Yes,Unlikely
21-30,Female,Metro,Delhi,Student,100000-200000,Frequently,Retail stores,Brand,Minimal modern,"Cushion covers, Handbags, Laptop sleeves / utility pouches",Office handbag,Cushion covers,Minimal embroidery,No mirror work,Earth tones,Weddings,500-1000,1000-2000,Below 500,Sometimes,Flat discount,Yes,Return policy,4,No,Highly likely
41-50,Male,Tier 2,Rajasthan,Salaried Employee,100000-200000,Frequently,Online marketplaces,Price,Traditional,"Cushion covers, Jackets / shrugs, Gift sets",Clutch,Wall décor textile,Moderate embroidery,No mirror work,Bright colors,Office use,Below 500,2000-4000,500-1500,No,Festival combo pack,No,Product images,1,No,Unsure
Below 20,Female,Tier 3 / Rural,West Bengal,Salaried Employee,50000-100000,Frequently,During travel,Price,Depends on product,Laptop sleeves / utility pouches,Office handbag,Table runners,Minimal embroidery,Strong mirror work,Black / neutral,Daily use,Below 500,2000-4000,500-1500,Sometimes,Flat discount,No,Product images,4,Yes,Unlikely
31-40,Female,Tier 1,Rajasthan,Freelancer,100000-200000,Occasionally,Local exhibitions,Price,Traditional,"Handbags, Cushion covers, Laptop sleeves / utility pouches",Clutch,Table runners,Minimal embroidery,No mirror work,Earth tones,Weddings,Above 2000,2000-4000,Above 3000,Strongly yes,Flat discount,Depends on reviews,Return policy,1,Yes,Unsure
Below 20,Female,Tier 2,West Bengal,Salaried Employee,50000-100000,Rarely,Retail stores,Design,Depends on product,Jackets / shrugs,Tote bag,Decorative organizers,Moderate embroidery,Strong mirror work,Bright colors,Gifting,1000-2000,Below 1000,Below 500,No,Festival combo pack,Depends on reviews,Product images,1,No,Very unlikely
Below 20,Female,Tier 1,Rajasthan,Homemaker,50000-100000,Never,Online marketplaces,Authenticity,Traditional,Handbags,Sling bag,Table runners,Minimal embroidery,Strong mirror work,Bright colors,Weddings,Below 500,Above 4000,Below 500,Sometimes,Flat discount,Depends on reviews,Brand story,1,No,Unsure
41-50,Female,Tier 1,Telangana,Other,Above 200000,Rarely,Local exhibitions,Authenticity,Fusion,Gift sets,Tote bag,Cushion covers,Heavy embroidery,No mirror work,Black / neutral,Gifting,Above 2000,Below 1000,Above 3000,Strongly yes,Free shipping,No,Reviews,5,No,Unsure
Below 20,Male,Metro,Karnataka,Other,Above 200000,Rarely,Local exhibitions,Utility,Traditional,"Cushion covers, Laptop sleeves / utility pouches, Jackets / shrugs",Office handbag,Wall décor textile,Moderate embroidery,Strong mirror work,Pastel shades,Festive use,1000-2000,Above 4000,500-1500,Sometimes,Free shipping,Depends on reviews,Return policy,2,Yes,Unsure
21-30,Female,Tier 3 / Rural,Karnataka,Student,50000-100000,Occasionally,During travel,Design,Minimal modern,"Gift sets, Laptop sleeves / utility pouches",Tote bag,Decorative organizers,Moderate embroidery,No mirror work,Bright colors,Weddings,Below 500,Above 4000,Below 500,Sometimes,Free shipping,No,Product images,3,Yes,Highly likely
21-30,Female,Tier 2,Telangana,Other,50000-100000,Frequently,Instagram stores,Brand,Fusion,"Jackets / shrugs, Laptop sleeves / utility pouches",Sling bag,Table runners,Minimal embroidery,Light mirror work,Earth tones,Weddings,Below 500,Below 1000,Above 3000,Strongly yes,Free shipping,Yes,Brand story,4,No,Highly likely
41-50,Female,Tier 2,Telangana,Homemaker,Above 200000,Occasionally,Retail stores,Design,Fusion,"Cushion covers, Gift sets, Jackets / shrugs",Office handbag,Table runners,Minimal embroidery,Light mirror work,Bright colors,Festive use,Below 500,1000-2000,1500-3000,No,Flat discount,Yes,Reviews,2,No,Likely
21-30,Female,Tier 1,Rajasthan,Student,Above 200000,Frequently,Online marketplaces,Brand,Minimal modern,"Laptop sleeves / utility pouches, Jackets / shrugs, Handbags",Clutch,Decorative organizers,Moderate embroidery,No mirror work,Bright colors,Daily use,Below 500,1000-2000,Above 3000,Strongly yes,Festival combo pack,Yes,Return policy,4,Yes,Likely
21-30,Male,Metro,Telangana,Homemaker,Below 25000,Occasionally,During travel,Design,Fusion,"Handbags, Jackets / shrugs",Clutch,Table runners,Moderate embroidery,No mirror work,Pastel shades,Daily use,Above 2000,Below 1000,Below 500,No,Buy 2 Get 1,Yes,Product images,3,No,Unsure
21-30,Female,Metro,Karnataka,Freelancer,50000-100000,Rarely,During travel,Utility,Minimal modern,Jackets / shrugs,Office handbag,Cushion covers,Heavy embroidery,No mirror work,Pastel shades,Festive use,Below 500,2000-4000,500-1500,No,Festival combo pack,Yes,Return policy,5,No,Unlikely
21-30,Female,Tier 2,Tamil Nadu,Salaried Employee,Above 200000,Occasionally,During travel,Authenticity,Traditional,Jackets / shrugs,Sling bag,Cushion covers,Heavy embroidery,No mirror work,Bright colors,Gifting,Above 2000,Above 4000,500-1500,Strongly yes,Festival combo pack,Depends on reviews,Return policy,5,No,Unsure
Above 50,Male,Tier 2,Karnataka,Other,Below 25000,Frequently,Retail stores,Price,Fusion,Laptop sleeves / utility pouches,Office handbag,Cushion covers,Heavy embroidery,No mirror work,Black / neutral,Daily use,1000-2000,Above 4000,500-1500,No,Free shipping,Depends on reviews,Return policy,5,Yes,Highly likely
Below 20,Female,Metro,Tamil Nadu,Freelancer,Below 25000,Rarely,During travel,Brand,Fusion,"Gift sets, Laptop sleeves / utility pouches",Tote bag,Wall décor textile,Minimal embroidery,Light mirror work,Earth tones,Weddings,Below 500,1000-2000,500-1500,Strongly yes,Flat discount,No,Brand story,5,No,Highly likely
21-30,Male,Tier 1,Gujarat,Freelancer,Above 200000,Occasionally,Local exhibitions,Brand,Traditional,"Cushion covers, Gift sets",Tote bag,Cushion covers,Moderate embroidery,No mirror work,Earth tones,Office use,Above 2000,1000-2000,1500-3000,No,Buy 2 Get 1,No,Brand story,3,Yes,Highly likely
41-50,Female,Tier 3 / Rural,Tamil Nadu,Freelancer,Below 25000,Rarely,Online marketplaces,Authenticity,Traditional,"Cushion covers, Laptop sleeves / utility pouches",Office handbag,Cushion covers,Moderate embroidery,Strong mirror work,Pastel shades,Festive use,Above 2000,Below 1000,Above 3000,Strongly yes,Flat discount,Depends on reviews,Reviews,5,Yes,Very unlikely
41-50,Female,Tier 3 / Rural,Karnataka,Salaried Employee,Below 25000,Frequently,Online marketplaces,Brand,Fusion,"Cushion covers, Handbags",Clutch,Decorative organizers,Moderate embroidery,Light mirror work,Black / neutral,Weddings,Below 500,Above 4000,500-1500,Sometimes,Free shipping,No,Product images,2,No,Highly likely
Below 20,Female,Tier 2,West Bengal,Student,Below 25000,Frequently,During travel,Utility,Traditional,Laptop sleeves / utility pouches,Sling bag,Table runners,Minimal embroidery,Strong mirror work,Earth tones,Daily use,500-1000,1000-2000,Above 3000,Sometimes,Buy 2 Get 1,Depends on reviews,Reviews,5,Yes,Likely
Below 20,Female,Tier 2,Karnataka,Business Owner,Above 200000,Occasionally,Online marketplaces,Authenticity,Minimal modern,Jackets / shrugs,Clutch,Wall décor textile,Heavy embroidery,Strong mirror work,Black / neutral,Weddings,Below 500,Below 1000,1500-3000,Strongly yes,Buy 2 Get 1,Depends on reviews,Reviews,5,Yes,Very unlikely
21-30,Female,Metro,West Bengal,Student,Below 25000,Rarely,During travel,Brand,Depends on product,"Laptop sleeves / utility pouches, Jackets / shrugs",Clutch,Decorative organizers,Minimal embroidery,Light mirror work,Pastel shades,Festive use,500-1000,1000-2000,1500-3000,No,Buy 2 Get 1,Yes,Return policy,4,Yes,Highly likely
31-40,Female,Tier 3 / Rural,Telangana,Freelancer,Above 200000,Occasionally,Instagram stores,Authenticity,Minimal modern,"Handbags, Jackets / shrugs, Gift sets",Sling bag,Table runners,Moderate embroidery,No mirror work,Earth tones,Gifting,1000-2000,1000-2000,Above 3000,Strongly yes,Buy 2 Get 1,Yes,Product images,4,No,Likely
31-40,Male,Metro,Tamil Nadu,Salaried Employee,Below 25000,Occasionally,Online marketplaces,Utility,Depends on product,Jackets / shrugs,Tote bag,Table runners,Minimal embroidery,No mirror work,Black / neutral,Gifting,1000-2000,2000-4000,Below 500,No,Festival combo pack,Depends on reviews,Brand story,4,No,Unlikely
Below 20,Male,Tier 2,Delhi,Freelancer,25000-50000,Frequently,Instagram stores,Authenticity,Minimal modern,Jackets / shrugs,Sling bag,Cushion covers,Moderate embroidery,Strong mirror work,Bright colors,Daily use,Above 2000,1000-2000,500-1500,Sometimes,Flat discount,No,Return policy,5,Yes,Highly likely
Below 20,Female,Tier 1,Telangana,Other,50000-100000,Rarely,During travel,Price,Fusion,Laptop sleeves / utility pouches,Clutch,Wall décor textile,Minimal embroidery,Light mirror work,Pastel shades,Festive use,Above 2000,2000-4000,500-1500,Sometimes,Flat discount,No,Return policy,3,No,Likely
31-40,Male,Tier 1,Delhi,Homemaker,Above 200000,Occasionally,Instagram stores,Authenticity,Minimal modern,"Laptop sleeves / utility pouches, Cushion covers, Gift sets",Sling bag,Wall décor textile,Heavy embroidery,Strong mirror work,Earth tones,Festive use,500-1000,Above 4000,Below 500,Strongly yes,Flat discount,Yes,Product images,2,Yes,Unlikely
21-30,Female,Tier 2,West Bengal,Salaried Employee,Below 25000,Never,Local exhibitions,Design,Traditional,Jackets / shrugs,Office handbag,Wall décor textile,Heavy embroidery,Light mirror work,Bright colors,Daily use,Below 500,Below 1000,500-1500,Strongly yes,Buy 2 Get 1,No,Brand story,4,No,Likely
Below 20,Female,Tier 2,Telangana,Freelancer,100000-200000,Never,Instagram stores,Utility,Depends on product,"Handbags, Gift sets, Cushion covers",Tote bag,Table runners,Moderate embroidery,No mirror work,Pastel shades,Daily use,500-1000,2000-4000,1500-3000,Sometimes,Festival combo pack,Yes,Product images,5,No,Very unlikely
41-50,Female,Metro,Tamil Nadu,Student,100000-200000,Rarely,Online marketplaces,Design,Fusion,"Laptop sleeves / utility pouches, Handbags",Office handbag,Cushion covers,Minimal embroidery,No mirror work,Bright colors,Festive use,Above 2000,1000-2000,Below 500,No,Buy 2 Get 1,No,Reviews,2,No,Likely
Above 50,Female,Metro,Delhi,Other,50000-100000,Occasionally,Online marketplaces,Brand,Fusion,"Cushion covers, Handbags",Sling bag,Decorative organizers,Minimal embroidery,No mirror work,Bright colors,Weddings,Above 2000,Below 1000,Above 3000,No,Flat discount,Yes,Return policy,4,No,Unsure
Above 50,Male,Tier 2,West Bengal,Salaried Employee,100000-200000,Frequently,During travel,Design,Traditional,"Gift sets, Laptop sleeves / utility pouches",Clutch,Wall décor textile,Minimal embroidery,Strong mirror work,Bright colors,Daily use,Below 500,2000-4000,1500-3000,Sometimes,Buy 2 Get 1,Yes,Product images,3,Yes,Likely
31-40,Male,Tier 3 / Rural,Maharashtra,Homemaker,Above 200000,Frequently,Retail stores,Authenticity,Depends on product,Cushion covers,Clutch,Wall décor textile,Heavy embroidery,Light mirror work,Black / neutral,Festive use,500-1000,Below 1000,1500-3000,Sometimes,Flat discount,No,Return policy,5,Yes,Unsure
Above 50,Female,Tier 3 / Rural,Telangana,Freelancer,Above 200000,Frequently,Retail stores,Utility,Traditional,"Cushion covers, Handbags",Office handbag,Decorative organizers,Moderate embroidery,No mirror work,Earth tones,Office use,Above 2000,2000-4000,500-1500,Sometimes,Free shipping,No,Return policy,2,No,Unlikely
21-30,Male,Tier 1,Maharashtra,Student,Below 25000,Rarely,Retail stores,Authenticity,Depends on product,Handbags,Tote bag,Decorative organizers,Minimal embroidery,Light mirror work,Bright colors,Gifting,Below 500,1000-2000,Above 3000,Strongly yes,Buy 2 Get 1,Depends on reviews,Brand story,1,No,Likely
21-30,Male,Tier 1,Telangana,Student,Below 25000,Rarely,Local exhibitions,Brand,Minimal modern,Laptop sleeves / utility pouches,Tote bag,Cushion covers,Moderate embroidery,Strong mirror work,Earth tones,Weddings,Below 500,1000-2000,1500-3000,Sometimes,Buy 2 Get 1,Depends on reviews,Return policy,3,No,Very unlikely
31-40,Female,Tier 2,Delhi,Other,Below 25000,Rarely,Retail stores,Brand,Depends on product,Cushion covers,Sling bag,Table runners,Moderate embroidery,Strong mirror work,Bright colors,Daily use,Above 2000,Below 1000,Below 500,Sometimes,Buy 2 Get 1,Depends on reviews,Reviews,1,Yes,Unsure
Above 50,Female,Tier 2,Delhi,Business Owner,Above 200000,Frequently,During travel,Brand,Fusion,"Jackets / shrugs, Laptop sleeves / utility pouches, Gift sets",Clutch,Table runners,Moderate embroidery,Light mirror work,Black / neutral,Daily use,500-1000,1000-2000,500-1500,No,Festival combo pack,Yes,Product images,5,Yes,Unlikely
21-30,Female,Tier 1,Maharashtra,Homemaker,Below 25000,Rarely,Retail stores,Design,Minimal modern,Cushion covers,Office handbag,Wall décor textile,Minimal embroidery,No mirror work,Bright colors,Daily use,1000-2000,Below 1000,1500-3000,No,Flat discount,Depends on reviews,Product images,2,Yes,Likely
31-40,Male,Tier 3 / Rural,Gujarat,Other,Above 200000,Occasionally,Instagram stores,Design,Minimal modern,Cushion covers,Office handbag,Cushion covers,Moderate embroidery,Light mirror work,Bright colors,Office use,Above 2000,2000-4000,500-1500,No,Buy 2 Get 1,Depends on reviews,Brand story,4,No,Unlikely
Below 20,Female,Tier 3 / Rural,Delhi,Homemaker,25000-50000,Occasionally,Retail stores,Price,Fusion,"Handbags, Laptop sleeves / utility pouches",Office handbag,Cushion covers,Moderate embroidery,No mirror work,Bright colors,Daily use,Above 2000,1000-2000,Below 500,Strongly yes,Festival combo pack,Yes,Return policy,3,No,Very unlikely
21-30,Male,Tier 1,Telangana,Freelancer,50000-100000,Occasionally,Instagram stores,Brand,Fusion,Gift sets,Sling bag,Table runners,Minimal embroidery,Strong mirror work,Pastel shades,Office use,1000-2000,Below 1000,1500-3000,Sometimes,Festival combo pack,No,Product images,5,Yes,Unsure
21-30,Male,Tier 1,Gujarat,Homemaker,25000-50000,Occasionally,Instagram stores,Utility,Fusion,"Laptop sleeves / utility pouches, Cushion covers, Gift sets",Clutch,Table runners,Heavy embroidery,Strong mirror work,Earth tones,Gifting,Above 2000,Above 4000,Below 500,No,Festival combo pack,Depends on reviews,Return policy,2,Yes,Unlikely
Above 50,Female,Tier 1,Tamil Nadu,Homemaker,50000-100000,Rarely,Retail stores,Authenticity,Traditional,"Laptop sleeves / utility pouches, Cushion covers",Tote bag,Table runners,Moderate embroidery,Strong mirror work,Bright colors,Daily use,Above 2000,Below 1000,Below 500,Strongly yes,Flat discount,Depends on reviews,Product images,2,Yes,Likely
31-40,Female,Tier 3 / Rural,Tamil Nadu,Business Owner,25000-50000,Never,Local exhibitions,Brand,Depends on product,"Cushion covers, Gift sets, Laptop sleeves / utility pouches",Sling bag,Cushion covers,Minimal embroidery,Strong mirror work,Earth tones,Weddings,500-1000,Above 4000,Above 3000,No,Free shipping,Depends on reviews,Reviews,1,Yes,Unlikely
Below 20,Male,Tier 3 / Rural,Telangana,Business Owner,25000-50000,Frequently,During travel,Design,Minimal modern,"Laptop sleeves / utility pouches, Gift sets",Sling bag,Table runners,Minimal embroidery,Light mirror work,Earth tones,Office use,1000-2000,Below 1000,1500-3000,Sometimes,Festival combo pack,Depends on reviews,Reviews,2,Yes,Very unlikely
31-40,Female,Tier 1,Telangana,Student,50000-100000,Never,Retail stores,Brand,Fusion,"Laptop sleeves / utility pouches, Handbags, Cushion covers",Clutch,Decorative organizers,Minimal embroidery,No mirror work,Black / neutral,Daily use,Above 2000,Below 1000,500-1500,Strongly yes,Flat discount,No,Reviews,5,No,Unlikely
21-30,Female,Tier 1,Maharashtra,Other,50000-100000,Rarely,During travel,Brand,Fusion,"Handbags, Laptop sleeves / utility pouches, Cushion covers",Tote bag,Table runners,Heavy embroidery,Strong mirror work,Pastel shades,Office use,Above 2000,Below 1000,Above 3000,No,Flat discount,No,Return policy,1,Yes,Unsure
Above 50,Male,Metro,Delhi,Freelancer,25000-50000,Never,Instagram stores,Brand,Traditional,Laptop sleeves / utility pouches,Clutch,Cushion covers,Heavy embroidery,No mirror work,Pastel shades,Office use,Below 500,Below 1000,1500-3000,Sometimes,Festival combo pack,Depends on reviews,Return policy,3,No,Unlikely
Below 20,Male,Tier 3 / Rural,Delhi,Homemaker,Above 200000,Rarely,During travel,Authenticity,Traditional,"Laptop sleeves / utility pouches, Handbags",Sling bag,Cushion covers,Heavy embroidery,Light mirror work,Earth tones,Office use,Below 500,1000-2000,1500-3000,No,Flat discount,Yes,Brand story,4,No,Unsure
31-40,Female,Tier 1,Maharashtra,Other,Below 25000,Never,Local exhibitions,Authenticity,Fusion,Cushion covers,Office handbag,Table runners,Heavy embroidery,Light mirror work,Earth tones,Daily use,Above 2000,2000-4000,1500-3000,Strongly yes,Flat discount,Depends on reviews,Reviews,2,No,Highly likely
Below 20,Female,Tier 2,Maharashtra,Homemaker,50000-100000,Frequently,Instagram stores,Design,Fusion,Jackets / shrugs,Tote bag,Cushion covers,Heavy embroidery,Light mirror work,Black / neutral,Office use,Above 2000,1000-2000,Below 500,No,Buy 2 Get 1,Depends on reviews,Product images,2,No,Unsure
Above 50,Male,Tier 3 / Rural,Delhi,Homemaker,Below 25000,Rarely,Local exhibitions,Price,Traditional,"Jackets / shrugs, Cushion covers, Laptop sleeves / utility pouches",Office handbag,Wall décor textile,Minimal embroidery,Light mirror work,Black / neutral,Office use,1000-2000,Below 1000,500-1500,Strongly yes,Festival combo pack,Depends on reviews,Brand story,2,No,Unlikely
Above 50,Male,Tier 2,Maharashtra,Homemaker,25000-50000,Occasionally,During travel,Brand,Depends on product,"Jackets / shrugs, Gift sets, Handbags",Clutch,Cushion covers,Heavy embroidery,Strong mirror work,Black / neutral,Festive use,Above 2000,Above 4000,Above 3000,Strongly yes,Festival combo pack,No,Brand story,2,Yes,Very unlikely
41-50,Male,Tier 1,Gujarat,Freelancer,100000-200000,Never,Retail stores,Design,Depends on product,"Jackets / shrugs, Gift sets, Cushion covers",Sling bag,Table runners,Heavy embroidery,Light mirror work,Pastel shades,Gifting,500-1000,1000-2000,500-1500,No,Flat discount,Depends on reviews,Brand story,4,Yes,Unsure
Above 50,Female,Tier 1,Telangana,Business Owner,50000-100000,Occasionally,Instagram stores,Design,Fusion,"Cushion covers, Jackets / shrugs",Tote bag,Cushion covers,Minimal embroidery,No mirror work,Earth tones,Office use,Below 500,2000-4000,Above 3000,Sometimes,Festival combo pack,No,Product images,3,Yes,Very unlikely
41-50,Female,Metro,Gujarat,Freelancer,50000-100000,Never,Local exhibitions,Price,Traditional,"Laptop sleeves / utility pouches, Gift sets, Cushion covers",Sling bag,Wall décor textile,Moderate embroidery,Strong mirror work,Earth tones,Daily use,Below 500,Above 4000,Above 3000,Sometimes,Festival combo pack,Depends on reviews,Product images,4,No,Likely
Above 50,Male,Tier 2,Delhi,Other,25000-50000,Never,Local exhibitions,Brand,Depends on product,Handbags,Sling bag,Wall décor textile,Heavy embroidery,Light mirror work,Pastel shades,Daily use,500-1000,Above 4000,Above 3000,Strongly yes,Buy 2 Get 1,Yes,Product images,5,Yes,Likely
31-40,Prefer not to say,Metro,Rajasthan,Freelancer,25000-50000,Occasionally,Instagram stores,Authenticity,Traditional,Jackets / shrugs,Office handbag,Wall décor textile,Moderate embroidery,No mirror work,Black / neutral,Daily use,Below 500,Above 4000,Below 500,Sometimes,Free shipping,Depends on reviews,Product images,4,No,Unsure
21-30,Female,Tier 1,Karnataka,Student,Below 25000,Frequently,Online marketplaces,Brand,Depends on product,"Handbags, Laptop sleeves / utility pouches",Sling bag,Table runners,Moderate embroidery,No mirror work,Pastel shades,Festive use,1000-2000,Above 4000,Below 500,No,Flat discount,Depends on reviews,Brand story,1,No,Unlikely
Below 20,Male,Tier 3 / Rural,Rajasthan,Salaried Employee,100000-200000,Occasionally,Retail stores,Authenticity,Minimal modern,"Handbags, Gift sets, Cushion covers",Sling bag,Table runners,Minimal embroidery,No mirror work,Earth tones,Daily use,Above 2000,1000-2000,500-1500,No,Buy 2 Get 1,No,Product images,4,Yes,Unsure
31-40,Female,Tier 2,West Bengal,Homemaker,Above 200000,Never,During travel,Brand,Minimal modern,"Handbags, Jackets / shrugs, Gift sets",Clutch,Table runners,Heavy embroidery,Strong mirror work,Earth tones,Gifting,Above 2000,1000-2000,1500-3000,No,Flat discount,Yes,Return policy,1,Yes,Unsure
Above 50,Male,Metro,Rajasthan,Homemaker,,Never,Retail stores,Utility,Fusion,"Laptop sleeves / utility pouches, Cushion covers",Sling bag,Cushion covers,Moderate embroidery,Light mirror work,Earth tones,Festive use,Above 2000,1000-2000,1500-3000,Sometimes,Festival combo pack,Depends on reviews,Return policy,5,No,Likely
21-30,Male,Tier 2,Karnataka,Business Owner,25000-50000,Never,Retail stores,Design,Depends on product,"Gift sets, Laptop sleeves / utility pouches",Sling bag,Cushion covers,Heavy embroidery,Light mirror work,Pastel shades,Weddings,Below 500,2000-4000,500-1500,No,Flat discount,No,Brand story,1,Yes,Unsure
41-50,Female,Metro,Gujarat,Student,100000-200000,Never,Retail stores,Brand,Minimal modern,"Handbags, Laptop sleeves / utility pouches, Gift sets",Sling bag,Decorative organizers,Moderate embroidery,Strong mirror work,Pastel shades,Weddings,500-1000,Below 1000,Below 500,Strongly yes,Free shipping,Depends on reviews,Product images,1,Yes,Likely
41-50,Female,Tier 2,Gujarat,Freelancer,100000-200000,Frequently,Online marketplaces,Price,Depends on product,"Gift sets, Cushion covers, Handbags",Sling bag,Table runners,Moderate embroidery,Strong mirror work,Earth tones,Office use,Above 2000,1000-2000,Below 500,Strongly yes,Festival combo pack,Depends on reviews,Return policy,5,Yes,Highly likely
Below 20,Female,Tier 1,Tamil Nadu,Salaried Employee,100000-200000,Frequently,Instagram stores,Authenticity,Minimal modern,"Jackets / shrugs, Laptop sleeves / utility pouches",Tote bag,Wall décor textile,Minimal embroidery,No mirror work,Earth tones,Festive use,1000-2000,Above 4000,500-1500,No,Free shipping,No,Reviews,4,No,Very unlikely
41-50,Male,Tier 1,Gujarat,Student,Above 200000,Never,During travel,Design,Traditional,"Handbags, Laptop sleeves / utility pouches, Gift sets",Sling bag,Table runners,Heavy embroidery,Light mirror work,Black / neutral,Daily use,Above 2000,2000-4000,Above 3000,Strongly yes,Buy 2 Get 1,Yes,Reviews,3,Yes,Unlikely
Above 50,Male,Metro,Maharashtra,Other,100000-200000,Occasionally,Instagram stores,Price,Traditional,Cushion covers,Tote bag,Cushion covers,Minimal embroidery,Strong mirror work,Earth tones,Weddings,500-1000,Below 1000,500-1500,Sometimes,Free shipping,No,Brand story,2,No,Very unlikely
31-40,Male,Metro,Rajasthan,Other,Below 25000,Frequently,Online marketplaces,Utility,Fusion,"Cushion covers, Laptop sleeves / utility pouches, Handbags",Tote bag,Cushion covers,Heavy embroidery,No mirror work,Black / neutral,Festive use,1000-2000,2000-4000,Above 3000,Sometimes,Buy 2 Get 1,No,Return policy,1,Yes,Likely
21-30,Female,Metro,Gujarat,Salaried Employee,Below 25000,Never,During travel,Design,Depends on product,Cushion covers,Office handbag,Wall décor textile,Moderate embroidery,Light mirror work,Pastel shades,Weddings,1000-2000,2000-4000,Below 500,Strongly yes,Festival combo pack,Depends on reviews,Brand story,5,No,Very unlikely
41-50,Male,Tier 2,Tamil Nadu,Freelancer,Above 200000,Occasionally,Local exhibitions,Design,Fusion,Jackets / shrugs,Sling bag,Wall décor textile,Heavy embroidery,No mirror work,Black / neutral,Gifting,Above 2000,Above 4000,500-1500,Sometimes,Buy 2 Get 1,No,Reviews,5,No,Unlikely
31-40,Female,Tier 3 / Rural,Maharashtra,Freelancer,Below 25000,Occasionally,During travel,Design,Depends on product,"Jackets / shrugs, Cushion covers",Clutch,Wall décor textile,Heavy embroidery,No mirror work,Pastel shades,Office use,500-1000,Above 4000,Below 500,Sometimes,Flat discount,Depends on reviews,Return policy,2,Yes,Unlikely
Below 20,Female,Metro,Tamil Nadu,Salaried Employee,50000-100000,Never,Retail stores,Design,Traditional,"Gift sets, Handbags",Clutch,Table runners,Heavy embroidery,No mirror work,Bright colors,Gifting,Above 2000,1000-2000,Below 500,No,Flat discount,Yes,Return policy,5,Yes,Likely
31-40,Female,Tier 1,Gujarat,Freelancer,Below 25000,Occasionally,Online marketplaces,Design,Depends on product,"Handbags, Laptop sleeves / utility pouches, Jackets / shrugs",Sling bag,Cushion covers,Minimal embroidery,Strong mirror work,Bright colors,Gifting,1000-2000,Above 4000,Above 3000,Sometimes,Festival combo pack,No,Return policy,2,No,Likely
41-50,Female,Metro,Tamil Nadu,Business Owner,Below 25000,Never,Online marketplaces,Authenticity,Fusion,Jackets / shrugs,Sling bag,Decorative organizers,Heavy embroidery,No mirror work,Black / neutral,Office use,Above 2000,1000-2000,Above 3000,Sometimes,Festival combo pack,No,Product images,5,No,Unsure
21-30,Prefer not to say,Tier 1,West Bengal,Student,50000-100000,Occasionally,Retail stores,Utility,Fusion,Cushion covers,Tote bag,Wall décor textile,Moderate embroidery,Light mirror work,Pastel shades,Daily use,1000-2000,Above 4000,Above 3000,Strongly yes,Free shipping,Depends on reviews,Product images,5,Yes,Likely
Above 50,Male,Tier 3 / Rural,Tamil Nadu,Student,Below 25000,Occasionally,During travel,Utility,Fusion,"Handbags, Gift sets",Tote bag,Cushion covers,Moderate embroidery,Light mirror work,Bright colors,Weddings,Below 500,2000-4000,500-1500,Strongly yes,Buy 2 Get 1,Yes,Reviews,2,Yes,Highly likely
Below 20,Female,Tier 3 / Rural,West Bengal,Salaried Employee,100000-200000,Occasionally,Local exhibitions,Authenticity,Minimal modern,"Gift sets, Jackets / shrugs",Clutch,Cushion covers,Moderate embroidery,Light mirror work,Pastel shades,Office use,1000-2000,1000-2000,Above 3000,Sometimes,Buy 2 Get 1,No,Return policy,3,No,Likely
Below 20,Female,Tier 2,Maharashtra,Business Owner,25000-50000,Rarely,Instagram stores,Utility,Fusion,"Laptop sleeves / utility pouches, Jackets / shrugs",Sling bag,Cushion covers,Minimal embroidery,Light mirror work,Bright colors,Office use,Above 2000,2000-4000,1500-3000,Strongly yes,Buy 2 Get 1,Yes,Reviews,5,No,Highly likely
21-30,Female,Tier 2,Tamil Nadu,Freelancer,100000-200000,Never,Retail stores,Brand,Minimal modern,"Jackets / shrugs, Gift sets",Clutch,Table runners,Heavy embroidery,No mirror work,Pastel shades,Festive use,Above 2000,2000-4000,1500-3000,No,Festival combo pack,Yes,Brand story,2,No,Likely
31-40,Male,Tier 2,Rajasthan,Student,50000-100000,Frequently,Local exhibitions,Brand,Traditional,"Laptop sleeves / utility pouches, Cushion covers",Office handbag,Wall décor textile,Heavy embroidery,Strong mirror work,Earth tones,Weddings,Above 2000,Below 1000,Above 3000,Sometimes,Festival combo pack,No,Brand story,5,No,Unsure
Above 50,Female,Tier 2,Tamil Nadu,Other,Above 200000,Frequently,During travel,Design,Fusion,"Jackets / shrugs, Handbags, Laptop sleeves / utility pouches",Tote bag,Table runners,Minimal embroidery,Light mirror work,Black / neutral,Office use,Below 500,Below 1000,Below 500,Sometimes,Buy 2 Get 1,Yes,Reviews,5,No,Highly likely
41-50,Female,Metro,Tamil Nadu,Business Owner,Above 200000,Never,During travel,Design,Fusion,"Handbags, Jackets / shrugs",Clutch,Cushion covers,Heavy embroidery,Strong mirror work,Pastel shades,Festive use,Below 500,1000-2000,Below 500,Strongly yes,Flat discount,Yes,Product images,1,Yes,Unsure
41-50,Female,Metro,Maharashtra,Salaried Employee,25000-50000,Never,Retail stores,Brand,Depends on product,"Handbags, Gift sets, Jackets / shrugs",Office handbag,Cushion covers,Minimal embroidery,Strong mirror work,Black / neutral,Office use,1000-2000,Below 1000,Above 3000,Strongly yes,Festival combo pack,Yes,Product images,5,No,Highly likely
31-40,Male,Tier 2,Rajasthan,Business Owner,Below 25000,Frequently,Retail stores,Brand,Depends on product,"Cushion covers, Handbags",Clutch,Wall décor textile,Minimal embroidery,No mirror work,Pastel shades,Office use,Below 500,1000-2000,500-1500,Sometimes,Buy 2 Get 1,Depends on reviews,Product images,4,Yes,Highly likely
Below 20,Male,Tier 2,Maharashtra,Business Owner,Below 25000,Never,Retail stores,Price,Traditional,Laptop sleeves / utility pouches,Sling bag,Table runners,Heavy embroidery,No mirror work,Black / neutral,Festive use,500-1000,Below 1000,Below 500,No,Free shipping,No,Brand story,2,Yes,Likely
21-30,Female,Metro,Rajasthan,Business Owner,100000-200000,Occasionally,Online marketplaces,Design,Fusion,"Gift sets, Cushion covers",Tote bag,Decorative organizers,Heavy embroidery,No mirror work,Pastel shades,Daily use,Above 2000,Below 1000,1500-3000,Sometimes,Flat discount,Yes,Return policy,5,No,Unsure
41-50,Female,Tier 3 / Rural,West Bengal,Other,50000-100000,Frequently,Retail stores,Brand,Traditional,"Gift sets, Jackets / shrugs",Office handbag,Wall décor textile,Moderate embroidery,No mirror work,Earth tones,Gifting,1000-2000,Above 4000,Above 3000,Strongly yes,Buy 2 Get 1,Depends on reviews,Reviews,5,Yes,Likely
31-40,Female,Tier 1,Telangana,Homemaker,Below 25000,Never,During travel,Design,Fusion,Cushion covers,Office handbag,Decorative organizers,Minimal embroidery,Light mirror work,Pastel shades,Gifting,Below 500,1000-2000,Below 500,Sometimes,Festival combo pack,Depends on reviews,Brand story,2,Yes,Unsure
Below 20,Female,Tier 1,Maharashtra,Salaried Employee,25000-50000,Occasionally,Retail stores,Price,Fusion,"Laptop sleeves / utility pouches, Jackets / shrugs",Office handbag,Wall décor textile,Minimal embroidery,No mirror work,Earth tones,Gifting,Below 500,1000-2000,Above 3000,No,Flat discount,No,Product images,3,No,Unsure
Above 50,Female,Tier 2,Gujarat,Salaried Employee,100000-200000,Never,Online marketplaces,Brand,Depends on product,Jackets / shrugs,Office handbag,Cushion covers,Moderate embroidery,No mirror work,Black / neutral,Weddings,Above 2000,1000-2000,Above 3000,Sometimes,Buy 2 Get 1,No,Brand story,4,No,Unsure
31-40,Female,Metro,Tamil Nadu,Other,25000-50000,Occasionally,During travel,Utility,Depends on product,"Jackets / shrugs, Handbags, Cushion covers",Tote bag,Wall décor textile,Heavy embroidery,Light mirror work,Earth tones,Weddings,Below 500,2000-4000,Above 3000,No,Festival combo pack,Depends on reviews,Reviews,4,No,Unlikely
Below 20,Male,Tier 3 / Rural,Rajasthan,Business Owner,100000-200000,Rarely,Online marketplaces,Design,Depends on product,Jackets / shrugs,Sling bag,Wall décor textile,Heavy embroidery,No mirror work,Bright colors,Office use,500-1000,Below 1000,1500-3000,Strongly yes,Festival combo pack,Yes,Brand story,2,Yes,Unsure
31-40,Female,Tier 3 / Rural,Gujarat,Homemaker,Below 25000,Frequently,Instagram stores,Brand,Depends on product,"Jackets / shrugs, Handbags",Clutch,Table runners,Minimal embroidery,Strong mirror work,Black / neutral,Daily use,Above 2000,1000-2000,Below 500,Sometimes,Buy 2 Get 1,Yes,Brand story,4,No,Likely
Above 50,Female,Tier 3 / Rural,Maharashtra,Other,100000-200000,Rarely,Local exhibitions,Utility,Fusion,"Jackets / shrugs, Gift sets",Office handbag,Cushion covers,Heavy embroidery,No mirror work,Black / neutral,Festive use,500-1000,2000-4000,Below 500,Strongly yes,Free shipping,No,Reviews,3,Yes,Highly likely
21-30,Male,Tier 2,Tamil Nadu,Freelancer,25000-50000,Occasionally,Retail stores,Price,Traditional,"Laptop sleeves / utility pouches, Jackets / shrugs",Clutch,Table runners,Heavy embroidery,Strong mirror work,Earth tones,Gifting,Below 500,Below 1000,Above 3000,Strongly yes,Flat discount,Yes,Reviews,2,Yes,Likely
21-30,Female,Tier 1,Telangana,Student,Below 25000,Never,During travel,Brand,Fusion,"Laptop sleeves / utility pouches, Cushion covers",Tote bag,Cushion covers,Moderate embroidery,Light mirror work,Pastel shades,Festive use,Below 500,1000-2000,Below 500,Strongly yes,Buy 2 Get 1,No,Product images,1,No,Highly likely
31-40,Male,Tier 1,Tamil Nadu,Other,100000-200000,Rarely,Instagram stores,Authenticity,Depends on product,"Cushion covers, Gift sets, Jackets / shrugs",Office handbag,Table runners,Minimal embroidery,Light mirror work,Black / neutral,Office use,1000-2000,1000-2000,Above 3000,Sometimes,Festival combo pack,Yes,Reviews,2,No,Unlikely
21-30,Female,Tier 1,Delhi,Homemaker,Below 25000,Occasionally,Retail stores,Authenticity,Fusion,"Cushion covers, Gift sets, Handbags",Sling bag,Wall décor textile,Minimal embroidery,Strong mirror work,Earth tones,Gifting,Above 2000,Above 4000,500-1500,Strongly yes,Free shipping,Yes,Reviews,1,Yes,Highly likely
21-30,Female,Tier 3 / Rural,West Bengal,Homemaker,25000-50000,Rarely,Local exhibitions,Brand,Minimal modern,"Laptop sleeves / utility pouches, Handbags, Gift sets",Office handbag,Cushion covers,Minimal embroidery,Strong mirror work,Black / neutral,Weddings,Above 2000,2000-4000,Below 500,Sometimes,Buy 2 Get 1,No,Return policy,3,No,Likely
31-40,Female,Tier 3 / Rural,Karnataka,Freelancer,Above 200000,Frequently,During travel,Design,Depends on product,"Gift sets, Handbags",Office handbag,Wall décor textile,Heavy embroidery,Strong mirror work,Earth tones,Daily use,Above 2000,Below 1000,Above 3000,Sometimes,Buy 2 Get 1,No,Return policy,5,Yes,Highly likely
Above 50,Female,Tier 1,Maharashtra,Other,50000-100000,Never,Retail stores,Price,Minimal modern,"Cushion covers, Jackets / shrugs",Office handbag,Table runners,Moderate embroidery,No mirror work,Black / neutral,Weddings,500-1000,1000-2000,Above 3000,Strongly yes,Free shipping,No,Return policy,1,Yes,Unsure
21-30,Female,Tier 2,Maharashtra,Salaried Employee,50000-100000,Frequently,Online marketplaces,Brand,Depends on product,"Laptop sleeves / utility pouches, Cushion covers, Handbags",Tote bag,Decorative organizers,Moderate embroidery,Light mirror work,Earth tones,Weddings,1000-2000,2000-4000,500-1500,Strongly yes,Free shipping,Yes,Product images,3,No,Unlikely
Above 50,Female,Metro,Gujarat,Other,100000-200000,Occasionally,Retail stores,Utility,Traditional,"Cushion covers, Laptop sleeves / utility pouches, Gift sets",Sling bag,Wall décor textile,Heavy embroidery,Light mirror work,Earth tones,Gifting,1000-2000,2000-4000,1500-3000,Sometimes,Free shipping,No,Return policy,4,Yes,Unsure
31-40,Female,Tier 2,West Bengal,Business Owner,100000-200000,Frequently,Online marketplaces,Design,Fusion,"Laptop sleeves / utility pouches, Gift sets, Cushion covers",Clutch,Table runners,Minimal embroidery,Strong mirror work,Black / neutral,Weddings,Below 500,2000-4000,500-1500,No,Flat discount,Depends on reviews,Product images,1,No,Unlikely
41-50,Female,Tier 1,Gujarat,Freelancer,100000-200000,Never,Online marketplaces,Price,Depends on product,Jackets / shrugs,Tote bag,Wall décor textile,Heavy embroidery,No mirror work,Pastel shades,Daily use,Above 2000,2000-4000,Above 3000,Sometimes,Flat discount,Yes,Return policy,1,No,Likely
Above 50,Male,Tier 3 / Rural,West Bengal,Homemaker,50000-100000,Rarely,Instagram stores,Brand,Minimal modern,Cushion covers,Office handbag,Cushion covers,Heavy embroidery,Strong mirror work,Bright colors,Office use,Below 500,Above 4000,1500-3000,Strongly yes,Buy 2 Get 1,Yes,Product images,5,Yes,Unsure
41-50,Male,Tier 1,Telangana,Student,50000-100000,Occasionally,Retail stores,Brand,Fusion,Laptop sleeves / utility pouches,Clutch,Decorative organizers,Minimal embroidery,No mirror work,Black / neutral,Weddings,Above 2000,1000-2000,Above 3000,Strongly yes,Festival combo pack,No,Product images,2,No,Unlikely
Below 20,Female,Tier 2,West Bengal,Other,Below 25000,Occasionally,Online marketplaces,Brand,Depends on product,"Handbags, Gift sets",Sling bag,Cushion covers,Heavy embroidery,Strong mirror work,Bright colors,Daily use,1000-2000,Above 4000,500-1500,No,Free shipping,Yes,Product images,1,Yes,Unsure
Below 20,Female,Tier 1,Rajasthan,Business Owner,100000-200000,Never,Online marketplaces,Design,Minimal modern,Laptop sleeves / utility pouches,Clutch,Table runners,Moderate embroidery,Strong mirror work,Bright colors,Office use,Below 500,Below 1000,Below 500,Strongly yes,Festival combo pack,Depends on reviews,Brand story,1,Yes,Unsure
31-40,Female,Tier 2,Gujarat,Other,Above 200000,Frequently,Retail stores,Authenticity,Depends on product,Jackets / shrugs,Tote bag,Cushion covers,Moderate embroidery,No mirror work,Black / neutral,Festive use,Below 500,Above 4000,Below 500,No,Buy 2 Get 1,Depends on reviews,Return policy,5,Yes,Highly likely
41-50,Male,Tier 1,Tamil Nadu,Other,Below 25000,Rarely,Retail stores,Design,Traditional,"Cushion covers, Jackets / shrugs, Handbags",Office handbag,Table runners,Minimal embroidery,No mirror work,Bright colors,Festive use,1000-2000,Below 1000,Below 500,Sometimes,Buy 2 Get 1,Depends on reviews,Brand story,5,No,Likely
31-40,Male,Metro,Telangana,Homemaker,50000-100000,Never,Local exhibitions,Brand,Fusion,Handbags,Sling bag,Cushion covers,Heavy embroidery,Light mirror work,Black / neutral,Gifting,1000-2000,Below 1000,1500-3000,Strongly yes,Festival combo pack,No,Reviews,5,No,Likely
Below 20,Male,Metro,West Bengal,Homemaker,Above 200000,Occasionally,Local exhibitions,Design,Depends on product,"Cushion covers, Laptop sleeves / utility pouches, Handbags",Sling bag,Table runners,Moderate embroidery,Light mirror work,Black / neutral,Gifting,1000-2000,Above 4000,Above 3000,No,Flat discount,Depends on reviews,Brand story,3,No,Highly likely
31-40,Male,Tier 3 / Rural,Tamil Nadu,Student,25000-50000,Never,Retail stores,Brand,Minimal modern,Laptop sleeves / utility pouches,Clutch,Cushion covers,Moderate embroidery,Light mirror work,Black / neutral,Gifting,1000-2000,2000-4000,1500-3000,No,Buy 2 Get 1,Depends on reviews,Reviews,1,No,Unlikely
21-30,Male,Tier 3 / Rural,Tamil Nadu,Other,Below 25000,Rarely,Retail stores,Price,Traditional,"Laptop sleeves / utility pouches, Handbags",Clutch,Cushion covers,Moderate embroidery,No mirror work,Pastel shades,Gifting,Above 2000,2000-4000,500-1500,No,Buy 2 Get 1,No,Brand story,5,Yes,Unsure
21-30,Male,Metro,Gujarat,Salaried Employee,100000-200000,Frequently,Local exhibitions,Utility,Fusion,Cushion covers,Clutch,Table runners,Heavy embroidery,Strong mirror work,Black / neutral,Weddings,Below 500,Below 1000,Below 500,Strongly yes,Flat discount,No,Reviews,5,Yes,Unsure
31-40,Female,Tier 3 / Rural,Gujarat,Business Owner,25000-50000,Frequently,During travel,Utility,Traditional,"Gift sets, Cushion covers, Handbags",Clutch,Decorative organizers,Heavy embroidery,No mirror work,Bright colors,Festive use,1000-2000,Above 4000,1500-3000,Strongly yes,Flat discount,Depends on reviews,Product images,2,No,Highly likely
21-30,Female,Tier 2,Gujarat,Homemaker,Above 200000,Frequently,During travel,Utility,Fusion,"Gift sets, Laptop sleeves / utility pouches, Cushion covers",Sling bag,Cushion covers,Minimal embroidery,Light mirror work,Bright colors,Gifting,1000-2000,Above 4000,Below 500,Strongly yes,Free shipping,Yes,Return policy,2,No,Very unlikely
31-40,Female,Tier 3 / Rural,Tamil Nadu,Homemaker,100000-200000,Never,Instagram stores,Utility,Fusion,"Laptop sleeves / utility pouches, Gift sets, Jackets / shrugs",Clutch,Wall décor textile,Heavy embroidery,No mirror work,Pastel shades,Daily use,1000-2000,Below 1000,500-1500,No,Buy 2 Get 1,Depends on reviews,Brand story,4,Yes,Very unlikely
Below 20,Female,Metro,Karnataka,Student,Below 25000,Frequently,Local exhibitions,Authenticity,Minimal modern,Laptop sleeves / utility pouches,Clutch,Wall décor textile,Moderate embroidery,Light mirror work,Bright colors,Gifting,1000-2000,1000-2000,500-1500,Sometimes,Free shipping,No,Reviews,4,No,Unsure
31-40,Female,Metro,West Bengal,Business Owner,50000-100000,Occasionally,Instagram stores,Price,Depends on product,"Cushion covers, Gift sets, Laptop sleeves / utility pouches",Tote bag,Wall décor textile,Heavy embroidery,Strong mirror work,Black / neutral,Office use,Above 2000,Above 4000,Below 500,No,Flat discount,Depends on reviews,Return policy,1,No,Highly likely
41-50,Female,Tier 1,Delhi,Business Owner,50000-100000,Occasionally,Retail stores,Brand,Traditional,"Cushion covers, Laptop sleeves / utility pouches",Sling bag,Decorative organizers,Moderate embroidery,Strong mirror work,Earth tones,Festive use,500-1000,Above 4000,Above 3000,Sometimes,Free shipping,No,Return policy,2,Yes,Unlikely
41-50,Male,Tier 2,Rajasthan,Other,50000-100000,Occasionally,During travel,Brand,Minimal modern,Jackets / shrugs,Tote bag,Cushion covers,Minimal embroidery,Strong mirror work,Earth tones,Daily use,Below 500,1000-2000,1500-3000,Strongly yes,Festival combo pack,Depends on reviews,Product images,2,No,Unlikely
41-50,Male,Tier 1,West Bengal,Salaried Employee,100000-200000,Occasionally,Retail stores,Brand,Depends on product,"Cushion covers, Gift sets, Jackets / shrugs",Office handbag,Table runners,Minimal embroidery,No mirror work,Pastel shades,Festive use,500-1000,Above 4000,500-1500,No,Festival combo pack,Yes,Product images,1,Yes,Likely
Below 20,Female,Tier 1,Maharashtra,Other,Below 25000,Rarely,Instagram stores,Price,Fusion,Jackets / shrugs,Clutch,Cushion covers,Heavy embroidery,No mirror work,Earth tones,Daily use,1000-2000,1000-2000,Above 3000,Sometimes,Festival combo pack,Depends on reviews,Reviews,3,Yes,Unsure
41-50,Male,Metro,Maharashtra,Salaried Employee,Above 200000,Frequently,Retail stores,Authenticity,Traditional,"Gift sets, Handbags, Laptop sleeves / utility pouches",Tote bag,Wall décor textile,Heavy embroidery,Strong mirror work,Bright colors,Weddings,1000-2000,Below 1000,Above 3000,No,Flat discount,No,Reviews,5,No,Unlikely
41-50,Prefer not to say,Metro,Gujarat,Other,100000-200000,Never,Online marketplaces,Authenticity,Minimal modern,"Gift sets, Cushion covers",Clutch,Cushion covers,Heavy embroidery,Light mirror work,Bright colors,Office use,Above 2000,2000-4000,500-1500,Strongly yes,Flat discount,No,Brand story,1,No,Unlikely
Above 50,Female,Metro,Rajasthan,Homemaker,25000-50000,Rarely,Retail stores,Utility,Depends on product,Handbags,Tote bag,Decorative organizers,Heavy embroidery,No mirror work,Earth tones,Office use,Below 500,Below 1000,500-1500,Sometimes,Buy 2 Get 1,Yes,Product images,5,No,Highly likely
Above 50,Male,Tier 1,West Bengal,Student,100000-200000,Occasionally,Instagram stores,Authenticity,Traditional,"Gift sets, Jackets / shrugs, Cushion covers",Office handbag,Cushion covers,Minimal embroidery,Strong mirror work,Black / neutral,Festive use,Above 2000,1000-2000,500-1500,Strongly yes,Free shipping,Depends on reviews,Product images,1,No,Likely
41-50,Female,Metro,Maharashtra,Business Owner,Below 25000,Occasionally,During travel,Brand,Traditional,Laptop sleeves / utility pouches,Office handbag,Decorative organizers,Minimal embroidery,Strong mirror work,Black / neutral,Office use,1000-2000,Above 4000,1500-3000,No,Flat discount,Depends on reviews,Product images,1,Yes,Unlikely
Above 50,Female,Tier 3 / Rural,Rajasthan,Business Owner,Above 200000,Frequently,During travel,Design,Fusion,Handbags,Sling bag,Decorative organizers,Heavy embroidery,No mirror work,Bright colors,Weddings,500-1000,2000-4000,1500-3000,Sometimes,Flat discount,Yes,Brand story,2,No,Likely
Below 20,Male,Tier 1,Delhi,Freelancer,50000-100000,Rarely,During travel,Brand,Depends on product,"Cushion covers, Handbags, Gift sets",Tote bag,Wall décor textile,Moderate embroidery,Light mirror work,Black / neutral,Daily use,1000-2000,2000-4000,Below 500,Sometimes,Buy 2 Get 1,No,Reviews,2,Yes,Unsure
Below 20,Female,Tier 1,Karnataka,Salaried Employee,50000-100000,Occasionally,During travel,Design,Traditional,"Handbags, Jackets / shrugs",Sling bag,Table runners,Moderate embroidery,Light mirror work,Pastel shades,Office use,1000-2000,1000-2000,1500-3000,Sometimes,Buy 2 Get 1,Yes,Product images,4,Yes,Highly likely
Below 20,Female,Tier 2,Gujarat,Salaried Employee,50000-100000,Rarely,Retail stores,Utility,Fusion,Handbags,Sling bag,Cushion covers,Minimal embroidery,Strong mirror work,Bright colors,Festive use,1000-2000,2000-4000,1500-3000,Sometimes,Buy 2 Get 1,No,Return policy,4,No,Unsure
31-40,Female,Metro,Delhi,Business Owner,Above 200000,Never,Instagram stores,Design,Minimal modern,Handbags,Office handbag,Wall décor textile,Moderate embroidery,Strong mirror work,Earth tones,Daily use,1000-2000,Above 4000,Above 3000,Sometimes,Buy 2 Get 1,Yes,Return policy,4,Yes,Unsure
41-50,Female,Tier 3 / Rural,Tamil Nadu,Salaried Employee,50000-100000,Frequently,Instagram stores,Utility,Depends on product,"Laptop sleeves / utility pouches, Gift sets",Tote bag,Cushion covers,Minimal embroidery,Strong mirror work,Bright colors,Festive use,Above 2000,Below 1000,500-1500,No,Festival combo pack,No,Brand story,1,No,Unsure
Below 20,Male,Tier 3 / Rural,Gujarat,Other,50000-100000,Rarely,Online marketplaces,Authenticity,Fusion,"Jackets / shrugs, Laptop sleeves / utility pouches",Tote bag,Decorative organizers,Heavy embroidery,No mirror work,Pastel shades,Weddings,Below 500,1000-2000,Below 500,Sometimes,Buy 2 Get 1,Yes,Product images,4,Yes,Likely
31-40,Male,Metro,Maharashtra,Student,Below 25000,Occasionally,Instagram stores,Brand,Traditional,Gift sets,Clutch,Cushion covers,Minimal embroidery,Light mirror work,Earth tones,Gifting,Below 500,Above 4000,1500-3000,No,Festival combo pack,Depends on reviews,Return policy,5,Yes,Unlikely
21-30,Male,Tier 1,Tamil Nadu,Freelancer,Above 200000,Never,Online marketplaces,Authenticity,Depends on product,"Gift sets, Jackets / shrugs, Handbags",Office handbag,Table runners,Minimal embroidery,No mirror work,Bright colors,Daily use,1000-2000,2000-4000,Above 3000,No,Free shipping,Depends on reviews,Reviews,4,No,Unlikely
21-30,Male,Tier 1,Karnataka,Student,Above 200000,Never,Retail stores,Brand,Traditional,"Laptop sleeves / utility pouches, Jackets / shrugs, Handbags",Tote bag,Cushion covers,Moderate embroidery,Light mirror work,Bright colors,Daily use,500-1000,Above 4000,1500-3000,No,Buy 2 Get 1,Yes,Reviews,4,Yes,Very unlikely
41-50,Male,Tier 1,Delhi,Homemaker,Below 25000,Frequently,During travel,Design,Fusion,"Cushion covers, Laptop sleeves / utility pouches",Sling bag,Cushion covers,Moderate embroidery,No mirror work,Earth tones,Weddings,1000-2000,Above 4000,Above 3000,Sometimes,Flat discount,No,Reviews,1,No,Highly likely
21-30,Male,Tier 2,Maharashtra,Other,Below 25000,Frequently,Local exhibitions,Design,Fusion,Cushion covers,Clutch,Cushion covers,Heavy embroidery,Light mirror work,Bright colors,Daily use,1000-2000,Below 1000,1500-3000,Strongly yes,Flat discount,Depends on reviews,Product images,2,No,Highly likely
31-40,Male,Tier 2,Telangana,Salaried Employee,Above 200000,Occasionally,Online marketplaces,Price,Fusion,"Cushion covers, Jackets / shrugs, Laptop sleeves / utility pouches",Sling bag,Table runners,Heavy embroidery,No mirror work,Bright colors,Daily use,Above 2000,Above 4000,1500-3000,Strongly yes,Festival combo pack,Yes,Reviews,3,No,Likely
41-50,Female,Tier 2,Delhi,Homemaker,50000-100000,Never,Instagram stores,Price,Fusion,"Cushion covers, Handbags",Clutch,Table runners,Heavy embroidery,Strong mirror work,Bright colors,Gifting,Below 500,Below 1000,Below 500,No,Free shipping,No,Product images,5,No,Unlikely
31-40,Male,Tier 3 / Rural,Delhi,Business Owner,25000-50000,Frequently,Retail stores,Utility,Depends on product,"Jackets / shrugs, Handbags, Gift sets",Tote bag,Cushion covers,Minimal embroidery,Light mirror work,Black / neutral,Gifting,500-1000,Above 4000,1500-3000,No,Festival combo pack,No,Product images,4,Yes,Unsure
Above 50,Female,Tier 2,Tamil Nadu,Student,Below 25000,Frequently,Online marketplaces,Utility,Fusion,Laptop sleeves / utility pouches,Office handbag,Cushion covers,Minimal embroidery,Light mirror work,Bright colors,Gifting,500-1000,1000-2000,1500-3000,No,Free shipping,Yes,Reviews,4,No,Unsure
31-40,Male,Metro,Rajasthan,Homemaker,Above 200000,Never,Instagram stores,Design,Traditional,Jackets / shrugs,Tote bag,Table runners,Moderate embroidery,Light mirror work,Bright colors,Weddings,500-1000,Below 1000,Below 500,Sometimes,Buy 2 Get 1,Yes,Reviews,3,Yes,Unsure
31-40,Male,Tier 1,Karnataka,Business Owner,25000-50000,Never,Instagram stores,Design,Minimal modern,"Laptop sleeves / utility pouches, Cushion covers, Gift sets",Office handbag,Wall décor textile,Heavy embroidery,Light mirror work,Black / neutral,Weddings,1000-2000,Above 4000,1500-3000,No,Buy 2 Get 1,No,Reviews,2,No,Very unlikely
31-40,Male,Metro,Rajasthan,Other,Below 25000,Rarely,Retail stores,Authenticity,Depends on product,"Cushion covers, Jackets / shrugs",Sling bag,Cushion covers,Moderate embroidery,Strong mirror work,Earth tones,Gifting,500-1000,2000-4000,Above 3000,Strongly yes,Festival combo pack,No,Product images,2,No,Unlikely
41-50,Male,Metro,Tamil Nadu,Student,Below 25000,Never,Local exhibitions,Price,Fusion,Handbags,Office handbag,Table runners,Moderate embroidery,Strong mirror work,Pastel shades,Festive use,1000-2000,1000-2000,500-1500,No,Free shipping,Depends on reviews,Reviews,1,No,Very unlikely
41-50,Female,Metro,Delhi,Salaried Employee,50000-100000,Never,Retail stores,Price,Minimal modern,Gift sets,Tote bag,Decorative organizers,Minimal embroidery,Strong mirror work,Bright colors,Weddings,1000-2000,Above 4000,1500-3000,Strongly yes,Flat discount,No,Reviews,3,No,Very unlikely
31-40,Female,Tier 2,West Bengal,Salaried Employee,Below 25000,Rarely,Instagram stores,Design,Fusion,"Cushion covers, Handbags",Tote bag,Decorative organizers,Moderate embroidery,No mirror work,Pastel shades,Daily use,1000-2000,Above 4000,1500-3000,Sometimes,Free shipping,Depends on reviews,Return policy,2,Yes,Unlikely
31-40,Female,Metro,Tamil Nadu,Homemaker,Below 25000,Occasionally,During travel,Price,Fusion,"Jackets / shrugs, Laptop sleeves / utility pouches, Handbags",Clutch,Wall décor textile,Moderate embroidery,Light mirror work,Black / neutral,Weddings,500-1000,Above 4000,1500-3000,Strongly yes,Festival combo pack,No,Return policy,3,No,Highly likely
41-50,Male,Tier 2,Gujarat,Business Owner,100000-200000,Never,Online marketplaces,Authenticity,Fusion,"Jackets / shrugs, Gift sets",Sling bag,Cushion covers,Heavy embroidery,Strong mirror work,Bright colors,Festive use,Above 2000,Below 1000,500-1500,No,Festival combo pack,Yes,Brand story,4,Yes,Likely
Above 50,Female,Tier 3 / Rural,Tamil Nadu,Business Owner,25000-50000,Rarely,Online marketplaces,Brand,Traditional,"Gift sets, Jackets / shrugs, Handbags",Clutch,Table runners,Minimal embroidery,Strong mirror work,Black / neutral,Festive use,Below 500,1000-2000,500-1500,No,Free shipping,Yes,Reviews,5,Yes,Unsure
31-40,Male,Tier 2,West Bengal,Student,Above 200000,Occasionally,Online marketplaces,Utility,Minimal modern,"Laptop sleeves / utility pouches, Gift sets, Cushion covers",Tote bag,Wall décor textile,Heavy embroidery,No mirror work,Bright colors,Weddings,1000-2000,Above 4000,1500-3000,Strongly yes,Flat discount,Depends on reviews,Product images,5,No,Unsure
41-50,Female,Tier 1,West Bengal,Student,Below 25000,Occasionally,Local exhibitions,Design,Minimal modern,"Handbags, Laptop sleeves / utility pouches",Clutch,Decorative organizers,Moderate embroidery,Strong mirror work,,Weddings,1000-2000,1000-2000,1500-3000,No,Festival combo pack,No,Brand story,3,No,Likely
41-50,Female,Tier 2,Gujarat,Student,Below 25000,Occasionally,Online marketplaces,Authenticity,Minimal modern,"Jackets / shrugs, Gift sets",Sling bag,Wall décor textile,Heavy embroidery,Light mirror work,Bright colors,Festive use,Below 500,Above 4000,1500-3000,Strongly yes,Free shipping,Yes,Reviews,5,Yes,Unsure
21-30,Female,Metro,Gujarat,Salaried Employee,Below 25000,Rarely,Instagram stores,Price,Minimal modern,Jackets / shrugs,Clutch,Cushion covers,Minimal embroidery,Strong mirror work,Earth tones,Office use,Below 500,2000-4000,Above 3000,Sometimes,Free shipping,Yes,Return policy,4,Yes,Unsure
Below 20,Female,Tier 1,Rajasthan,Student,50000-100000,Never,Local exhibitions,Price,Minimal modern,"Handbags, Cushion covers",Tote bag,Cushion covers,Minimal embroidery,No mirror work,Earth tones,Office use,500-1000,1000-2000,Below 500,Sometimes,Festival combo pack,No,Product images,4,Yes,Unsure
41-50,Male,Tier 3 / Rural,Karnataka,Student,Above 200000,Occasionally,Instagram stores,Brand,Traditional,"Cushion covers, Jackets / shrugs",Sling bag,Cushion covers,Minimal embroidery,No mirror work,Earth tones,Gifting,1000-2000,1000-2000,Above 3000,No,Free shipping,Depends on reviews,Return policy,3,No,Highly likely
31-40,Male,Tier 3 / Rural,Karnataka,Student,100000-200000,Rarely,Retail stores,Design,Traditional,"Jackets / shrugs, Cushion covers, Gift sets",Sling bag,Cushion covers,Heavy embroidery,Light mirror work,Earth tones,Festive use,Above 2000,Below 1000,1500-3000,Strongly yes,Festival combo pack,Yes,Brand story,4,Yes,Unsure
Above 50,Female,Tier 3 / Rural,Telangana,Business Owner,Above 200000,Never,Instagram stores,Utility,Fusion,Handbags,Office handbag,Table runners,Heavy embroidery,Strong mirror work,Earth tones,Gifting,Below 500,Above 4000,Below 500,No,Buy 2 Get 1,No,Return policy,4,No,Unsure
Below 20,Male,Tier 1,Tamil Nadu,Business Owner,25000-50000,Rarely,Instagram stores,Price,Depends on product,"Gift sets, Cushion covers",Clutch,Table runners,Heavy embroidery,Strong mirror work,Pastel shades,Office use,Above 2000,Above 4000,Below 500,Sometimes,Buy 2 Get 1,Yes,Brand story,4,Yes,Likely
Above 50,Male,Tier 3 / Rural,Rajasthan,Other,100000-200000,Occasionally,During travel,Utility,Depends on product,Cushion covers,Clutch,Table runners,Moderate embroidery,Strong mirror work,Bright colors,Gifting,1000-2000,Below 1000,Above 3000,Sometimes,Buy 2 Get 1,No,Reviews,3,No,Unsure
Above 50,Female,Metro,West Bengal,Salaried Employee,25000-50000,Never,Local exhibitions,Price,Fusion,Cushion covers,Clutch,Wall décor textile,Heavy embroidery,Light mirror work,Earth tones,Office use,1000-2000,2000-4000,1500-3000,No,Free shipping,Yes,Reviews,1,Yes,Highly likely
31-40,Male,Tier 1,Delhi,Other,100000-200000,Never,During travel,Authenticity,Fusion,"Gift sets, Laptop sleeves / utility pouches",Office handbag,Wall décor textile,Moderate embroidery,No mirror work,Earth tones,Office use,Below 500,Below 1000,500-1500,No,Flat discount,Yes,Reviews,3,Yes,Unlikely
Above 50,Female,Tier 3 / Rural,Rajasthan,Business Owner,50000-100000,Occasionally,Instagram stores,Utility,Traditional,"Cushion covers, Laptop sleeves / utility pouches, Gift sets",Office handbag,Table runners,Moderate embroidery,Strong mirror work,Pastel shades,Weddings,500-1000,Below 1000,500-1500,No,Free shipping,Depends on reviews,Reviews,2,Yes,Unlikely
21-30,Female,Tier 2,Gujarat,Homemaker,Above 200000,Rarely,Online marketplaces,Authenticity,Minimal modern,Gift sets,Clutch,Cushion covers,Minimal embroidery,Strong mirror work,Earth tones,Weddings,500-1000,1000-2000,500-1500,No,Flat discount,Yes,Return policy,2,No,Unlikely
Below 20,Male,Tier 2,Telangana,Homemaker,100000-200000,Occasionally,Local exhibitions,Utility,Depends on product,"Jackets / shrugs, Laptop sleeves / utility pouches",Tote bag,Table runners,Moderate embroidery,Light mirror work,Pastel shades,Gifting,Above 2000,Above 4000,Above 3000,No,Buy 2 Get 1,Yes,Product images,2,No,Very unlikely
41-50,Male,Tier 3 / Rural,West Bengal,Other,50000-100000,Rarely,During travel,Authenticity,Minimal modern,"Cushion covers, Handbags, Laptop sleeves / utility pouches",Clutch,Wall décor textile,Heavy embroidery,Light mirror work,Bright colors,Daily use,Above 2000,2000-4000,1500-3000,Strongly yes,Buy 2 Get 1,No,Product images,4,Yes,Unsure
41-50,Male,Tier 3 / Rural,Maharashtra,Other,Above 200000,Rarely,Local exhibitions,Design,Fusion,"Jackets / shrugs, Handbags, Gift sets",Office handbag,Table runners,Moderate embroidery,Light mirror work,Black / neutral,Weddings,1000-2000,Below 1000,Above 3000,No,Flat discount,No,Reviews,4,No,Likely
31-40,Female,Tier 3 / Rural,Gujarat,Other,100000-200000,Occasionally,Retail stores,Price,Depends on product,Jackets / shrugs,Sling bag,Decorative organizers,Minimal embroidery,Light mirror work,Black / neutral,Festive use,1000-2000,2000-4000,1500-3000,Sometimes,Free shipping,No,Reviews,2,No,Unsure
31-40,Female,Tier 3 / Rural,West Bengal,Student,Below 25000,Rarely,Instagram stores,Price,Minimal modern,"Jackets / shrugs, Handbags",Sling bag,Cushion covers,Heavy embroidery,Light mirror work,Earth tones,Weddings,Above 2000,Below 1000,1500-3000,Sometimes,Festival combo pack,Depends on reviews,Brand story,5,Yes,Unsure
41-50,Female,Metro,Maharashtra,Freelancer,Below 25000,Rarely,Retail stores,Utility,Fusion,"Cushion covers, Gift sets, Handbags",Office handbag,Table runners,Minimal embroidery,No mirror work,Black / neutral,Gifting,Below 500,Above 4000,500-1500,Strongly yes,Flat discount,Yes,Reviews,5,No,Likely
Below 20,Female,Tier 1,Telangana,Other,100000-200000,Never,Online marketplaces,Brand,Depends on product,"Jackets / shrugs, Gift sets, Cushion covers",Office handbag,Wall décor textile,Heavy embroidery,Light mirror work,Pastel shades,Office use,500-1000,Above 4000,1500-3000,Sometimes,Flat discount,No,Return policy,3,No,Unsure
31-40,Female,Tier 2,Telangana,Freelancer,Above 200000,Occasionally,Retail stores,Price,Minimal modern,Laptop sleeves / utility pouches,Sling bag,Decorative organizers,Heavy embroidery,Strong mirror work,Earth tones,Festive use,500-1000,Below 1000,Above 3000,Strongly yes,Flat discount,No,Product images,1,Yes,Unsure
Below 20,Female,Tier 3 / Rural,Maharashtra,Business Owner,Above 200000,Rarely,Local exhibitions,Design,Minimal modern,"Cushion covers, Laptop sleeves / utility pouches, Handbags",Office handbag,Cushion covers,Heavy embroidery,No mirror work,Pastel shades,Festive use,1000-2000,Below 1000,500-1500,No,Flat discount,No,Reviews,2,Yes,Unlikely
Above 50,Female,Metro,Rajasthan,Business Owner,100000-200000,Rarely,Online marketplaces,Utility,Fusion,"Laptop sleeves / utility pouches, Handbags, Cushion covers",Tote bag,Decorative organizers,Heavy embroidery,Light mirror work,Earth tones,Daily use,Above 2000,2000-4000,1500-3000,Sometimes,Free shipping,Yes,Product images,4,Yes,Unsure
Below 20,Male,Tier 3 / Rural,Delhi,Other,100000-200000,Frequently,Local exhibitions,Design,Fusion,"Cushion covers, Handbags, Laptop sleeves / utility pouches",Tote bag,Cushion covers,Moderate embroidery,Strong mirror work,Bright colors,Office use,Above 2000,2000-4000,Above 3000,Sometimes,Buy 2 Get 1,No,Return policy,5,Yes,Unsure
Below 20,Female,Tier 2,Delhi,Student,Above 200000,Rarely,Instagram stores,Authenticity,Minimal modern,"Gift sets, Laptop sleeves / utility pouches, Jackets / shrugs",Sling bag,Decorative organizers,Moderate embroidery,Light mirror work,Earth tones,Office use,1000-2000,Above 4000,Above 3000,Sometimes,Buy 2 Get 1,Yes,Brand story,4,No,Unsure
21-30,Male,Metro,Tamil Nadu,Homemaker,50000-100000,Occasionally,Retail stores,Authenticity,Fusion,"Gift sets, Jackets / shrugs, Cushion covers",Office handbag,Decorative organizers,Heavy embroidery,No mirror work,Black / neutral,Festive use,Above 2000,1000-2000,Above 3000,No,Flat discount,Depends on reviews,Product images,4,Yes,Likely
Above 50,Female,Tier 1,Delhi,Salaried Employee,25000-50000,Frequently,Instagram stores,Utility,Depends on product,"Cushion covers, Laptop sleeves / utility pouches",Sling bag,Wall décor textile,Heavy embroidery,No mirror work,Earth tones,Weddings,Below 500,Below 1000,Above 3000,Sometimes,Festival combo pack,No,Brand story,2,No,Unlikely
41-50,Female,Tier 2,Rajasthan,Student,Below 25000,Occasionally,Local exhibitions,Design,Traditional,Jackets / shrugs,Sling bag,Cushion covers,Heavy embroidery,Light mirror work,Bright colors,Festive use,500-1000,1000-2000,Above 3000,No,Buy 2 Get 1,Yes,Reviews,1,No,Unsure
Below 20,Female,Tier 3 / Rural,Telangana,Homemaker,50000-100000,Occasionally,During travel,Utility,Minimal modern,"Handbags, Gift sets",Tote bag,Decorative organizers,Heavy embroidery,No mirror work,Earth tones,Office use,Above 2000,Below 1000,500-1500,Strongly yes,Flat discount,Depends on reviews,Reviews,3,Yes,Unsure
Above 50,Female,Tier 3 / Rural,Maharashtra,Student,100000-200000,Rarely,Local exhibitions,Utility,Depends on product,"Laptop sleeves / utility pouches, Gift sets, Jackets / shrugs",Clutch,Decorative organizers,Heavy embroidery,Strong mirror work,Pastel shades,Weddings,500-1000,1000-2000,Below 500,No,Festival combo pack,No,Reviews,2,Yes,Likely
Below 20,Male,Tier 2,West Bengal,Freelancer,Below 25000,Frequently,Online marketplaces,Design,Fusion,"Laptop sleeves / utility pouches, Cushion covers",Sling bag,Wall décor textile,Heavy embroidery,Light mirror work,Earth tones,Daily use,Below 500,1000-2000,500-1500,Strongly yes,Flat discount,No,Reviews,5,No,Likely
Above 50,Female,Metro,Delhi,Freelancer,Below 25000,Rarely,During travel,Authenticity,Depends on product,"Jackets / shrugs, Handbags",Clutch,Cushion covers,Moderate embroidery,Light mirror work,Earth tones,Office use,500-1000,Above 4000,500-1500,Sometimes,Festival combo pack,No,Return policy,4,Yes,Very unlikely
Above 50,Female,Tier 3 / Rural,Telangana,Business Owner,50000-100000,Rarely,Retail stores,Authenticity,Traditional,"Handbags, Cushion covers, Gift sets",Sling bag,Decorative organizers,Heavy embroidery,Strong mirror work,Bright colors,Gifting,500-1000,Below 1000,1500-3000,Strongly yes,Buy 2 Get 1,No,Product images,5,No,Likely
41-50,Female,Tier 3 / Rural,Tamil Nadu,Other,100000-200000,Frequently,Instagram stores,Utility,Depends on product,Handbags,Office handbag,Decorative organizers,Minimal embroidery,No mirror work,Earth tones,Daily use,1000-2000,Below 1000,500-1500,No,Free shipping,Depends on reviews,Brand story,2,Yes,Unlikely
31-40,Female,Tier 1,Maharashtra,Salaried Employee,Above 200000,Frequently,During travel,Utility,Fusion,"Laptop sleeves / utility pouches, Cushion covers, Handbags",Sling bag,Decorative organizers,Moderate embroidery,Strong mirror work,Pastel shades,Weddings,Above 2000,Below 1000,1500-3000,Sometimes,Free shipping,No,Return policy,2,No,Highly likely
21-30,Female,Tier 3 / Rural,Rajasthan,Business Owner,50000-100000,Occasionally,Local exhibitions,Authenticity,Traditional,"Cushion covers, Jackets / shrugs, Gift sets",Tote bag,Decorative organizers,Moderate embroidery,Light mirror work,Earth tones,Daily use,Above 2000,1000-2000,Above 3000,No,Festival combo pack,Yes,Brand story,2,Yes,Very unlikely
41-50,Male,Metro,Maharashtra,Student,50000-100000,Frequently,Online marketplaces,Design,Minimal modern,Handbags,Tote bag,Decorative organizers,Moderate embroidery,Strong mirror work,Black / neutral,Daily use,500-1000,1000-2000,500-1500,Strongly yes,Buy 2 Get 1,No,Return policy,1,Yes,Unlikely
41-50,Female,Tier 1,Delhi,Business Owner,50000-100000,Frequently,During travel,Brand,Minimal modern,"Gift sets, Jackets / shrugs, Cushion covers",Sling bag,Decorative organizers,Heavy embroidery,Light mirror work,Pastel shades,Gifting,1000-2000,Above 4000,Below 500,No,Buy 2 Get 1,Depends on reviews,Reviews,3,No,Very unlikely
Below 20,Male,Tier 2,Telangana,Salaried Employee,100000-200000,Never,During travel,Utility,Minimal modern,"Laptop sleeves / utility pouches, Handbags",Clutch,Wall décor textile,Minimal embroidery,No mirror work,Earth tones,Weddings,Above 2000,Below 1000,500-1500,No,Flat discount,Depends on reviews,Reviews,1,No,Likely
Above 50,Female,Tier 3 / Rural,Tamil Nadu,Other,Above 200000,Rarely,Retail stores,Brand,Fusion,"Laptop sleeves / utility pouches, Gift sets, Handbags",Office handbag,Cushion covers,Heavy embroidery,Strong mirror work,Earth tones,Weddings,1000-2000,1000-2000,Above 3000,No,Flat discount,No,Reviews,5,Yes,Very unlikely
Above 50,Female,Tier 1,Telangana,Homemaker,25000-50000,Occasionally,Instagram stores,Brand,Fusion,"Handbags, Cushion covers",Tote bag,Wall décor textile,Moderate embroidery,Light mirror work,Bright colors,Weddings,500-1000,Above 4000,Above 3000,No,Free shipping,Yes,Brand story,3,Yes,Unlikely
41-50,Male,Metro,Tamil Nadu,Student,100000-200000,Occasionally,Instagram stores,Brand,Depends on product,"Laptop sleeves / utility pouches, Gift sets, Cushion covers",Office handbag,Cushion covers,Moderate embroidery,Strong mirror work,Pastel shades,Daily use,500-1000,2000-4000,1500-3000,No,Buy 2 Get 1,No,Brand story,3,Yes,Unsure
31-40,Prefer not to say,Tier 3 / Rural,Maharashtra,Business Owner,100000-200000,Occasionally,Instagram stores,Design,Depends on product,Handbags,Tote bag,Wall décor textile,Minimal embroidery,Strong mirror work,Black / neutral,Festive use,1000-2000,1000-2000,Above 3000,No,Flat discount,Yes,Brand story,4,No,Likely
41-50,Male,Tier 2,Maharashtra,Salaried Employee,100000-200000,Never,Local exhibitions,Design,Minimal modern,"Cushion covers, Laptop sleeves / utility pouches",Office handbag,Wall décor textile,Moderate embroidery,No mirror work,Bright colors,Festive use,Below 500,Above 4000,500-1500,Sometimes,Buy 2 Get 1,No,Product images,1,No,Likely
41-50,Male,Metro,Gujarat,Student,25000-50000,Rarely,During travel,Brand,Fusion,Gift sets,Tote bag,Decorative organizers,Moderate embroidery,Light mirror work,Bright colors,Festive use,Above 2000,Above 4000,Below 500,Sometimes,Flat discount,No,Product images,1,No,Unlikely
41-50,Male,Tier 2,Tamil Nadu,Homemaker,50000-100000,Occasionally,Online marketplaces,Design,Traditional,"Cushion covers, Jackets / shrugs, Gift sets",Office handbag,Cushion covers,Moderate embroidery,Light mirror work,Pastel shades,Office use,500-1000,Above 4000,500-1500,Sometimes,Free shipping,No,Product images,4,Yes,Likely
Above 50,Male,Metro,Rajasthan,Student,Above 200000,Never,Retail stores,Design,Fusion,"Cushion covers, Handbags, Laptop sleeves / utility pouches",Office handbag,Cushion covers,Minimal embroidery,Light mirror work,Earth tones,Weddings,Above 2000,Below 1000,Below 500,No,Buy 2 Get 1,Yes,Brand story,4,Yes,Unsure
41-50,Male,Metro,Delhi,Homemaker,50000-100000,Occasionally,Local exhibitions,Price,Traditional,"Laptop sleeves / utility pouches, Cushion covers, Gift sets",Sling bag,Table runners,Minimal embroidery,Strong mirror work,Earth tones,Weddings,1000-2000,Below 1000,Below 500,Strongly yes,Buy 2 Get 1,Depends on reviews,Reviews,2,Yes,Very unlikely
31-40,Female,Tier 2,Karnataka,Homemaker,100000-200000,Rarely,Local exhibitions,Authenticity,Traditional,"Handbags, Gift sets",Sling bag,Wall décor textile,Heavy embroidery,No mirror work,Pastel shades,Office use,1000-2000,Below 1000,Below 500,Sometimes,Flat discount,No,Product images,5,No,Likely
31-40,Male,Metro,Delhi,Homemaker,100000-200000,Never,During travel,Utility,Traditional,"Gift sets, Handbags, Cushion covers",Sling bag,Wall décor textile,Heavy embroidery,No mirror work,Bright colors,Office use,Above 2000,Below 1000,500-1500,No,Flat discount,Yes,Return policy,3,Yes,Likely
21-30,Female,Tier 2,Maharashtra,Business Owner,Above 200000,Never,Online marketplaces,Utility,Depends on product,"Cushion covers, Handbags, Gift sets",Clutch,Table runners,Minimal embroidery,Light mirror work,Pastel shades,Gifting,1000-2000,1000-2000,500-1500,No,Festival combo pack,No,Return policy,4,No,Unlikely
41-50,Male,Tier 3 / Rural,Rajasthan,Business Owner,100000-200000,Occasionally,Local exhibitions,Brand,Depends on product,Handbags,Office handbag,Wall décor textile,Minimal embroidery,Strong mirror work,Bright colors,Office use,Above 2000,Above 4000,Below 500,Strongly yes,Flat discount,Yes,Return policy,1,No,Unlikely
31-40,Male,Tier 2,West Bengal,Salaried Employee,50000-100000,Never,Online marketplaces,Brand,Minimal modern,"Cushion covers, Handbags",Sling bag,Cushion covers,Moderate embroidery,Strong mirror work,Earth tones,Daily use,Above 2000,1000-2000,500-1500,No,Buy 2 Get 1,Yes,Brand story,4,Yes,Very unlikely
Below 20,Female,Tier 1,Delhi,Freelancer,100000-200000,Occasionally,Online marketplaces,Design,Minimal modern,"Laptop sleeves / utility pouches, Jackets / shrugs",Sling bag,Table runners,Heavy embroidery,No mirror work,Black / neutral,Office use,500-1000,1000-2000,1500-3000,Strongly yes,Flat discount,Yes,Product images,2,No,Unlikely
31-40,Male,Tier 3 / Rural,Karnataka,Other,25000-50000,Frequently,During travel,Authenticity,Depends on product,Handbags,Clutch,Wall décor textile,Minimal embroidery,Light mirror work,Bright colors,Festive use,Above 2000,Above 4000,Below 500,No,Festival combo pack,Depends on reviews,Brand story,4,Yes,Highly likely
21-30,Female,Metro,Tamil Nadu,Other,50000-100000,Occasionally,Retail stores,Utility,Fusion,"Gift sets, Laptop sleeves / utility pouches",Tote bag,Cushion covers,Minimal embroidery,Light mirror work,Pastel shades,Festive use,Below 500,1000-2000,500-1500,Sometimes,Festival combo pack,Yes,Return policy,5,No,Unsure
Below 20,Female,Tier 3 / Rural,West Bengal,Other,50000-100000,Rarely,Online marketplaces,Brand,Depends on product,"Laptop sleeves / utility pouches, Cushion covers, Jackets / shrugs",Tote bag,Wall décor textile,Moderate embroidery,No mirror work,Bright colors,Weddings,500-1000,1000-2000,1500-3000,No,Festival combo pack,No,Product images,5,No,Unsure
31-40,Female,Tier 2,Tamil Nadu,Business Owner,25000-50000,Never,Online marketplaces,Design,Traditional,"Handbags, Gift sets",Sling bag,Cushion covers,Minimal embroidery,Strong mirror work,Bright colors,Gifting,Above 2000,2000-4000,500-1500,No,Free shipping,Depends on reviews,Brand story,1,Yes,Highly likely
Above 50,Male,Tier 1,Gujarat,Business Owner,25000-50000,Rarely,Instagram stores,Brand,Minimal modern,"Handbags, Laptop sleeves / utility pouches, Cushion covers",Tote bag,Wall décor textile,Minimal embroidery,Light mirror work,Black / neutral,Office use,Below 500,2000-4000,1500-3000,No,Buy 2 Get 1,Depends on reviews,Product images,3,Yes,Highly likely
Above 50,Prefer not to say,Metro,Tamil Nadu,Other,Above 200000,Frequently,Online marketplaces,Design,Traditional,"Jackets / shrugs, Cushion covers",Clutch,Decorative organizers,Moderate embroidery,Strong mirror work,Bright colors,Festive use,Above 2000,Below 1000,Below 500,Sometimes,Buy 2 Get 1,No,Reviews,4,Yes,Highly likely
Above 50,Male,Tier 1,West Bengal,Freelancer,50000-100000,Occasionally,Retail stores,Design,Minimal modern,"Gift sets, Cushion covers, Jackets / shrugs",Clutch,Decorative organizers,Minimal embroidery,Strong mirror work,Black / neutral,Weddings,Above 2000,Below 1000,Above 3000,Sometimes,Flat discount,No,Product images,3,No,Unsure
Above 50,Female,Metro,Tamil Nadu,Other,25000-50000,Rarely,Instagram stores,Design,Fusion,"Laptop sleeves / utility pouches, Handbags, Jackets / shrugs",Office handbag,Wall décor textile,Heavy embroidery,Light mirror work,Earth tones,Daily use,1000-2000,2000-4000,1500-3000,No,Festival combo pack,Yes,Return policy,5,No,Likely
Below 20,Female,Tier 2,West Bengal,Other,50000-100000,Occasionally,Retail stores,Utility,Depends on product,"Gift sets, Cushion covers, Laptop sleeves / utility pouches",Tote bag,Table runners,Heavy embroidery,Strong mirror work,Pastel shades,Gifting,500-1000,2000-4000,1500-3000,Sometimes,Flat discount,No,Brand story,4,No,Highly likely
41-50,Male,Tier 3 / Rural,Gujarat,Other,100000-200000,Rarely,During travel,Design,Depends on product,Jackets / shrugs,Clutch,Wall décor textile,Minimal embroidery,No mirror work,Earth tones,Office use,1000-2000,1000-2000,1500-3000,No,Flat discount,Yes,Reviews,3,Yes,Likely
31-40,Male,Tier 2,Maharashtra,Salaried Employee,100000-200000,Rarely,Local exhibitions,Price,Traditional,Laptop sleeves / utility pouches,Office handbag,Decorative organizers,Heavy embroidery,Strong mirror work,Bright colors,Weddings,Below 500,1000-2000,Below 500,Strongly yes,Free shipping,Yes,Return policy,1,No,Highly likely
31-40,Female,Tier 1,West Bengal,Freelancer,50000-100000,Occasionally,Instagram stores,Authenticity,Minimal modern,Laptop sleeves / utility pouches,Office handbag,Cushion covers,Heavy embroidery,Strong mirror work,Earth tones,Daily use,Above 2000,Below 1000,Below 500,Strongly yes,Free shipping,No,Brand story,2,Yes,Unsure
Above 50,Male,Tier 2,Karnataka,Other,50000-100000,Frequently,Online marketplaces,Design,Minimal modern,Handbags,Sling bag,Cushion covers,Heavy embroidery,Strong mirror work,Pastel shades,Office use,500-1000,1000-2000,Above 3000,Strongly yes,Free shipping,Depends on reviews,Brand story,2,No,Likely
41-50,Female,Tier 3 / Rural,Tamil Nadu,Freelancer,Below 25000,Rarely,Retail stores,Price,Traditional,Jackets / shrugs,Clutch,Wall décor textile,Heavy embroidery,Strong mirror work,Earth tones,Office use,Above 2000,2000-4000,500-1500,No,Buy 2 Get 1,Yes,Reviews,4,No,Unlikely
Above 50,Female,Tier 3 / Rural,Delhi,Other,Below 25000,Occasionally,During travel,Authenticity,Minimal modern,Jackets / shrugs,Office handbag,Cushion covers,Heavy embroidery,Light mirror work,Black / neutral,Daily use,Above 2000,2000-4000,500-1500,Sometimes,Free shipping,Depends on reviews,Brand story,5,Yes,Unsure
21-30,Male,Tier 2,Telangana,Student,25000-50000,Never,Retail stores,Price,Traditional,"Jackets / shrugs, Laptop sleeves / utility pouches",Office handbag,Table runners,Minimal embroidery,Light mirror work,Earth tones,Festive use,1000-2000,1000-2000,1500-3000,Sometimes,Free shipping,Yes,Brand story,3,No,Likely
Below 20,Female,Metro,Tamil Nadu,Business Owner,Below 25000,Rarely,Retail stores,Authenticity,Traditional,Handbags,Office handbag,Decorative organizers,Minimal embroidery,Light mirror work,Bright colors,Office use,Below 500,2000-4000,1500-3000,Sometimes,Buy 2 Get 1,Yes,Return policy,2,Yes,Very unlikely
Below 20,Female,Tier 1,Rajasthan,Business Owner,25000-50000,Rarely,Local exhibitions,Design,Depends on product,"Gift sets, Laptop sleeves / utility pouches, Handbags",Clutch,Table runners,Heavy embroidery,Light mirror work,Black / neutral,Gifting,Above 2000,2000-4000,Above 3000,Sometimes,Festival combo pack,Depends on reviews,Reviews,5,Yes,Likely
41-50,Male,Tier 2,West Bengal,Freelancer,50000-100000,Frequently,Local exhibitions,Utility,Minimal modern,Laptop sleeves / utility pouches,Tote bag,Table runners,Minimal embroidery,Strong mirror work,Bright colors,Gifting,1000-2000,Below 1000,1500-3000,Strongly yes,Free shipping,Depends on reviews,Product images,3,No,Unsure
Above 50,Male,Tier 2,Karnataka,Homemaker,100000-200000,Rarely,Instagram stores,Design,Fusion,"Handbags, Gift sets",Clutch,Wall décor textile,Moderate embroidery,No mirror work,Black / neutral,Gifting,500-1000,2000-4000,Below 500,Strongly yes,Buy 2 Get 1,Yes,Product images,4,Yes,Highly likely
21-30,Female,Tier 3 / Rural,West Bengal,Student,Above 200000,Occasionally,Instagram stores,Brand,Minimal modern,"Laptop sleeves / utility pouches, Jackets / shrugs, Cushion covers",Office handbag,Wall décor textile,Moderate embroidery,Light mirror work,Bright colors,Office use,500-1000,Below 1000,Above 3000,Sometimes,Flat discount,Yes,Reviews,5,No,Likely
21-30,Male,Metro,Delhi,Student,25000-50000,Rarely,Instagram stores,Utility,Traditional,"Jackets / shrugs, Handbags, Laptop sleeves / utility pouches",Clutch,Cushion covers,Heavy embroidery,Strong mirror work,Black / neutral,Gifting,Below 500,Below 1000,Above 3000,Strongly yes,Flat discount,No,Reviews,2,Yes,Unsure
21-30,Female,Tier 1,Delhi,Other,,Occasionally,Online marketplaces,Price,Traditional,Gift sets,Office handbag,Cushion covers,Moderate embroidery,Strong mirror work,Earth tones,Weddings,Above 2000,1000-2000,500-1500,Sometimes,Festival combo pack,No,Return policy,1,Yes,Highly likely
Above 50,Male,Tier 2,Telangana,Freelancer,25000-50000,Frequently,Instagram stores,Authenticity,Fusion,"Laptop sleeves / utility pouches, Handbags",Office handbag,Table runners,Moderate embroidery,No mirror work,Black / neutral,Festive use,Below 500,Above 4000,500-1500,Strongly yes,Free shipping,No,Brand story,5,Yes,Likely
Below 20,Female,Tier 3 / Rural,Maharashtra,Business Owner,50000-100000,Occasionally,Retail stores,Authenticity,Fusion,Cushion covers,Clutch,Table runners,Minimal embroidery,Strong mirror work,Earth tones,Weddings,1000-2000,1000-2000,500-1500,Strongly yes,Buy 2 Get 1,Depends on reviews,Product images,5,Yes,Highly likely
21-30,Male,Tier 1,Rajasthan,Salaried Employee,25000-50000,Frequently,Online marketplaces,Authenticity,Depends on product,"Gift sets, Laptop sleeves / utility pouches, Cushion covers",Sling bag,Cushion covers,Heavy embroidery,Strong mirror work,Bright colors,Office use,Below 500,2000-4000,Below 500,No,Flat discount,Yes,Product images,4,Yes,Very unlikely
21-30,Female,Metro,Tamil Nadu,Salaried Employee,50000-100000,Frequently,Online marketplaces,Authenticity,Minimal modern,"Gift sets, Cushion covers, Jackets / shrugs",Clutch,Table runners,Moderate embroidery,Strong mirror work,Black / neutral,Gifting,500-1000,1000-2000,500-1500,Strongly yes,Flat discount,Yes,Product images,1,No,Unlikely
Above 50,Female,Tier 2,Maharashtra,Other,Above 200000,Frequently,Instagram stores,Brand,Minimal modern,"Gift sets, Handbags, Cushion covers",Clutch,Decorative organizers,Heavy embroidery,No mirror work,Black / neutral,Gifting,Below 500,Below 1000,Below 500,Sometimes,Festival combo pack,No,Reviews,5,No,Unsure
31-40,Female,Tier 1,Karnataka,Student,Below 25000,Rarely,Local exhibitions,Design,Depends on product,"Gift sets, Handbags, Laptop sleeves / utility pouches",Tote bag,Cushion covers,Moderate embroidery,Light mirror work,Earth tones,Festive use,1000-2000,1000-2000,500-1500,Sometimes,Free shipping,Yes,Return policy,4,Yes,Likely
31-40,Female,Tier 1,Delhi,Homemaker,Below 25000,Never,Local exhibitions,Utility,Traditional,"Handbags, Gift sets",Clutch,Decorative organizers,Moderate embroidery,No mirror work,Bright colors,Daily use,1000-2000,Above 4000,500-1500,No,Buy 2 Get 1,Yes,Brand story,2,Yes,Unlikely
31-40,Female,Metro,Gujarat,Other,Below 25000,Frequently,During travel,Price,Fusion,Jackets / shrugs,Tote bag,Cushion covers,Heavy embroidery,Light mirror work,Black / neutral,Festive use,1000-2000,Below 1000,Below 500,Sometimes,Festival combo pack,Yes,Product images,2,Yes,Unlikely
21-30,Female,Metro,Gujarat,Salaried Employee,Below 25000,Frequently,Online marketplaces,Brand,Minimal modern,"Cushion covers, Handbags",Office handbag,Cushion covers,Heavy embroidery,No mirror work,Earth tones,Weddings,Below 500,2000-4000,1500-3000,Sometimes,Free shipping,No,Reviews,2,No,Likely
Below 20,Female,Metro,Delhi,Salaried Employee,Below 25000,Occasionally,Local exhibitions,Price,Depends on product,Cushion covers,Clutch,Cushion covers,Minimal embroidery,Light mirror work,Earth tones,Weddings,Above 2000,Below 1000,500-1500,No,Buy 2 Get 1,No,Product images,5,No,Unsure
Below 20,Female,Tier 1,Rajasthan,Salaried Employee,Above 200000,Rarely,Retail stores,Utility,Depends on product,"Gift sets, Laptop sleeves / utility pouches, Jackets / shrugs",Sling bag,Table runners,Minimal embroidery,Strong mirror work,Pastel shades,Daily use,Below 500,Above 4000,1500-3000,No,Free shipping,Yes,Return policy,3,No,Unsure
Below 20,Male,Tier 3 / Rural,Karnataka,Freelancer,25000-50000,Never,Instagram stores,Brand,Depends on product,"Gift sets, Laptop sleeves / utility pouches",Tote bag,Wall décor textile,Heavy embroidery,Light mirror work,Black / neutral,Weddings,500-1000,Above 4000,Above 3000,No,Buy 2 Get 1,Depends on reviews,Brand story,4,No,Unlikely
41-50,Female,Tier 2,Maharashtra,Homemaker,Above 200000,Occasionally,During travel,Utility,Fusion,"Handbags, Cushion covers",Sling bag,Cushion covers,Minimal embroidery,No mirror work,Black / neutral,Gifting,500-1000,Above 4000,1500-3000,Strongly yes,Festival combo pack,Yes,Product images,3,Yes,Highly likely
31-40,Female,Tier 2,Gujarat,Freelancer,Below 25000,Rarely,Local exhibitions,Brand,Fusion,Gift sets,Clutch,Table runners,Moderate embroidery,Strong mirror work,Earth tones,Festive use,Above 2000,1000-2000,Above 3000,No,Buy 2 Get 1,No,Reviews,2,No,Likely
31-40,Female,Tier 2,Karnataka,Homemaker,100000-200000,Occasionally,During travel,Design,Fusion,Jackets / shrugs,Clutch,Table runners,Heavy embroidery,Light mirror work,Pastel shades,Office use,1000-2000,2000-4000,1500-3000,Strongly yes,Festival combo pack,Yes,Return policy,2,Yes,Likely
41-50,Female,Tier 3 / Rural,Rajasthan,Homemaker,Above 200000,Occasionally,Retail stores,Brand,Fusion,"Jackets / shrugs, Laptop sleeves / utility pouches",Office handbag,Table runners,Moderate embroidery,No mirror work,Black / neutral,Daily use,Below 500,1000-2000,500-1500,Sometimes,Buy 2 Get 1,Yes,Product images,4,No,Unlikely
21-30,Female,Tier 2,Maharashtra,Other,50000-100000,Occasionally,During travel,Brand,Traditional,"Gift sets, Laptop sleeves / utility pouches",Office handbag,Cushion covers,Moderate embroidery,No mirror work,Pastel shades,Daily use,Above 2000,1000-2000,Above 3000,Sometimes,Buy 2 Get 1,Yes,Brand story,2,Yes,Highly likely
Above 50,Male,Tier 2,Rajasthan,Student,Above 200000,Occasionally,Instagram stores,Price,Traditional,"Handbags, Cushion covers",Tote bag,Table runners,Moderate embroidery,Light mirror work,Pastel shades,Office use,500-1000,Above 4000,Below 500,Sometimes,Festival combo pack,Yes,Brand story,2,No,Unsure
Below 20,Male,Tier 3 / Rural,Karnataka,Homemaker,25000-50000,Rarely,Instagram stores,Brand,Fusion,"Handbags, Gift sets, Laptop sleeves / utility pouches",Office handbag,Cushion covers,Moderate embroidery,Strong mirror work,Bright colors,Festive use,Below 500,Above 4000,Below 500,Sometimes,Buy 2 Get 1,No,Reviews,3,Yes,Likely
31-40,Female,Tier 2,Tamil Nadu,Salaried Employee,50000-100000,Never,Retail stores,Design,Traditional,Gift sets,Clutch,Table runners,Moderate embroidery,No mirror work,Black / neutral,Weddings,Below 500,Above 4000,1500-3000,Strongly yes,Flat discount,Yes,Brand story,2,No,Unlikely
Above 50,Female,Tier 2,Maharashtra,Homemaker,50000-100000,Rarely,Retail stores,Brand,Fusion,Gift sets,Tote bag,Wall décor textile,Heavy embroidery,Strong mirror work,Black / neutral,Office use,Below 500,Below 1000,1500-3000,No,Free shipping,Yes,Brand story,3,No,Unsure
41-50,Male,Tier 2,Gujarat,Salaried Employee,Below 25000,Never,Retail stores,Design,Traditional,Jackets / shrugs,Office handbag,Table runners,Minimal embroidery,Strong mirror work,Pastel shades,Festive use,Below 500,2000-4000,500-1500,Strongly yes,Free shipping,No,Return policy,3,No,Unsure
Above 50,Female,Tier 3 / Rural,Karnataka,Freelancer,50000-100000,Occasionally,Local exhibitions,Price,Minimal modern,"Laptop sleeves / utility pouches, Cushion covers",Clutch,Table runners,Moderate embroidery,No mirror work,Pastel shades,Weddings,Below 500,2000-4000,Above 3000,Sometimes,Free shipping,Yes,Brand story,1,Yes,Very unlikely
31-40,Male,Tier 2,Karnataka,Salaried Employee,Below 25000,Occasionally,Retail stores,Brand,Traditional,"Handbags, Laptop sleeves / utility pouches, Jackets / shrugs",Sling bag,Decorative organizers,Heavy embroidery,Light mirror work,Pastel shades,Daily use,1000-2000,Above 4000,500-1500,Strongly yes,Free shipping,Depends on reviews,Brand story,3,No,Very unlikely
21-30,Male,Tier 1,Telangana,Other,100000-200000,Frequently,Local exhibitions,Price,Depends on product,"Laptop sleeves / utility pouches, Gift sets, Jackets / shrugs",Clutch,Wall décor textile,Minimal embroidery,No mirror work,Black / neutral,Gifting,1000-2000,1000-2000,1500-3000,Strongly yes,Free shipping,No,Product images,1,Yes,Unlikely
31-40,Female,Tier 3 / Rural,West Bengal,Homemaker,100000-200000,Rarely,Online marketplaces,Design,Traditional,"Cushion covers, Gift sets",Office handbag,Decorative organizers,Minimal embroidery,No mirror work,Pastel shades,Office use,Above 2000,2000-4000,1500-3000,Strongly yes,Flat discount,Depends on reviews,Reviews,2,Yes,Very unlikely
Above 50,Female,Tier 1,Tamil Nadu,Homemaker,100000-200000,Never,Local exhibitions,Brand,Depends on product,"Jackets / shrugs, Cushion covers, Gift sets",Clutch,Table runners,Moderate embroidery,Strong mirror work,Earth tones,Festive use,Above 2000,1000-2000,Below 500,Strongly yes,Festival combo pack,Yes,Return policy,2,No,Unlikely
41-50,Male,Metro,Rajasthan,Student,100000-200000,Frequently,During travel,Brand,Traditional,Jackets / shrugs,Sling bag,Wall décor textile,Heavy embroidery,Light mirror work,Earth tones,Gifting,Above 2000,1000-2000,Below 500,Strongly yes,Buy 2 Get 1,Yes,Return policy,5,Yes,Likely
21-30,Female,Tier 2,West Bengal,Student,Below 25000,Rarely,Instagram stores,Authenticity,Traditional,"Handbags, Jackets / shrugs, Cushion covers",Tote bag,Decorative organizers,Heavy embroidery,Strong mirror work,Pastel shades,Daily use,Below 500,2000-4000,Above 3000,Strongly yes,Flat discount,Yes,Brand story,2,Yes,Unsure
31-40,Male,Metro,West Bengal,Freelancer,100000-200000,Never,Retail stores,Brand,Fusion,Cushion covers,Clutch,Cushion covers,Heavy embroidery,Strong mirror work,Pastel shades,Gifting,1000-2000,Above 4000,1500-3000,Sometimes,Festival combo pack,No,Return policy,3,No,Unlikely
31-40,Female,Tier 2,West Bengal,Homemaker,50000-100000,Frequently,During travel,Design,Traditional,"Cushion covers, Laptop sleeves / utility pouches",Office handbag,Decorative organizers,Heavy embroidery,Light mirror work,Bright colors,Office use,500-1000,Above 4000,Above 3000,Strongly yes,Flat discount,Depends on reviews,Product images,5,No,Highly likely
31-40,Male,Metro,West Bengal,Business Owner,50000-100000,Rarely,Online marketplaces,Price,Minimal modern,Cushion covers,Sling bag,Wall décor textile,Minimal embroidery,Strong mirror work,Black / neutral,Weddings,Below 500,Below 1000,Below 500,Strongly yes,Flat discount,No,Brand story,3,Yes,Likely
41-50,Female,Tier 3 / Rural,West Bengal,Business Owner,100000-200000,Occasionally,Local exhibitions,Price,Traditional,"Jackets / shrugs, Handbags",Sling bag,Table runners,Minimal embroidery,Light mirror work,Black / neutral,Gifting,1000-2000,Below 1000,1500-3000,Strongly yes,Buy 2 Get 1,Depends on reviews,Brand story,3,No,Likely
41-50,Male,Tier 2,Tamil Nadu,Student,100000-200000,Never,Instagram stores,Authenticity,Fusion,"Jackets / shrugs, Gift sets",Office handbag,Wall décor textile,Heavy embroidery,Strong mirror work,Earth tones,Daily use,1000-2000,Above 4000,500-1500,Strongly yes,Free shipping,No,Return policy,4,No,Unsure
21-30,Female,Tier 1,Tamil Nadu,Salaried Employee,Below 25000,Never,Online marketplaces,Authenticity,Depends on product,"Handbags, Jackets / shrugs, Laptop sleeves / utility pouches",Tote bag,Table runners,Minimal embroidery,Light mirror work,Pastel shades,Weddings,1000-2000,1000-2000,500-1500,Sometimes,Flat discount,No,Product images,3,Yes,Likely
21-30,Female,Metro,Tamil Nadu,Freelancer,Below 25000,Rarely,During travel,Design,Depends on product,"Jackets / shrugs, Gift sets",Tote bag,Decorative organizers,Moderate embroidery,Strong mirror work,Earth tones,Office use,1000-2000,Below 1000,Above 3000,Sometimes,Free shipping,Depends on reviews,Brand story,3,No,Likely
31-40,Female,Tier 3 / Rural,Karnataka,Freelancer,100000-200000,Occasionally,During travel,Authenticity,Fusion,Cushion covers,Tote bag,Cushion covers,Moderate embroidery,Strong mirror work,Bright colors,Weddings,500-1000,Above 4000,Above 3000,No,Festival combo pack,No,Return policy,3,Yes,Very unlikely
41-50,Female,Tier 3 / Rural,Gujarat,Homemaker,Above 200000,Frequently,Online marketplaces,Brand,Traditional,Jackets / shrugs,Sling bag,Decorative organizers,Heavy embroidery,No mirror work,Earth tones,Office use,500-1000,2000-4000,500-1500,No,Flat discount,No,Return policy,4,No,Unsure
31-40,Female,Metro,Maharashtra,Other,Below 25000,Rarely,Retail stores,Price,Fusion,"Cushion covers, Gift sets",Tote bag,Cushion covers,Minimal embroidery,Light mirror work,Bright colors,Gifting,500-1000,1000-2000,500-1500,Sometimes,Free shipping,No,Product images,1,Yes,Unlikely
Above 50,Female,Metro,Tamil Nadu,Student,25000-50000,Rarely,During travel,Design,Fusion,"Jackets / shrugs, Laptop sleeves / utility pouches",Clutch,Decorative organizers,Moderate embroidery,No mirror work,Pastel shades,Gifting,Above 2000,Above 4000,500-1500,No,Flat discount,No,Return policy,3,No,Very unlikely
Above 50,Female,Tier 2,Gujarat,Homemaker,Above 200000,Rarely,During travel,Utility,Depends on product,Gift sets,Clutch,Table runners,Minimal embroidery,Light mirror work,Earth tones,Office use,1000-2000,1000-2000,Below 500,No,Free shipping,No,Reviews,2,No,Likely
Below 20,Male,Tier 1,Gujarat,Salaried Employee,50000-100000,Rarely,Retail stores,Authenticity,Depends on product,Gift sets,Sling bag,Wall décor textile,Minimal embroidery,Strong mirror work,Bright colors,Festive use,1000-2000,Above 4000,1500-3000,No,Buy 2 Get 1,Depends on reviews,Reviews,3,Yes,Unlikely
Below 20,Male,Tier 1,Tamil Nadu,Business Owner,50000-100000,Occasionally,Instagram stores,Utility,Traditional,"Laptop sleeves / utility pouches, Jackets / shrugs",Office handbag,Table runners,Heavy embroidery,No mirror work,Pastel shades,Festive use,Above 2000,Above 4000,500-1500,Strongly yes,Flat discount,Depends on reviews,Return policy,1,Yes,Unsure
21-30,Male,Metro,Maharashtra,Other,100000-200000,Occasionally,During travel,Authenticity,Depends on product,Cushion covers,Tote bag,Decorative organizers,Minimal embroidery,No mirror work,Bright colors,Festive use,500-1000,2000-4000,500-1500,Sometimes,Buy 2 Get 1,No,Brand story,1,Yes,Unsure
Below 20,Female,Tier 3 / Rural,West Bengal,Freelancer,50000-100000,Occasionally,During travel,Utility,Depends on product,"Jackets / shrugs, Gift sets",Tote bag,Wall décor textile,Moderate embroidery,Light mirror work,Pastel shades,Office use,500-1000,Above 4000,Above 3000,Strongly yes,Buy 2 Get 1,Yes,Return policy,1,No,Likely
41-50,Female,Tier 2,West Bengal,Freelancer,Below 25000,Frequently,Online marketplaces,Price,Minimal modern,"Laptop sleeves / utility pouches, Jackets / shrugs, Handbags",Tote bag,Wall décor textile,Minimal embroidery,Strong mirror work,Bright colors,Festive use,1000-2000,1000-2000,Above 3000,Strongly yes,Festival combo pack,No,Return policy,2,Yes,Unlikely
31-40,Male,Tier 1,Maharashtra,Homemaker,Below 25000,Occasionally,During travel,Authenticity,Fusion,Jackets / shrugs,Sling bag,Table runners,Moderate embroidery,No mirror work,Pastel shades,Weddings,500-1000,Below 1000,Above 3000,No,Free shipping,Yes,Reviews,1,Yes,Very unlikely
41-50,Male,Metro,Telangana,Business Owner,50000-100000,Never,Retail stores,Brand,Fusion,Gift sets,Clutch,Decorative organizers,Minimal embroidery,Strong mirror work,Earth tones,Daily use,500-1000,2000-4000,Below 500,No,Buy 2 Get 1,Depends on reviews,Product images,3,Yes,Unsure
21-30,Female,Tier 1,Telangana,Student,25000-50000,Occasionally,Local exhibitions,Authenticity,Depends on product,"Laptop sleeves / utility pouches, Jackets / shrugs, Gift sets",Office handbag,Wall décor textile,Moderate embroidery,Strong mirror work,Earth tones,Weddings,Above 2000,1000-2000,Below 500,Strongly yes,Flat discount,Depends on reviews,Product images,4,Yes,Unsure
21-30,Female,Metro,Rajasthan,Business Owner,50000-100000,Frequently,Retail stores,Brand,Traditional,Jackets / shrugs,Sling bag,Table runners,Heavy embroidery,No mirror work,Earth tones,Office use,500-1000,1000-2000,Below 500,Strongly yes,Free shipping,Depends on reviews,Brand story,1,Yes,Very unlikely
Above 50,Female,Tier 3 / Rural,West Bengal,Other,50000-100000,Frequently,Local exhibitions,Design,Minimal modern,"Gift sets, Handbags",Tote bag,Wall décor textile,Minimal embroidery,Strong mirror work,Pastel shades,Weddings,Above 2000,Below 1000,1500-3000,Sometimes,Festival combo pack,Depends on reviews,Reviews,1,No,Unlikely
21-30,Male,Metro,Gujarat,Salaried Employee,Below 25000,Frequently,Online marketplaces,Utility,Depends on product,"Laptop sleeves / utility pouches, Jackets / shrugs",Tote bag,Table runners,Moderate embroidery,Strong mirror work,Earth tones,Festive use,Below 500,2000-4000,Below 500,Sometimes,Buy 2 Get 1,Yes,Reviews,4,Yes,Highly likely
31-40,Female,Tier 1,Maharashtra,Other,Above 200000,Occasionally,Instagram stores,Design,Minimal modern,"Jackets / shrugs, Laptop sleeves / utility pouches",Office handbag,Wall décor textile,Moderate embroidery,Strong mirror work,Black / neutral,Weddings,Below 500,Above 4000,Above 3000,Sometimes,Free shipping,Yes,Return policy,5,Yes,Unsure
21-30,Female,Tier 1,Delhi,Other,25000-50000,Never,During travel,Authenticity,Fusion,Jackets / shrugs,Sling bag,Table runners,Minimal embroidery,Light mirror work,Black / neutral,Daily use,1000-2000,Below 1000,1500-3000,No,Festival combo pack,Depends on reviews,Reviews,2,Yes,Likely
41-50,Female,Tier 3 / Rural,Telangana,Salaried Employee,25000-50000,Frequently,During travel,Design,Fusion,"Laptop sleeves / utility pouches, Cushion covers",Tote bag,Table runners,Minimal embroidery,No mirror work,Pastel shades,Gifting,Below 500,2000-4000,500-1500,Strongly yes,Buy 2 Get 1,Yes,Return policy,3,No,Likely
21-30,Male,Tier 3 / Rural,Maharashtra,Business Owner,25000-50000,Occasionally,Instagram stores,Brand,Depends on product,"Gift sets, Jackets / shrugs",Sling bag,Table runners,Minimal embroidery,No mirror work,Bright colors,Weddings,500-1000,Above 4000,500-1500,Strongly yes,Festival combo pack,Yes,Brand story,4,No,Very unlikely
Above 50,Female,Tier 3 / Rural,Rajasthan,Business Owner,50000-100000,Never,Instagram stores,Authenticity,Fusion,"Laptop sleeves / utility pouches, Jackets / shrugs, Handbags",Office handbag,Cushion covers,Heavy embroidery,No mirror work,Bright colors,Gifting,Below 500,2000-4000,Above 3000,No,Festival combo pack,No,Product images,4,No,Likely
41-50,Female,Metro,Maharashtra,Freelancer,Above 200000,Never,Online marketplaces,Authenticity,Minimal modern,Gift sets,Sling bag,Table runners,Heavy embroidery,No mirror work,Bright colors,Festive use,Above 2000,Below 1000,Below 500,Sometimes,Buy 2 Get 1,Yes,Return policy,2,No,Highly likely
21-30,Male,Tier 3 / Rural,Tamil Nadu,Salaried Employee,Below 25000,Rarely,During travel,Design,Fusion,"Handbags, Gift sets",Sling bag,Wall décor textile,Minimal embroidery,No mirror work,Black / neutral,Festive use,Below 500,Below 1000,Below 500,Strongly yes,Buy 2 Get 1,Yes,Brand story,3,Yes,Highly likely
21-30,Male,Tier 1,Delhi,Salaried Employee,25000-50000,Rarely,Local exhibitions,Design,Depends on product,"Gift sets, Cushion covers, Laptop sleeves / utility pouches",Clutch,Cushion covers,Heavy embroidery,No mirror work,Earth tones,Daily use,500-1000,Above 4000,Below 500,Strongly yes,Festival combo pack,Depends on reviews,Reviews,2,No,Highly likely
21-30,Female,Tier 3 / Rural,Rajasthan,Business Owner,100000-200000,Rarely,Instagram stores,Brand,Minimal modern,"Gift sets, Handbags",Clutch,Decorative organizers,Moderate embroidery,Strong mirror work,Black / neutral,Gifting,500-1000,Above 4000,1500-3000,Sometimes,Buy 2 Get 1,Depends on reviews,Brand story,2,Yes,Likely
Below 20,Female,Metro,Delhi,Other,25000-50000,Occasionally,Online marketplaces,Brand,Traditional,Laptop sleeves / utility pouches,Sling bag,Wall décor textile,Heavy embroidery,Strong mirror work,Earth tones,Gifting,Above 2000,1000-2000,Above 3000,No,Free shipping,Depends on reviews,Product images,2,No,Unsure
Above 50,Female,Tier 2,Gujarat,Business Owner,50000-100000,Frequently,Instagram stores,Price,Minimal modern,"Cushion covers, Handbags",Clutch,Cushion covers,Moderate embroidery,Strong mirror work,Earth tones,Gifting,500-1000,2000-4000,Below 500,Strongly yes,Buy 2 Get 1,Yes,Product images,5,Yes,Likely
Above 50,Female,Tier 1,Karnataka,Salaried Employee,Below 25000,Never,Instagram stores,Price,Traditional,"Cushion covers, Laptop sleeves / utility pouches, Jackets / shrugs",Tote bag,Wall décor textile,Heavy embroidery,Strong mirror work,Earth tones,Gifting,Above 2000,1000-2000,Below 500,Sometimes,Buy 2 Get 1,Depends on reviews,Reviews,1,Yes,Likely
41-50,Male,Tier 2,Gujarat,Other,Below 25000,Never,Instagram stores,Utility,Depends on product,"Cushion covers, Jackets / shrugs",Sling bag,Wall décor textile,Heavy embroidery,Light mirror work,Black / neutral,Weddings,Below 500,Above 4000,500-1500,No,Free shipping,No,Reviews,4,Yes,Very unlikely
41-50,Female,Metro,West Bengal,Student,25000-50000,Never,Instagram stores,Price,Fusion,"Jackets / shrugs, Gift sets, Handbags",Clutch,Decorative organizers,Minimal embroidery,Light mirror work,Pastel shades,Office use,1000-2000,Below 1000,500-1500,No,Flat discount,Yes,Reviews,5,Yes,Likely
31-40,Male,Tier 1,Gujarat,Homemaker,50000-100000,Frequently,During travel,Design,Minimal modern,"Laptop sleeves / utility pouches, Gift sets",Tote bag,Decorative organizers,Heavy embroidery,Light mirror work,Bright colors,Gifting,1000-2000,1000-2000,1500-3000,Strongly yes,Buy 2 Get 1,Yes,Product images,2,No,Unlikely
31-40,Female,Tier 1,Gujarat,Freelancer,Below 25000,Never,Local exhibitions,Design,Depends on product,"Cushion covers, Gift sets",Sling bag,Wall décor textile,Heavy embroidery,Strong mirror work,Pastel shades,Gifting,Above 2000,Below 1000,500-1500,Strongly yes,Free shipping,Yes,Reviews,3,No,Unlikely
Below 20,Male,Metro,West Bengal,Freelancer,25000-50000,Rarely,During travel,Design,Traditional,"Handbags, Laptop sleeves / utility pouches",Clutch,Table runners,Minimal embroidery,No mirror work,Earth tones,Office use,500-1000,Above 4000,Below 500,Sometimes,Free shipping,No,Product images,5,Yes,Very unlikely
Below 20,Female,Tier 3 / Rural,Maharashtra,Other,25000-50000,Frequently,Instagram stores,Price,Depends on product,"Handbags, Jackets / shrugs, Gift sets",Clutch,Table runners,Heavy embroidery,No mirror work,Earth tones,Gifting,1000-2000,Below 1000,Above 3000,No,Free shipping,No,Brand story,3,No,Unsure
31-40,Female,Tier 2,Gujarat,Salaried Employee,,Occasionally,Retail stores,Design,Depends on product,"Handbags, Jackets / shrugs, Cushion covers",Sling bag,Wall décor textile,Minimal embroidery,Light mirror work,Earth tones,Gifting,Above 2000,Above 4000,500-1500,No,Free shipping,Yes,Brand story,5,No,Likely
21-30,Female,Tier 1,Delhi,Student,50000-100000,Rarely,Retail stores,Utility,Minimal modern,Cushion covers,Tote bag,Table runners,Minimal embroidery,No mirror work,Earth tones,Office use,Above 2000,Above 4000,Above 3000,Sometimes,Festival combo pack,Yes,Reviews,4,No,Unsure
Below 20,Female,Tier 2,Gujarat,Freelancer,25000-50000,Occasionally,Online marketplaces,Authenticity,Traditional,Handbags,Sling bag,Table runners,Minimal embroidery,Strong mirror work,Pastel shades,Festive use,1000-2000,2000-4000,Below 500,Strongly yes,Free shipping,Depends on reviews,Return policy,4,No,Highly likely
Below 20,Female,Tier 1,Delhi,Other,50000-100000,Occasionally,During travel,Design,Depends on product,"Handbags, Gift sets, Laptop sleeves / utility pouches",Tote bag,Table runners,Heavy embroidery,No mirror work,Black / neutral,Weddings,1000-2000,2000-4000,Below 500,Sometimes,Festival combo pack,No,Return policy,3,No,Very unlikely
41-50,Female,Tier 1,Maharashtra,Homemaker,25000-50000,Occasionally,During travel,Brand,Depends on product,"Cushion covers, Jackets / shrugs, Gift sets",Sling bag,Table runners,Minimal embroidery,No mirror work,Earth tones,Festive use,Below 500,Below 1000,500-1500,No,Festival combo pack,Depends on reviews,Return policy,4,Yes,Unlikely
21-30,Male,Tier 1,Maharashtra,Homemaker,Below 25000,Rarely,Retail stores,Brand,Minimal modern,"Handbags, Laptop sleeves / utility pouches, Jackets / shrugs",Office handbag,Wall décor textile,Minimal embroidery,No mirror work,Earth tones,Office use,1000-2000,1000-2000,500-1500,Sometimes,Festival combo pack,No,Reviews,3,No,Likely
Above 50,Male,Tier 3 / Rural,West Bengal,Homemaker,Below 25000,Rarely,Local exhibitions,Design,Minimal modern,"Cushion covers, Laptop sleeves / utility pouches, Handbags",Clutch,Table runners,Heavy embroidery,Light mirror work,Earth tones,Gifting,Below 500,Below 1000,500-1500,No,Free shipping,No,Product images,3,Yes,Unsure
Above 50,Male,Tier 1,Karnataka,Salaried Employee,Above 200000,Frequently,Instagram stores,Design,Depends on product,"Laptop sleeves / utility pouches, Jackets / shrugs, Handbags",Sling bag,Decorative organizers,Minimal embroidery,Strong mirror work,Earth tones,Gifting,Below 500,2000-4000,Above 3000,Strongly yes,Buy 2 Get 1,Yes,Reviews,1,No,Likely
31-40,Male,Tier 2,Gujarat,Other,100000-200000,Occasionally,Online marketplaces,Authenticity,Depends on product,"Jackets / shrugs, Handbags",Office handbag,Decorative organizers,Minimal embroidery,No mirror work,Earth tones,Daily use,500-1000,1000-2000,Above 3000,Sometimes,Flat discount,Depends on reviews,Product images,2,No,Unlikely
Below 20,Male,Tier 1,Tamil Nadu,Other,Above 200000,Frequently,Online marketplaces,Utility,Traditional,Jackets / shrugs,Tote bag,Table runners,Moderate embroidery,No mirror work,,Office use,Below 500,Above 4000,Below 500,No,Buy 2 Get 1,No,Reviews,1,Yes,Unsure
41-50,Male,Metro,Karnataka,Student,50000-100000,Occasionally,Retail stores,Brand,Fusion,"Gift sets, Jackets / shrugs",Tote bag,Table runners,Minimal embroidery,Strong mirror work,Black / neutral,Gifting,1000-2000,Above 4000,Above 3000,No,Buy 2 Get 1,Yes,Brand story,1,No,Unlikely
31-40,Female,Tier 2,Rajasthan,Business Owner,25000-50000,Occasionally,Instagram stores,Price,Traditional,"Cushion covers, Laptop sleeves / utility pouches",Office handbag,Cushion covers,Heavy embroidery,Light mirror work,Bright colors,Office use,500-1000,Above 4000,Above 3000,No,Festival combo pack,Depends on reviews,Product images,1,No,Very unlikely
Above 50,Female,Tier 3 / Rural,Rajasthan,Other,50000-100000,Frequently,During travel,Brand,Traditional,"Jackets / shrugs, Handbags, Cushion covers",Sling bag,Cushion covers,Heavy embroidery,No mirror work,Bright colors,Gifting,1000-2000,2000-4000,1500-3000,No,Buy 2 Get 1,Depends on reviews,Return policy,5,Yes,Highly likely
21-30,Female,Tier 3 / Rural,Karnataka,Homemaker,50000-100000,Frequently,Online marketplaces,Design,Depends on product,"Handbags, Cushion covers",Sling bag,Cushion covers,Heavy embroidery,No mirror work,Pastel shades,Office use,500-1000,Above 4000,Above 3000,Strongly yes,Free shipping,Depends on reviews,Product images,5,Yes,Unlikely
21-30,Female,Tier 3 / Rural,Tamil Nadu,Student,Below 25000,Rarely,Instagram stores,Utility,Depends on product,Handbags,Office handbag,Wall décor textile,Minimal embroidery,Light mirror work,Pastel shades,Daily use,500-1000,Below 1000,500-1500,Strongly yes,Free shipping,No,Return policy,4,No,Unlikely
21-30,Male,Tier 3 / Rural,Gujarat,Homemaker,50000-100000,Never,During travel,Price,Fusion,"Handbags, Jackets / shrugs, Cushion covers",Sling bag,Decorative organizers,Minimal embroidery,No mirror work,Pastel shades,Office use,500-1000,1000-2000,1500-3000,Sometimes,Free shipping,Yes,Brand story,3,No,Likely
21-30,Prefer not to say,Metro,West Bengal,Other,Below 25000,Frequently,Local exhibitions,Authenticity,Fusion,"Jackets / shrugs, Gift sets",Clutch,Table runners,Minimal embroidery,Light mirror work,Bright colors,Weddings,1000-2000,2000-4000,500-1500,No,Flat discount,Depends on reviews,Brand story,2,Yes,Unlikely
31-40,Female,Tier 2,Maharashtra,Homemaker,Above 200000,Frequently,Retail stores,Brand,Depends on product,"Laptop sleeves / utility pouches, Gift sets, Handbags",Office handbag,Wall décor textile,Minimal embroidery,Light mirror work,Black / neutral,Festive use,Above 2000,Above 4000,1500-3000,No,Free shipping,Yes,Reviews,4,Yes,Highly likely
Below 20,Female,Metro,Gujarat,Homemaker,Below 25000,Rarely,Instagram stores,Price,Traditional,"Gift sets, Laptop sleeves / utility pouches",Clutch,Cushion covers,Minimal embroidery,No mirror work,Black / neutral,Weddings,Above 2000,Below 1000,Below 500,No,Festival combo pack,No,Reviews,1,No,Highly likely
31-40,Female,Tier 3 / Rural,West Bengal,Freelancer,25000-50000,Rarely,Online marketplaces,Authenticity,Fusion,"Gift sets, Cushion covers, Handbags",Tote bag,Decorative organizers,Minimal embroidery,Strong mirror work,Bright colors,Daily use,Below 500,Above 4000,Above 3000,No,Festival combo pack,No,Product images,5,Yes,Unsure
31-40,Male,Metro,Maharashtra,Student,50000-100000,Occasionally,Local exhibitions,Brand,Minimal modern,"Handbags, Laptop sleeves / utility pouches, Gift sets",Tote bag,Cushion covers,Heavy embroidery,Strong mirror work,Black / neutral,Daily use,Below 500,Below 1000,1500-3000,Strongly yes,Festival combo pack,No,Return policy,2,No,Unlikely
Below 20,Female,Tier 3 / Rural,Karnataka,Homemaker,50000-100000,Occasionally,Online marketplaces,Authenticity,Traditional,"Jackets / shrugs, Cushion covers, Handbags",Tote bag,Cushion covers,Moderate embroidery,Strong mirror work,Bright colors,Festive use,1000-2000,1000-2000,Below 500,Sometimes,Free shipping,Yes,Reviews,5,Yes,Likely
41-50,Female,Tier 3 / Rural,Tamil Nadu,Student,Above 200000,Occasionally,Retail stores,Brand,Depends on product,"Laptop sleeves / utility pouches, Cushion covers, Gift sets",Clutch,Table runners,Moderate embroidery,Light mirror work,Pastel shades,Daily use,1000-2000,Below 1000,Below 500,Strongly yes,Buy 2 Get 1,Yes,Brand story,1,No,Likely
31-40,Female,Tier 2,Karnataka,Other,50000-100000,Never,Retail stores,Utility,Depends on product,Cushion covers,Tote bag,Wall décor textile,Minimal embroidery,Strong mirror work,Bright colors,Festive use,500-1000,1000-2000,1500-3000,Sometimes,Free shipping,Depends on reviews,Brand story,3,No,Unlikely
Above 50,Female,Tier 1,Maharashtra,Other,Below 25000,Never,Online marketplaces,Brand,Minimal modern,"Gift sets, Handbags",Sling bag,Table runners,Minimal embroidery,Light mirror work,Bright colors,Weddings,500-1000,Above 4000,500-1500,Sometimes,Festival combo pack,No,Return policy,3,No,Likely
Below 20,Male,Metro,Maharashtra,Student,Above 200000,Frequently,Instagram stores,Utility,Fusion,"Handbags, Cushion covers",Clutch,Decorative organizers,Minimal embroidery,No mirror work,Earth tones,Office use,Above 2000,Above 4000,500-1500,Sometimes,Festival combo pack,Yes,Return policy,2,Yes,Highly likely
21-30,Female,Tier 3 / Rural,Maharashtra,Homemaker,25000-50000,Rarely,Instagram stores,Design,Traditional,"Laptop sleeves / utility pouches, Jackets / shrugs, Gift sets",Sling bag,Cushion covers,Heavy embroidery,No mirror work,Bright colors,Weddings,1000-2000,Above 4000,500-1500,Sometimes,Flat discount,No,Return policy,1,No,Unlikely
Above 50,Female,Tier 3 / Rural,Telangana,Freelancer,Above 200000,Never,Instagram stores,Design,Depends on product,"Cushion covers, Laptop sleeves / utility pouches",Clutch,Wall décor textile,Heavy embroidery,Strong mirror work,Bright colors,Festive use,500-1000,2000-4000,500-1500,Strongly yes,Festival combo pack,Depends on reviews,Product images,2,Yes,Unlikely
41-50,Male,Tier 1,Rajasthan,Salaried Employee,25000-50000,Rarely,Online marketplaces,Brand,Fusion,"Laptop sleeves / utility pouches, Jackets / shrugs",Clutch,Wall décor textile,Minimal embroidery,Strong mirror work,Pastel shades,Festive use,500-1000,Below 1000,Below 500,Strongly yes,Free shipping,Yes,Brand story,4,No,Unlikely
41-50,Female,Tier 3 / Rural,West Bengal,Salaried Employee,100000-200000,Occasionally,Local exhibitions,Price,Fusion,"Cushion covers, Jackets / shrugs, Handbags",Tote bag,Wall décor textile,Minimal embroidery,Light mirror work,Bright colors,Office use,Below 500,Above 4000,500-1500,Sometimes,Buy 2 Get 1,Yes,Reviews,1,No,Unsure
41-50,Female,Tier 2,Karnataka,Salaried Employee,100000-200000,Frequently,Retail stores,Brand,Traditional,Laptop sleeves / utility pouches,Sling bag,Decorative organizers,Heavy embroidery,Light mirror work,Earth tones,Daily use,Above 2000,2000-4000,Below 500,No,Flat discount,No,Reviews,2,Yes,Unsure
31-40,Female,Metro,Maharashtra,Other,Below 25000,Rarely,Retail stores,Price,Minimal modern,Laptop sleeves / utility pouches,Tote bag,Cushion covers,Heavy embroidery,No mirror work,Black / neutral,Office use,1000-2000,1000-2000,Below 500,Sometimes,Flat discount,No,Return policy,4,No,Unlikely
21-30,Female,Metro,Tamil Nadu,Homemaker,100000-200000,Never,Local exhibitions,Design,Traditional,Jackets / shrugs,Sling bag,Cushion covers,Minimal embroidery,Strong mirror work,Bright colors,Weddings,Above 2000,Below 1000,Above 3000,Sometimes,Festival combo pack,Yes,Return policy,4,No,Very unlikely
21-30,Female,Tier 1,West Bengal,Homemaker,Below 25000,Frequently,Online marketplaces,Brand,Depends on product,"Cushion covers, Gift sets, Jackets / shrugs",Office handbag,Cushion covers,Minimal embroidery,Strong mirror work,Bright colors,Festive use,Below 500,1000-2000,1500-3000,Sometimes,Free shipping,Depends on reviews,Reviews,3,No,Unlikely
Below 20,Female,Metro,Gujarat,Business Owner,25000-50000,Frequently,Online marketplaces,Authenticity,Depends on product,Jackets / shrugs,Office handbag,Table runners,Moderate embroidery,Strong mirror work,Earth tones,Daily use,500-1000,2000-4000,Above 3000,Sometimes,Buy 2 Get 1,Depends on reviews,Return policy,2,No,Highly likely
21-30,Female,Metro,Gujarat,Salaried Employee,Above 200000,Rarely,During travel,Utility,Depends on product,"Laptop sleeves / utility pouches, Handbags",Sling bag,Wall décor textile,Minimal embroidery,Strong mirror work,Earth tones,Weddings,Above 2000,Below 1000,500-1500,Strongly yes,Buy 2 Get 1,No,Return policy,2,No,Very unlikely
31-40,Male,Tier 2,Tamil Nadu,Freelancer,Above 200000,Occasionally,Retail stores,Design,Minimal modern,"Cushion covers, Laptop sleeves / utility pouches, Gift sets",Tote bag,Table runners,Minimal embroidery,Strong mirror work,Earth tones,Daily use,Above 2000,2000-4000,Above 3000,No,Buy 2 Get 1,No,Reviews,3,Yes,Highly likely
Below 20,Female,Tier 2,Gujarat,Student,25000-50000,Occasionally,Online marketplaces,Utility,Traditional,"Cushion covers, Laptop sleeves / utility pouches, Jackets / shrugs",Office handbag,Table runners,Moderate embroidery,No mirror work,Bright colors,Festive use,500-1000,Above 4000,500-1500,Sometimes,Free shipping,Yes,Reviews,1,Yes,Highly likely
41-50,Female,Tier 1,Telangana,Business Owner,100000-200000,Frequently,Online marketplaces,Authenticity,Fusion,"Cushion covers, Laptop sleeves / utility pouches, Jackets / shrugs",Sling bag,Decorative organizers,Minimal embroidery,Light mirror work,Pastel shades,Daily use,500-1000,2000-4000,500-1500,Sometimes,Buy 2 Get 1,No,Return policy,1,Yes,Unlikely
41-50,Male,Tier 2,Delhi,Homemaker,Below 25000,Never,Online marketplaces,Authenticity,Traditional,"Jackets / shrugs, Cushion covers",Clutch,Decorative organizers,Minimal embroidery,Strong mirror work,Earth tones,Gifting,Above 2000,Above 4000,Above 3000,No,Free shipping,No,Brand story,4,No,Highly likely
Above 50,Male,Tier 3 / Rural,Tamil Nadu,Business Owner,Above 200000,Frequently,Online marketplaces,Utility,Depends on product,Handbags,Sling bag,Cushion covers,Minimal embroidery,Light mirror work,Earth tones,Gifting,Below 500,Below 1000,Below 500,Sometimes,Free shipping,Yes,Return policy,2,No,Highly likely
21-30,Male,Tier 1,Gujarat,Homemaker,Below 25000,Frequently,During travel,Authenticity,Minimal modern,"Gift sets, Cushion covers",Office handbag,Wall décor textile,Heavy embroidery,Light mirror work,Black / neutral,Gifting,Below 500,Below 1000,1500-3000,Sometimes,Festival combo pack,Yes,Brand story,1,No,Very unlikely
21-30,Female,Tier 1,Telangana,Other,Below 25000,Frequently,Retail stores,Design,Fusion,"Laptop sleeves / utility pouches, Gift sets",Clutch,Table runners,Heavy embroidery,Light mirror work,Black / neutral,Daily use,1000-2000,1000-2000,500-1500,Strongly yes,Free shipping,Yes,Return policy,1,No,Likely
Above 50,Female,Metro,Rajasthan,Other,Above 200000,Never,During travel,Price,Fusion,"Gift sets, Handbags, Jackets / shrugs",Sling bag,Wall décor textile,Moderate embroidery,Strong mirror work,Earth tones,Daily use,1000-2000,Below 1000,1500-3000,No,Flat discount,Yes,Brand story,3,Yes,Unsure
31-40,Male,Tier 2,Tamil Nadu,Other,100000-200000,Frequently,Local exhibitions,Price,Fusion,Laptop sleeves / utility pouches,Clutch,Cushion covers,Heavy embroidery,Strong mirror work,Black / neutral,Gifting,1000-2000,Above 4000,Above 3000,Strongly yes,Buy 2 Get 1,Yes,Return policy,3,Yes,Unsure
Above 50,Female,Tier 3 / Rural,West Bengal,Homemaker,Below 25000,Never,Retail stores,Authenticity,Depends on product,Jackets / shrugs,Tote bag,Decorative organizers,Minimal embroidery,Light mirror work,Pastel shades,Weddings,Above 2000,Below 1000,1500-3000,Strongly yes,Free shipping,Yes,Reviews,3,No,Highly likely
21-30,Male,Metro,Delhi,Homemaker,Below 25000,Occasionally,Online marketplaces,Price,Traditional,"Cushion covers, Jackets / shrugs, Laptop sleeves / utility pouches",Clutch,Wall décor textile,Heavy embroidery,Light mirror work,Pastel shades,Festive use,Above 2000,Below 1000,500-1500,Sometimes,Buy 2 Get 1,Yes,Return policy,2,Yes,Very unlikely
21-30,Female,Tier 3 / Rural,West Bengal,Freelancer,50000-100000,Never,Instagram stores,Design,Minimal modern,"Laptop sleeves / utility pouches, Cushion covers",Office handbag,Wall décor textile,Moderate embroidery,No mirror work,Bright colors,Festive use,Below 500,Below 1000,Above 3000,No,Free shipping,Yes,Reviews,2,Yes,Highly likely
41-50,Female,Tier 3 / Rural,Maharashtra,Homemaker,50000-100000,Never,During travel,Authenticity,Minimal modern,"Laptop sleeves / utility pouches, Gift sets",Tote bag,Decorative organizers,Heavy embroidery,Strong mirror work,Earth tones,Weddings,500-1000,2000-4000,Below 500,Sometimes,Flat discount,No,Brand story,1,No,Highly likely
Above 50,Prefer not to say,Tier 2,Maharashtra,Other,100000-200000,Rarely,Instagram stores,Price,Fusion,"Laptop sleeves / utility pouches, Handbags",Clutch,Wall décor textile,Moderate embroidery,No mirror work,Earth tones,Office use,Above 2000,Below 1000,Above 3000,No,Flat discount,Depends on reviews,Return policy,5,No,Highly likely
Above 50,Female,Tier 3 / Rural,West Bengal,Business Owner,25000-50000,Occasionally,Online marketplaces,Price,Traditional,"Laptop sleeves / utility pouches, Handbags",Sling bag,Table runners,Moderate embroidery,Light mirror work,Earth tones,Festive use,1000-2000,Below 1000,Below 500,Strongly yes,Festival combo pack,Depends on reviews,Reviews,5,No,Unlikely
Below 20,Female,Tier 2,Tamil Nadu,Salaried Employee,Below 25000,Rarely,During travel,Brand,Traditional,"Cushion covers, Gift sets, Jackets / shrugs",Sling bag,Table runners,Minimal embroidery,Light mirror work,Earth tones,Gifting,500-1000,2000-4000,500-1500,Strongly yes,Flat discount,No,Return policy,2,No,Unlikely
31-40,Male,Tier 2,Gujarat,Business Owner,100000-200000,Occasionally,During travel,Brand,Minimal modern,"Laptop sleeves / utility pouches, Cushion covers, Gift sets",Clutch,Decorative organizers,Moderate embroidery,Strong mirror work,Black / neutral,Festive use,Above 2000,Above 4000,500-1500,Strongly yes,Flat discount,Yes,Reviews,3,Yes,Unsure
Below 20,Male,Tier 2,Maharashtra,Student,Below 25000,Frequently,Instagram stores,Authenticity,Minimal modern,Laptop sleeves / utility pouches,Office handbag,Wall décor textile,Minimal embroidery,No mirror work,Black / neutral,Daily use,Below 500,2000-4000,1500-3000,Sometimes,Buy 2 Get 1,Depends on reviews,Product images,2,Yes,Unsure
Below 20,Male,Tier 1,Gujarat,Business Owner,100000-200000,Occasionally,Instagram stores,Price,Minimal modern,Cushion covers,Tote bag,Cushion covers,Heavy embroidery,No mirror work,Earth tones,Daily use,1000-2000,1000-2000,Below 500,No,Free shipping,Yes,Return policy,4,No,Very unlikely
21-30,Female,Tier 1,Rajasthan,Salaried Employee,50000-100000,Never,Online marketplaces,Brand,Minimal modern,"Gift sets, Cushion covers",Office handbag,Cushion covers,Minimal embroidery,Light mirror work,Earth tones,Festive use,Below 500,2000-4000,500-1500,Sometimes,Free shipping,Depends on reviews,Product images,2,No,Likely
31-40,Female,Tier 2,Maharashtra,Student,100000-200000,Frequently,Online marketplaces,Price,Minimal modern,"Handbags, Laptop sleeves / utility pouches",Tote bag,Decorative organizers,Minimal embroidery,Light mirror work,Black / neutral,Office use,Below 500,Below 1000,1500-3000,No,Buy 2 Get 1,Yes,Return policy,5,No,Unsure
Above 50,Female,Tier 1,Tamil Nadu,Other,25000-50000,Frequently,Instagram stores,Utility,Depends on product,"Handbags, Jackets / shrugs",Tote bag,Table runners,Heavy embroidery,Strong mirror work,Bright colors,Daily use,1000-2000,Below 1000,500-1500,Strongly yes,Buy 2 Get 1,Yes,Brand story,4,Yes,Likely
Below 20,Female,Metro,Rajasthan,Student,Below 25000,Never,During travel,Price,Traditional,Gift sets,Clutch,Cushion covers,Minimal embroidery,No mirror work,Bright colors,Festive use,500-1000,Below 1000,Above 3000,Strongly yes,Free shipping,No,Product images,5,Yes,Unlikely
41-50,Male,Tier 2,Delhi,Student,25000-50000,Never,Online marketplaces,Design,Traditional,"Laptop sleeves / utility pouches, Gift sets",Clutch,Wall décor textile,Moderate embroidery,Strong mirror work,Black / neutral,Festive use,Below 500,Above 4000,Above 3000,Strongly yes,Buy 2 Get 1,Yes,Return policy,1,No,Unlikely
31-40,Female,Tier 1,Gujarat,Salaried Employee,50000-100000,Never,Online marketplaces,Authenticity,Traditional,"Jackets / shrugs, Laptop sleeves / utility pouches, Cushion covers",Sling bag,Decorative organizers,Minimal embroidery,No mirror work,Black / neutral,Daily use,1000-2000,2000-4000,Above 3000,Sometimes,Buy 2 Get 1,Depends on reviews,Brand story,1,Yes,Likely
31-40,Female,Tier 1,Gujarat,Business Owner,50000-100000,Rarely,During travel,Price,Minimal modern,Laptop sleeves / utility pouches,Tote bag,Cushion covers,Moderate embroidery,Light mirror work,,Festive use,1000-2000,Above 4000,Above 3000,Strongly yes,Free shipping,Depends on reviews,Reviews,2,Yes,Unlikely
Above 50,Female,Metro,Delhi,Freelancer,50000-100000,Occasionally,Instagram stores,Utility,Depends on product,"Gift sets, Jackets / shrugs, Laptop sleeves / utility pouches",Clutch,Decorative organizers,Minimal embroidery,Light mirror work,Black / neutral,Office use,1000-2000,2000-4000,Below 500,No,Flat discount,No,Product images,2,Yes,Unsure
21-30,Male,Tier 2,Karnataka,Other,50000-100000,Frequently,During travel,Utility,Traditional,"Laptop sleeves / utility pouches, Cushion covers, Gift sets",Sling bag,Wall décor textile,Heavy embroidery,Strong mirror work,Pastel shades,Daily use,1000-2000,Above 4000,1500-3000,Sometimes,Buy 2 Get 1,No,Reviews,3,No,Unsure
31-40,Male,Tier 2,Karnataka,Student,25000-50000,Never,During travel,Utility,Traditional,Gift sets,Office handbag,Wall décor textile,Heavy embroidery,Strong mirror work,Black / neutral,Festive use,Above 2000,Above 4000,1500-3000,Strongly yes,Free shipping,No,Product images,5,No,Unsure
41-50,Female,Tier 3 / Rural,Delhi,Salaried Employee,25000-50000,Never,Instagram stores,Price,Minimal modern,Handbags,Tote bag,Wall décor textile,Minimal embroidery,Strong mirror work,Earth tones,Office use,Below 500,Below 1000,Above 3000,Strongly yes,Flat discount,No,Return policy,4,Yes,Likely
31-40,Male,Tier 3 / Rural,Delhi,Freelancer,Below 25000,Rarely,Retail stores,Brand,Traditional,"Jackets / shrugs, Laptop sleeves / utility pouches, Handbags",Clutch,Table runners,Minimal embroidery,Strong mirror work,Bright colors,Weddings,1000-2000,Below 1000,Above 3000,Strongly yes,Buy 2 Get 1,Depends on reviews,Return policy,1,No,Unsure
Below 20,Female,Tier 3 / Rural,Rajasthan,Student,Above 200000,Occasionally,Online marketplaces,Utility,Minimal modern,"Cushion covers, Jackets / shrugs, Laptop sleeves / utility pouches",Sling bag,Wall décor textile,Minimal embroidery,Strong mirror work,Black / neutral,Daily use,Below 500,Above 4000,500-1500,Sometimes,Flat discount,Depends on reviews,Reviews,3,Yes,Unsure
21-30,Male,Tier 2,Telangana,Freelancer,Above 200000,Frequently,Instagram stores,Price,Depends on product,Laptop sleeves / utility pouches,Clutch,Table runners,Heavy embroidery,Strong mirror work,Earth tones,Weddings,500-1000,Above 4000,Above 3000,Strongly yes,Festival combo pack,Yes,Reviews,1,No,Very unlikely
41-50,Female,Metro,Karnataka,Student,Above 200000,Occasionally,Instagram stores,Design,Fusion,Handbags,Sling bag,Cushion covers,Heavy embroidery,Strong mirror work,Bright colors,Festive use,1000-2000,1000-2000,500-1500,No,Free shipping,No,Product images,1,No,Unlikely
41-50,Female,Metro,Maharashtra,Business Owner,25000-50000,Occasionally,During travel,Authenticity,Fusion,Gift sets,Sling bag,Wall décor textile,Minimal embroidery,Strong mirror work,Earth tones,Daily use,1000-2000,1000-2000,1500-3000,Strongly yes,Free shipping,Yes,Brand story,4,No,Likely
Below 20,Female,Metro,Maharashtra,Business Owner,100000-200000,Occasionally,Online marketplaces,Design,Traditional,"Jackets / shrugs, Cushion covers",Office handbag,Table runners,Minimal embroidery,No mirror work,Earth tones,Festive use,500-1000,Above 4000,Above 3000,Strongly yes,Festival combo pack,Yes,Reviews,1,Yes,Unsure
41-50,Female,Tier 1,Rajasthan,Other,50000-100000,Frequently,Online marketplaces,Brand,Depends on product,"Gift sets, Jackets / shrugs, Laptop sleeves / utility pouches",Clutch,Decorative organizers,Moderate embroidery,Strong mirror work,Pastel shades,Weddings,1000-2000,Above 4000,Below 500,No,Free shipping,Depends on reviews,Product images,1,No,Unsure
Below 20,Male,Tier 2,Karnataka,Homemaker,Below 25000,Frequently,Instagram stores,Brand,Minimal modern,Jackets / shrugs,Clutch,Cushion covers,Minimal embroidery,Light mirror work,Bright colors,Festive use,Below 500,2000-4000,500-1500,Strongly yes,Free shipping,Depends on reviews,Return policy,1,No,Likely
31-40,Female,Metro,Telangana,Student,25000-50000,Frequently,Online marketplaces,Price,Minimal modern,"Laptop sleeves / utility pouches, Cushion covers",Tote bag,Decorative organizers,Moderate embroidery,Light mirror work,Earth tones,Weddings,Below 500,Above 4000,Above 3000,Strongly yes,Flat discount,Depends on reviews,Reviews,5,No,Unsure
41-50,Female,Tier 2,Karnataka,Student,25000-50000,Never,Retail stores,Price,Traditional,"Gift sets, Laptop sleeves / utility pouches",Office handbag,Cushion covers,Heavy embroidery,Light mirror work,Pastel shades,Gifting,Below 500,1000-2000,1500-3000,No,Festival combo pack,No,Return policy,5,Yes,Highly likely
21-30,Female,Tier 3 / Rural,Karnataka,Salaried Employee,Above 200000,Frequently,Online marketplaces,Utility,Traditional,Jackets / shrugs,Clutch,Table runners,Minimal embroidery,Strong mirror work,Black / neutral,Gifting,Below 500,Below 1000,Above 3000,Strongly yes,Flat discount,Depends on reviews,Reviews,1,Yes,Unlikely
Above 50,Female,Tier 1,Karnataka,Other,Below 25000,Rarely,During travel,Design,Fusion,Cushion covers,Sling bag,Decorative organizers,Minimal embroidery,Light mirror work,Black / neutral,Weddings,500-1000,1000-2000,1500-3000,Strongly yes,Flat discount,Yes,Reviews,1,Yes,Very unlikely
31-40,Female,Tier 2,Telangana,Business Owner,Above 200000,Occasionally,Instagram stores,Authenticity,Minimal modern,Gift sets,Sling bag,Decorative organizers,Heavy embroidery,No mirror work,Earth tones,Gifting,Above 2000,2000-4000,1500-3000,Strongly yes,Flat discount,Depends on reviews,Brand story,5,No,Very unlikely
Below 20,Female,Metro,Gujarat,Freelancer,50000-100000,Rarely,Retail stores,Utility,Minimal modern,"Gift sets, Handbags, Jackets / shrugs",Clutch,Cushion covers,Heavy embroidery,Strong mirror work,Pastel shades,Weddings,500-1000,1000-2000,500-1500,No,Flat discount,Depends on reviews,Brand story,2,No,Unsure
Above 50,Female,Tier 3 / Rural,Delhi,Student,Above 200000,Occasionally,Local exhibitions,Price,Minimal modern,"Handbags, Gift sets, Cushion covers",Clutch,Decorative organizers,Heavy embroidery,Light mirror work,Pastel shades,Office use,Below 500,1000-2000,1500-3000,No,Free shipping,No,Product images,4,Yes,Likely
31-40,Female,Metro,Maharashtra,Student,100000-200000,Never,During travel,Design,Fusion,Jackets / shrugs,Tote bag,Wall décor textile,Moderate embroidery,Strong mirror work,Pastel shades,Office use,500-1000,1000-2000,Below 500,Strongly yes,Buy 2 Get 1,No,Return policy,4,No,Unlikely
Above 50,Female,Tier 3 / Rural,Gujarat,Student,Below 25000,Occasionally,Local exhibitions,Price,Traditional,"Laptop sleeves / utility pouches, Jackets / shrugs, Handbags",Office handbag,Cushion covers,Moderate embroidery,No mirror work,Earth tones,Festive use,1000-2000,Below 1000,1500-3000,Sometimes,Festival combo pack,Yes,Reviews,2,No,Unlikely
41-50,Male,Tier 3 / Rural,Telangana,Other,50000-100000,Occasionally,During travel,Brand,Traditional,Laptop sleeves / utility pouches,Tote bag,Decorative organizers,Moderate embroidery,No mirror work,Earth tones,Weddings,Below 500,2000-4000,Above 3000,Sometimes,Buy 2 Get 1,Depends on reviews,Reviews,4,Yes,Likely
Above 50,Prefer not to say,Metro,Telangana,Homemaker,Above 200000,Frequently,Retail stores,Utility,Fusion,"Handbags, Cushion covers",Tote bag,Wall décor textile,Heavy embroidery,No mirror work,Black / neutral,Festive use,Below 500,Below 1000,Above 3000,No,Flat discount,Depends on reviews,Product images,2,Yes,Unsure
31-40,Female,Tier 3 / Rural,Maharashtra,Student,25000-50000,Rarely,Instagram stores,Brand,Minimal modern,"Cushion covers, Handbags",Office handbag,Cushion covers,Heavy embroidery,Light mirror work,Earth tones,Weddings,500-1000,1000-2000,Below 500,No,Festival combo pack,Yes,Brand story,5,No,Unlikely
Below 20,Female,Metro,West Bengal,Business Owner,25000-50000,Frequently,Local exhibitions,Authenticity,Fusion,"Handbags, Cushion covers, Jackets / shrugs",Office handbag,Table runners,Minimal embroidery,Strong mirror work,Black / neutral,Daily use,500-1000,1000-2000,Below 500,No,Festival combo pack,Depends on reviews,Brand story,5,No,Likely
Above 50,Male,Tier 2,Delhi,Salaried Employee,25000-50000,Frequently,Retail stores,Price,Fusion,"Laptop sleeves / utility pouches, Handbags",Clutch,Table runners,Minimal embroidery,No mirror work,Bright colors,Gifting,Below 500,1000-2000,1500-3000,Sometimes,Flat discount,No,Product images,4,No,Likely
41-50,Female,Tier 1,Delhi,Salaried Employee,Below 25000,Never,Retail stores,Authenticity,Minimal modern,Cushion covers,Sling bag,Wall décor textile,Heavy embroidery,Light mirror work,Black / neutral,Daily use,Below 500,2000-4000,1500-3000,No,Free shipping,Yes,Return policy,3,No,Very unlikely
Below 20,Female,Metro,Tamil Nadu,Business Owner,25000-50000,Frequently,Local exhibitions,Authenticity,Minimal modern,"Cushion covers, Laptop sleeves / utility pouches, Handbags",Tote bag,Decorative organizers,Heavy embroidery,No mirror work,Earth tones,Weddings,1000-2000,Above 4000,1500-3000,Sometimes,Festival combo pack,Depends on reviews,Brand story,1,Yes,Highly likely
Below 20,Male,Tier 2,Gujarat,Business Owner,Above 200000,Never,Online marketplaces,Utility,Minimal modern,"Cushion covers, Handbags",Office handbag,Wall décor textile,Heavy embroidery,Light mirror work,Earth tones,Office use,1000-2000,Above 4000,Below 500,Sometimes,Free shipping,Yes,Brand story,5,No,Highly likely
Below 20,Female,Tier 2,Gujarat,Freelancer,Above 200000,Occasionally,Instagram stores,Price,Traditional,Jackets / shrugs,Office handbag,Table runners,Moderate embroidery,No mirror work,Earth tones,Office use,500-1000,Above 4000,1500-3000,No,Buy 2 Get 1,Depends on reviews,Brand story,3,No,Unsure
21-30,Male,Tier 2,West Bengal,Business Owner,25000-50000,Occasionally,Retail stores,Brand,Depends on product,"Jackets / shrugs, Cushion covers, Handbags",Tote bag,Wall décor textile,Heavy embroidery,Light mirror work,Pastel shades,Office use,500-1000,2000-4000,500-1500,Strongly yes,Festival combo pack,No,Brand story,5,No,Highly likely
21-30,Female,Metro,Karnataka,Student,Below 25000,Frequently,Online marketplaces,Design,Traditional,"Cushion covers, Laptop sleeves / utility pouches, Jackets / shrugs",Clutch,Decorative organizers,Moderate embroidery,Strong mirror work,Earth tones,Office use,1000-2000,Below 1000,500-1500,Strongly yes,Festival combo pack,Yes,Return policy,5,No,Likely
21-30,Female,Tier 1,Delhi,Business Owner,100000-200000,Rarely,Online marketplaces,Design,Depends on product,Laptop sleeves / utility pouches,Tote bag,Table runners,Heavy embroidery,No mirror work,Black / neutral,Weddings,Above 2000,Above 4000,Below 500,Sometimes,Free shipping,Depends on reviews,Brand story,2,Yes,Unlikely
Below 20,Male,Tier 2,Tamil Nadu,Other,25000-50000,Occasionally,Instagram stores,Utility,Traditional,"Handbags, Gift sets",Office handbag,Table runners,Heavy embroidery,Strong mirror work,Black / neutral,Gifting,500-1000,1000-2000,Below 500,Strongly yes,Flat discount,Depends on reviews,Return policy,3,No,Unlikely
31-40,Female,Metro,Karnataka,Freelancer,50000-100000,Occasionally,Instagram stores,Authenticity,Depends on product,"Laptop sleeves / utility pouches, Jackets / shrugs, Cushion covers",Sling bag,Wall décor textile,Minimal embroidery,Strong mirror work,Pastel shades,Office use,1000-2000,2000-4000,1500-3000,Strongly yes,Free shipping,Depends on reviews,Return policy,1,Yes,Likely
41-50,Male,Tier 3 / Rural,Karnataka,Business Owner,100000-200000,Frequently,Online marketplaces,Utility,Minimal modern,"Jackets / shrugs, Handbags, Cushion covers",Clutch,Cushion covers,Heavy embroidery,Strong mirror work,Pastel shades,Gifting,1000-2000,Below 1000,Above 3000,Strongly yes,Free shipping,No,Brand story,2,Yes,Unsure
21-30,Female,Tier 2,Telangana,Student,25000-50000,Occasionally,Retail stores,Design,Minimal modern,"Cushion covers, Laptop sleeves / utility pouches",Tote bag,Decorative organizers,Heavy embroidery,Light mirror work,Black / neutral,Daily use,Above 2000,Above 4000,Above 3000,No,Flat discount,Depends on reviews,Brand story,2,No,Very unlikely
Above 50,Female,Tier 1,Gujarat,Other,25000-50000,Rarely,During travel,Authenticity,Depends on product,"Jackets / shrugs, Handbags",Tote bag,Decorative organizers,Minimal embroidery,Light mirror work,Pastel shades,Weddings,500-1000,Below 1000,Above 3000,No,Free shipping,Depends on reviews,Return policy,3,Yes,Unsure
21-30,Male,Tier 1,West Bengal,Salaried Employee,50000-100000,Occasionally,Online marketplaces,Utility,Minimal modern,"Gift sets, Cushion covers",Sling bag,Cushion covers,Moderate embroidery,No mirror work,Bright colors,Office use,1000-2000,2000-4000,Below 500,Strongly yes,Festival combo pack,No,Reviews,3,No,Unlikely
41-50,Female,Metro,Tamil Nadu,Salaried Employee,Above 200000,Occasionally,During travel,Utility,Depends on product,"Cushion covers, Laptop sleeves / utility pouches",Tote bag,Table runners,Minimal embroidery,Light mirror work,Black / neutral,Festive use,Below 500,1000-2000,Below 500,No,Buy 2 Get 1,No,Return policy,1,Yes,Highly likely
31-40,Male,Tier 2,Telangana,Student,50000-100000,Rarely,Instagram stores,Brand,Depends on product,"Handbags, Cushion covers, Gift sets",Sling bag,Decorative organizers,Moderate embroidery,No mirror work,Pastel shades,Gifting,Below 500,2000-4000,500-1500,Strongly yes,Festival combo pack,Yes,Reviews,1,Yes,Highly likely
31-40,Female,Metro,Delhi,Student,100000-200000,Never,Instagram stores,Design,Depends on product,"Jackets / shrugs, Gift sets, Cushion covers",Office handbag,Cushion covers,Minimal embroidery,No mirror work,Bright colors,Daily use,1000-2000,2000-4000,Above 3000,Strongly yes,Festival combo pack,Depends on reviews,Reviews,5,No,Likely
Below 20,Female,Metro,Gujarat,Freelancer,25000-50000,Never,Instagram stores,Utility,Fusion,Laptop sleeves / utility pouches,Sling bag,Cushion covers,Moderate embroidery,Strong mirror work,Bright colors,Gifting,Above 2000,1000-2000,1500-3000,No,Flat discount,No,Reviews,5,No,Unlikely
Below 20,Female,Tier 2,Karnataka,Salaried Employee,25000-50000,Never,Retail stores,Brand,Traditional,Handbags,Clutch,Decorative organizers,Heavy embroidery,Light mirror work,Bright colors,Festive use,Below 500,1000-2000,500-1500,No,Flat discount,Depends on reviews,Brand story,1,No,Unsure
21-30,Male,Tier 2,West Bengal,Business Owner,100000-200000,Rarely,During travel,Price,Traditional,Laptop sleeves / utility pouches,Sling bag,Decorative organizers,Moderate embroidery,Light mirror work,Earth tones,Daily use,500-1000,1000-2000,Above 3000,Sometimes,Flat discount,No,Return policy,5,Yes,Likely
Above 50,Female,Tier 2,Tamil Nadu,Homemaker,100000-200000,Never,Instagram stores,Design,Depends on product,Jackets / shrugs,Clutch,Cushion covers,Heavy embroidery,Light mirror work,Earth tones,Gifting,500-1000,Above 4000,Above 3000,No,Free shipping,Depends on reviews,Brand story,2,Yes,Unlikely
Above 50,Male,Tier 2,Tamil Nadu,Other,25000-50000,Occasionally,Local exhibitions,Brand,Fusion,Jackets / shrugs,Office handbag,Wall décor textile,Heavy embroidery,Strong mirror work,Bright colors,Daily use,500-1000,Below 1000,Above 3000,Strongly yes,Festival combo pack,Depends on reviews,Brand story,2,Yes,Unlikely
41-50,Male,Tier 1,Gujarat,Homemaker,Above 200000,Occasionally,Retail stores,Design,Depends on product,Jackets / shrugs,Tote bag,Decorative organizers,Moderate embroidery,Light mirror work,Pastel shades,Daily use,Below 500,2000-4000,500-1500,Strongly yes,Buy 2 Get 1,No,Brand story,5,No,Unsure
31-40,Female,Tier 2,Delhi,Business Owner,25000-50000,Rarely,Instagram stores,Design,Traditional,"Handbags, Laptop sleeves / utility pouches",Clutch,Wall décor textile,Minimal embroidery,Strong mirror work,Earth tones,Festive use,Above 2000,2000-4000,1500-3000,No,Flat discount,No,Product images,1,No,Unlikely
Above 50,Male,Tier 3 / Rural,Rajasthan,Homemaker,Above 200000,Never,During travel,Brand,Traditional,"Laptop sleeves / utility pouches, Gift sets",Office handbag,Decorative organizers,Minimal embroidery,Strong mirror work,Pastel shades,Office use,Below 500,1000-2000,1500-3000,Strongly yes,Festival combo pack,Depends on reviews,Return policy,5,Yes,Unlikely
41-50,Male,Tier 1,Tamil Nadu,Freelancer,50000-100000,Never,Online marketplaces,Design,Depends on product,Jackets / shrugs,Clutch,Cushion covers,Heavy embroidery,Strong mirror work,Pastel shades,Gifting,Below 500,Below 1000,Above 3000,Strongly yes,Free shipping,No,Reviews,5,No,Unlikely
Below 20,Male,Tier 1,Telangana,Other,50000-100000,Frequently,During travel,Utility,Minimal modern,"Laptop sleeves / utility pouches, Gift sets",Sling bag,Table runners,Moderate embroidery,Light mirror work,Earth tones,Gifting,Above 2000,2000-4000,1500-3000,No,Buy 2 Get 1,Yes,Reviews,3,Yes,Very unlikely
41-50,Male,Tier 3 / Rural,Rajasthan,Freelancer,Below 25000,Never,Local exhibitions,Brand,Fusion,"Cushion covers, Handbags, Gift sets",Office handbag,Wall décor textile,Moderate embroidery,No mirror work,Bright colors,Office use,Below 500,1000-2000,500-1500,No,Flat discount,Yes,Return policy,5,No,Unlikely
Above 50,Female,Tier 2,Tamil Nadu,Other,50000-100000,Frequently,Retail stores,Authenticity,Depends on product,"Handbags, Cushion covers, Laptop sleeves / utility pouches",Sling bag,Decorative organizers,Minimal embroidery,No mirror work,Black / neutral,Daily use,1000-2000,Above 4000,Below 500,Sometimes,Free shipping,No,Brand story,3,No,Unsure
31-40,Male,Metro,Rajasthan,Student,Above 200000,Rarely,Local exhibitions,Brand,Depends on product,Gift sets,Office handbag,Decorative organizers,Minimal embroidery,No mirror work,Black / neutral,Gifting,Below 500,Below 1000,Below 500,Strongly yes,Buy 2 Get 1,Yes,Product images,1,No,Very unlikely
Below 20,Male,Tier 2,Telangana,Student,50000-100000,Rarely,During travel,Price,Depends on product,"Gift sets, Laptop sleeves / utility pouches, Jackets / shrugs",Tote bag,Decorative organizers,Heavy embroidery,No mirror work,Bright colors,Daily use,500-1000,2000-4000,500-1500,No,Flat discount,No,Reviews,3,Yes,Likely
Below 20,Female,Tier 3 / Rural,Tamil Nadu,Homemaker,Above 200000,Never,Local exhibitions,Brand,Fusion,"Laptop sleeves / utility pouches, Jackets / shrugs",Clutch,Cushion covers,Moderate embroidery,Strong mirror work,Bright colors,Weddings,Below 500,Above 4000,1500-3000,Strongly yes,Festival combo pack,Yes,Brand story,5,Yes,Highly likely
41-50,Female,Metro,Rajasthan,Student,Above 200000,Frequently,Local exhibitions,Price,Depends on product,"Cushion covers, Jackets / shrugs",Clutch,Cushion covers,Heavy embroidery,No mirror work,Black / neutral,Gifting,1000-2000,2000-4000,500-1500,Sometimes,Buy 2 Get 1,Yes,Brand story,3,No,Highly likely
Above 50,Female,Tier 3 / Rural,Gujarat,Student,Above 200000,Rarely,Instagram stores,Authenticity,Depends on product,"Laptop sleeves / utility pouches, Gift sets, Handbags",Office handbag,Cushion covers,Heavy embroidery,Strong mirror work,Pastel shades,Gifting,Above 2000,2000-4000,Below 500,Strongly yes,Festival combo pack,No,Brand story,5,Yes,Unsure
21-30,Female,Tier 3 / Rural,Karnataka,Business Owner,100000-200000,Frequently,During travel,Price,Minimal modern,"Cushion covers, Laptop sleeves / utility pouches, Handbags",Tote bag,Cushion covers,Heavy embroidery,Light mirror work,Earth tones,Weddings,Below 500,1000-2000,Above 3000,Strongly yes,Free shipping,No,Product images,1,No,Unlikely
31-40,Male,Tier 3 / Rural,West Bengal,Homemaker,100000-200000,Frequently,Retail stores,Brand,Traditional,"Laptop sleeves / utility pouches, Cushion covers, Jackets / shrugs",Sling bag,Decorative organizers,Minimal embroidery,Light mirror work,Earth tones,Weddings,1000-2000,2000-4000,Below 500,Strongly yes,Flat discount,Depends on reviews,Reviews,5,Yes,Unlikely
31-40,Female,Metro,Maharashtra,Homemaker,Above 200000,Frequently,Local exhibitions,Price,Depends on product,Handbags,Clutch,Table runners,Heavy embroidery,Light mirror work,Earth tones,Office use,500-1000,Above 4000,Below 500,Strongly yes,Free shipping,No,Return policy,3,Yes,Very unlikely
Below 20,Male,Tier 2,Telangana,Salaried Employee,Below 25000,Frequently,During travel,Authenticity,Minimal modern,"Cushion covers, Handbags, Jackets / shrugs",Clutch,Cushion covers,Minimal embroidery,No mirror work,Bright colors,Daily use,Below 500,Below 1000,500-1500,Strongly yes,Festival combo pack,Depends on reviews,Return policy,5,Yes,Unsure
21-30,Male,Metro,Rajasthan,Other,50000-100000,Frequently,Online marketplaces,Design,Depends on product,Jackets / shrugs,Sling bag,Wall décor textile,Moderate embroidery,Light mirror work,Black / neutral,Weddings,500-1000,2000-4000,Below 500,No,Buy 2 Get 1,Yes,Reviews,1,No,Likely
Below 20,Prefer not to say,Tier 1,Tamil Nadu,Homemaker,25000-50000,Never,During travel,Price,Depends on product,"Handbags, Laptop sleeves / utility pouches",Sling bag,Cushion covers,Heavy embroidery,Light mirror work,Black / neutral,Office use,500-1000,2000-4000,1500-3000,No,Festival combo pack,No,Brand story,3,Yes,Unsure
Above 50,Female,Tier 3 / Rural,Gujarat,Student,Below 25000,Frequently,Instagram stores,Brand,Depends on product,"Gift sets, Jackets / shrugs, Cushion covers",Tote bag,Wall décor textile,Minimal embroidery,Light mirror work,Black / neutral,Weddings,500-1000,1000-2000,500-1500,Strongly yes,Flat discount,Depends on reviews,Return policy,2,Yes,Unsure
31-40,Female,Tier 2,Gujarat,Homemaker,50000-100000,Never,Instagram stores,Authenticity,Fusion,Handbags,Sling bag,Table runners,Minimal embroidery,No mirror work,Pastel shades,Gifting,1000-2000,2000-4000,Above 3000,No,Buy 2 Get 1,Depends on reviews,Product images,1,No,Unsure
41-50,Prefer not to say,Tier 2,Delhi,Student,25000-50000,Never,Local exhibitions,Utility,Fusion,"Laptop sleeves / utility pouches, Handbags",Office handbag,Table runners,Heavy embroidery,Light mirror work,Earth tones,Weddings,500-1000,1000-2000,Below 500,Sometimes,Festival combo pack,Depends on reviews,Product images,4,No,Likely
41-50,Female,Tier 1,Rajasthan,Other,Below 25000,Frequently,Retail stores,Brand,Traditional,"Gift sets, Cushion covers, Handbags",Office handbag,Decorative organizers,Moderate embroidery,Light mirror work,Black / neutral,Office use,1000-2000,1000-2000,1500-3000,No,Flat discount,Yes,Product images,5,No,Likely
Below 20,Male,Tier 1,Telangana,Homemaker,Below 25000,Occasionally,Retail stores,Utility,Depends on product,"Laptop sleeves / utility pouches, Jackets / shrugs, Cushion covers",Clutch,Cushion covers,Minimal embroidery,Light mirror work,Black / neutral,Weddings,Above 2000,Below 1000,1500-3000,Sometimes,Free shipping,No,Reviews,3,No,Unsure
41-50,Female,Tier 1,West Bengal,Salaried Employee,Above 200000,Rarely,Retail stores,Price,Depends on product,"Cushion covers, Laptop sleeves / utility pouches, Handbags",Clutch,Table runners,Heavy embroidery,Light mirror work,Bright colors,Weddings,1000-2000,1000-2000,500-1500,No,Free shipping,No,Product images,1,No,Unsure
Above 50,Male,Tier 2,Karnataka,Homemaker,25000-50000,Rarely,During travel,Price,Traditional,Laptop sleeves / utility pouches,Clutch,Cushion covers,Minimal embroidery,No mirror work,Earth tones,Weddings,Above 2000,2000-4000,500-1500,Strongly yes,Free shipping,No,Reviews,1,No,Unlikely
41-50,Female,Tier 1,Tamil Nadu,Homemaker,25000-50000,Frequently,During travel,Brand,Minimal modern,"Laptop sleeves / utility pouches, Handbags, Jackets / shrugs",Tote bag,Wall décor textile,Moderate embroidery,Strong mirror work,Black / neutral,Daily use,Above 2000,1000-2000,500-1500,Sometimes,Free shipping,Depends on reviews,Return policy,1,No,Likely
31-40,Female,Tier 1,Tamil Nadu,Salaried Employee,100000-200000,Occasionally,During travel,Price,Depends on product,"Cushion covers, Jackets / shrugs",Office handbag,Wall décor textile,Minimal embroidery,Light mirror work,Pastel shades,Weddings,Below 500,Below 1000,Above 3000,Strongly yes,Festival combo pack,Depends on reviews,Product images,3,Yes,Highly likely
21-30,Female,Tier 3 / Rural,Gujarat,Freelancer,Below 25000,Frequently,Local exhibitions,Utility,Depends on product,"Gift sets, Laptop sleeves / utility pouches, Handbags",Office handbag,Wall décor textile,Heavy embroidery,Strong mirror work,Black / neutral,Office use,Below 500,Below 1000,Above 3000,Strongly yes,Buy 2 Get 1,No,Reviews,1,No,Highly likely
21-30,Female,Tier 1,Maharashtra,Other,Below 25000,Never,During travel,Design,Traditional,Cushion covers,Office handbag,Decorative organizers,Moderate embroidery,Light mirror work,Black / neutral,Office use,1000-2000,2000-4000,Above 3000,Sometimes,Flat discount,No,Brand story,3,No,Unlikely
41-50,Female,Tier 1,Gujarat,Business Owner,100000-200000,Frequently,During travel,Design,Minimal modern,"Handbags, Cushion covers, Jackets / shrugs",Tote bag,Wall décor textile,Minimal embroidery,Light mirror work,Earth tones,Gifting,1000-2000,2000-4000,500-1500,No,Festival combo pack,Depends on reviews,Reviews,1,Yes,Unsure
Below 20,Male,Tier 2,Rajasthan,Homemaker,25000-50000,Never,Retail stores,Price,Minimal modern,"Handbags, Gift sets",Office handbag,Decorative organizers,Minimal embroidery,Strong mirror work,Earth tones,Daily use,Above 2000,1000-2000,Below 500,No,Flat discount,Depends on reviews,Product images,1,No,Very unlikely
31-40,Female,Tier 1,Delhi,Business Owner,Above 200000,Never,Retail stores,Price,Fusion,"Handbags, Laptop sleeves / utility pouches",Office handbag,Table runners,Moderate embroidery,Light mirror work,Black / neutral,Daily use,Below 500,Below 1000,Above 3000,Strongly yes,Flat discount,Depends on reviews,Product images,1,Yes,Unsure
Below 20,Male,Tier 1,Delhi,Student,25000-50000,Rarely,Online marketplaces,Utility,Minimal modern,Handbags,Clutch,Table runners,Moderate embroidery,Light mirror work,Black / neutral,Office use,Above 2000,Above 4000,Below 500,Sometimes,Free shipping,Depends on reviews,Product images,4,Yes,Unlikely
Above 50,Male,Tier 1,Gujarat,Freelancer,100000-200000,Occasionally,Retail stores,Price,Depends on product,"Laptop sleeves / utility pouches, Handbags",Sling bag,Cushion covers,Heavy embroidery,Light mirror work,Pastel shades,Office use,Above 2000,1000-2000,500-1500,No,Buy 2 Get 1,Depends on reviews,Brand story,3,Yes,Unlikely
Above 50,Female,Metro,Karnataka,Freelancer,Below 25000,Rarely,Local exhibitions,Price,Depends on product,Jackets / shrugs,Office handbag,Cushion covers,Heavy embroidery,Light mirror work,Bright colors,Weddings,Below 500,2000-4000,Below 500,Strongly yes,Free shipping,No,Brand story,4,No,Unlikely
31-40,Male,Tier 1,Gujarat,Student,50000-100000,Frequently,During travel,Authenticity,Depends on product,Handbags,Tote bag,Cushion covers,Heavy embroidery,Strong mirror work,Black / neutral,Office use,Above 2000,1000-2000,Above 3000,Strongly yes,Buy 2 Get 1,Depends on reviews,Product images,5,Yes,Likely
21-30,Female,Tier 3 / Rural,Karnataka,Student,100000-200000,Frequently,Local exhibitions,Brand,Minimal modern,Cushion covers,Tote bag,Cushion covers,Moderate embroidery,No mirror work,Pastel shades,Gifting,500-1000,Below 1000,500-1500,Sometimes,Festival combo pack,Depends on reviews,Return policy,3,Yes,Very unlikely
41-50,Female,Tier 1,Delhi,Student,25000-50000,Never,During travel,Design,Depends on product,"Laptop sleeves / utility pouches, Handbags",Tote bag,Decorative organizers,Moderate embroidery,Strong mirror work,Pastel shades,Daily use,500-1000,Below 1000,Above 3000,Sometimes,Flat discount,No,Product images,5,No,Unsure
41-50,Male,Tier 1,Maharashtra,Freelancer,100000-200000,Never,Instagram stores,Design,Depends on product,"Handbags, Gift sets",Office handbag,Wall décor textile,Minimal embroidery,Strong mirror work,Bright colors,Festive use,Above 2000,1000-2000,1500-3000,Sometimes,Buy 2 Get 1,Depends on reviews,Brand story,5,No,Unsure
41-50,Male,Tier 3 / Rural,Telangana,Other,25000-50000,Occasionally,During travel,Utility,Minimal modern,"Laptop sleeves / utility pouches, Gift sets, Cushion covers",Clutch,Cushion covers,Heavy embroidery,No mirror work,Pastel shades,Gifting,Above 2000,Above 4000,1500-3000,Sometimes,Free shipping,Depends on reviews,Brand story,1,Yes,Unlikely
Above 50,Female,Metro,Telangana,Salaried Employee,Above 200000,Frequently,Online marketplaces,Brand,Fusion,Cushion covers,Office handbag,Decorative organizers,Moderate embroidery,Strong mirror work,Pastel shades,Festive use,Above 2000,Above 4000,1500-3000,Strongly yes,Flat discount,Yes,Brand story,4,No,Likely
41-50,Female,Tier 2,Maharashtra,Other,25000-50000,Never,Online marketplaces,Brand,Traditional,"Jackets / shrugs, Cushion covers",Clutch,Table runners,Heavy embroidery,No mirror work,Earth tones,Gifting,Above 2000,Below 1000,1500-3000,Sometimes,Free shipping,Depends on reviews,Brand story,4,Yes,Very unlikely
Below 20,Male,Tier 3 / Rural,Karnataka,Other,Above 200000,Rarely,Instagram stores,Authenticity,Fusion,"Jackets / shrugs, Cushion covers, Gift sets",Tote bag,Decorative organizers,Minimal embroidery,Light mirror work,Black / neutral,Festive use,500-1000,Above 4000,Below 500,No,Buy 2 Get 1,Depends on reviews,Return policy,5,Yes,Unlikely
41-50,Female,Tier 1,Gujarat,Salaried Employee,25000-50000,Frequently,Local exhibitions,Price,Traditional,Laptop sleeves / utility pouches,Sling bag,Decorative organizers,Moderate embroidery,Light mirror work,Black / neutral,Daily use,Above 2000,Below 1000,Above 3000,No,Flat discount,No,Brand story,5,Yes,Unlikely
Above 50,Female,Tier 1,Maharashtra,Other,50000-100000,Occasionally,Online marketplaces,Utility,Minimal modern,Gift sets,Office handbag,Cushion covers,Heavy embroidery,Strong mirror work,Black / neutral,Office use,Above 2000,Above 4000,500-1500,No,Flat discount,Yes,Product images,3,Yes,Likely
31-40,Male,Metro,Rajasthan,Business Owner,Below 25000,Frequently,Online marketplaces,Design,Traditional,"Laptop sleeves / utility pouches, Gift sets",Tote bag,Cushion covers,Heavy embroidery,Strong mirror work,Bright colors,Weddings,Above 2000,2000-4000,Above 3000,Sometimes,Free shipping,Yes,Return policy,3,No,Unlikely
41-50,Female,Tier 1,Karnataka,Salaried Employee,100000-200000,Occasionally,Local exhibitions,Price,Traditional,"Handbags, Laptop sleeves / utility pouches",Clutch,Wall décor textile,Moderate embroidery,Strong mirror work,Pastel shades,Daily use,Below 500,Below 1000,Above 3000,No,Festival combo pack,Depends on reviews,Product images,3,Yes,Likely
Above 50,Male,Tier 1,Delhi,Homemaker,Below 25000,Frequently,Retail stores,Authenticity,Minimal modern,"Handbags, Gift sets, Cushion covers",Office handbag,Wall décor textile,Heavy embroidery,Strong mirror work,Pastel shades,Gifting,1000-2000,Above 4000,Above 3000,No,Free shipping,Depends on reviews,Return policy,3,No,Highly likely
31-40,Female,Tier 2,Gujarat,Homemaker,25000-50000,Frequently,Local exhibitions,Utility,Traditional,"Laptop sleeves / utility pouches, Gift sets",Tote bag,Cushion covers,Moderate embroidery,Strong mirror work,Earth tones,Weddings,Above 2000,2000-4000,1500-3000,No,Free shipping,Yes,Brand story,3,No,Likely
31-40,Prefer not to say,Tier 3 / Rural,West Bengal,Homemaker,Above 200000,Rarely,Local exhibitions,Authenticity,Fusion,"Cushion covers, Gift sets, Jackets / shrugs",Office handbag,Cushion covers,Heavy embroidery,Light mirror work,Pastel shades,Festive use,500-1000,Above 4000,Below 500,No,Festival combo pack,Depends on reviews,Return policy,5,No,Unsure
41-50,Male,Metro,Telangana,Homemaker,Above 200000,Never,During travel,Price,Depends on product,"Jackets / shrugs, Cushion covers",Office handbag,Decorative organizers,Moderate embroidery,No mirror work,Black / neutral,Festive use,Below 500,Below 1000,500-1500,No,Buy 2 Get 1,Yes,Reviews,1,Yes,Very unlikely
31-40,Male,Tier 3 / Rural,Karnataka,Homemaker,Below 25000,Rarely,During travel,Authenticity,Minimal modern,Jackets / shrugs,Clutch,Wall décor textile,Heavy embroidery,Light mirror work,Black / neutral,Gifting,Below 500,Below 1000,500-1500,Strongly yes,Festival combo pack,Depends on reviews,Reviews,3,Yes,Unlikely
21-30,Male,Tier 3 / Rural,Maharashtra,Freelancer,25000-50000,Rarely,Local exhibitions,Price,Depends on product,"Handbags, Laptop sleeves / utility pouches",Sling bag,Decorative organizers,Minimal embroidery,No mirror work,Earth tones,Daily use,1000-2000,2000-4000,Below 500,Strongly yes,Flat discount,Yes,Reviews,4,Yes,Likely
31-40,Male,Metro,Delhi,Student,Below 25000,Never,Local exhibitions,Design,Depends on product,"Cushion covers, Gift sets, Handbags",Tote bag,Table runners,Minimal embroidery,No mirror work,Pastel shades,Daily use,500-1000,Above 4000,Below 500,Sometimes,Flat discount,Depends on reviews,Product images,2,Yes,Likely
31-40,Female,Metro,Rajasthan,Homemaker,100000-200000,Rarely,Instagram stores,Design,Fusion,Handbags,Sling bag,Wall décor textile,Heavy embroidery,No mirror work,Pastel shades,Weddings,1000-2000,2000-4000,500-1500,No,Buy 2 Get 1,Yes,Product images,1,Yes,Unsure
Below 20,Male,Tier 2,Tamil Nadu,Business Owner,Above 200000,Occasionally,Instagram stores,Brand,Traditional,"Cushion covers, Handbags",Clutch,Decorative organizers,Moderate embroidery,No mirror work,Bright colors,Gifting,500-1000,Below 1000,Above 3000,No,Free shipping,Depends on reviews,Return policy,3,Yes,Unlikely
Below 20,Female,Metro,West Bengal,Other,Below 25000,Frequently,Retail stores,Brand,Minimal modern,"Jackets / shrugs, Gift sets",Office handbag,Cushion covers,Heavy embroidery,Light mirror work,Earth tones,Office use,Above 2000,Below 1000,Below 500,No,Buy 2 Get 1,No,Return policy,5,Yes,Very unlikely
21-30,Male,Metro,Gujarat,Other,Below 25000,Frequently,Retail stores,Authenticity,Traditional,"Jackets / shrugs, Gift sets",Office handbag,Wall décor textile,Minimal embroidery,Strong mirror work,Bright colors,Gifting,500-1000,Below 1000,Above 3000,Strongly yes,Buy 2 Get 1,Yes,Product images,4,No,Highly likely
21-30,Male,Tier 3 / Rural,Telangana,Other,100000-200000,Frequently,Retail stores,Price,Depends on product,"Laptop sleeves / utility pouches, Jackets / shrugs",Tote bag,Decorative organizers,Moderate embroidery,Light mirror work,Black / neutral,Gifting,Above 2000,Above 4000,Below 500,Sometimes,Flat discount,Depends on reviews,Reviews,3,Yes,Very unlikely
21-30,Male,Metro,Tamil Nadu,Student,100000-200000,Never,Instagram stores,Utility,Traditional,Cushion covers,Tote bag,Wall décor textile,Moderate embroidery,Strong mirror work,Black / neutral,Daily use,1000-2000,Above 4000,500-1500,No,Free shipping,Yes,Product images,3,Yes,Likely
Above 50,Male,Tier 2,Rajasthan,Homemaker,25000-50000,Frequently,During travel,Authenticity,Fusion,"Gift sets, Laptop sleeves / utility pouches, Jackets / shrugs",Office handbag,Cushion covers,Minimal embroidery,No mirror work,Bright colors,Office use,500-1000,Above 4000,1500-3000,Sometimes,Flat discount,Yes,Brand story,2,Yes,Very unlikely
Above 50,Male,Tier 2,Maharashtra,Other,100000-200000,Frequently,During travel,Design,Traditional,"Cushion covers, Laptop sleeves / utility pouches",Tote bag,Decorative organizers,Minimal embroidery,Light mirror work,Earth tones,Daily use,Below 500,Below 1000,1500-3000,Sometimes,Flat discount,No,Reviews,4,No,Unsure
31-40,Female,Tier 1,Tamil Nadu,Freelancer,100000-200000,Never,Retail stores,Design,Traditional,Gift sets,Sling bag,Decorative organizers,Heavy embroidery,Strong mirror work,Earth tones,Gifting,Above 2000,Below 1000,1500-3000,No,Flat discount,No,Brand story,1,Yes,Highly likely
Above 50,Female,Tier 3 / Rural,Telangana,Homemaker,100000-200000,Occasionally,Instagram stores,Utility,Minimal modern,Laptop sleeves / utility pouches,Tote bag,Wall décor textile,Minimal embroidery,Light mirror work,Pastel shades,Festive use,Below 500,Below 1000,Below 500,Sometimes,Free shipping,No,Return policy,5,No,Unsure
41-50,Female,Tier 2,Tamil Nadu,Freelancer,50000-100000,Never,Instagram stores,Price,Fusion,"Cushion covers, Jackets / shrugs",Clutch,Table runners,Heavy embroidery,No mirror work,Earth tones,Festive use,Below 500,2000-4000,Above 3000,Sometimes,Buy 2 Get 1,No,Return policy,1,No,Highly likely
21-30,Male,Tier 3 / Rural,West Bengal,Business Owner,Below 25000,Rarely,During travel,Brand,Fusion,"Handbags, Cushion covers",Office handbag,Table runners,Heavy embroidery,Light mirror work,Pastel shades,Festive use,Below 500,1000-2000,Below 500,No,Buy 2 Get 1,No,Return policy,5,No,Highly likely
31-40,Female,Metro,Tamil Nadu,Freelancer,25000-50000,Rarely,During travel,Price,Traditional,"Handbags, Gift sets, Jackets / shrugs",Sling bag,Wall décor textile,Moderate embroidery,Strong mirror work,Bright colors,Office use,Above 2000,2000-4000,1500-3000,No,Flat discount,No,Reviews,5,No,Likely
21-30,Male,Tier 2,Tamil Nadu,Freelancer,50000-100000,Never,Online marketplaces,Brand,Traditional,"Handbags, Laptop sleeves / utility pouches, Cushion covers",Sling bag,Cushion covers,Minimal embroidery,Strong mirror work,Black / neutral,Gifting,Above 2000,Below 1000,500-1500,No,Buy 2 Get 1,Depends on reviews,Reviews,2,Yes,Unlikely
Above 50,Male,Tier 3 / Rural,Maharashtra,Business Owner,Below 25000,Never,Instagram stores,Design,Depends on product,"Laptop sleeves / utility pouches, Gift sets, Jackets / shrugs",Clutch,Cushion covers,Heavy embroidery,No mirror work,Bright colors,Office use,Below 500,2000-4000,Below 500,Sometimes,Free shipping,No,Brand story,5,No,Unsure
21-30,Male,Tier 2,Maharashtra,Business Owner,25000-50000,Occasionally,During travel,Price,Fusion,"Gift sets, Laptop sleeves / utility pouches, Cushion covers",Sling bag,Table runners,Heavy embroidery,No mirror work,Bright colors,Weddings,500-1000,Below 1000,1500-3000,No,Buy 2 Get 1,Yes,Brand story,5,Yes,Likely
Above 50,Female,Tier 1,Telangana,Homemaker,50000-100000,Rarely,Retail stores,Design,Minimal modern,"Jackets / shrugs, Cushion covers, Laptop sleeves / utility pouches",Office handbag,Decorative organizers,Heavy embroidery,No mirror work,Pastel shades,Festive use,500-1000,Above 4000,500-1500,No,Festival combo pack,Yes,Return policy,1,Yes,Unsure
Above 50,Female,Tier 1,Gujarat,Salaried Employee,50000-100000,Rarely,Retail stores,Utility,Minimal modern,"Cushion covers, Gift sets, Jackets / shrugs",Clutch,Cushion covers,Minimal embroidery,No mirror work,Bright colors,Weddings,Below 500,1000-2000,500-1500,Strongly yes,Buy 2 Get 1,No,Return policy,1,Yes,Likely
21-30,Female,Metro,West Bengal,Freelancer,50000-100000,Never,Retail stores,Price,Minimal modern,"Laptop sleeves / utility pouches, Jackets / shrugs",Office handbag,Cushion covers,Moderate embroidery,Strong mirror work,Pastel shades,Weddings,Above 2000,Above 4000,Below 500,Sometimes,Buy 2 Get 1,Depends on reviews,Brand story,4,No,Unlikely
31-40,Male,Tier 2,Delhi,Freelancer,Below 25000,Rarely,Local exhibitions,Utility,Depends on product,"Laptop sleeves / utility pouches, Cushion covers, Jackets / shrugs",Office handbag,Table runners,Moderate embroidery,No mirror work,Earth tones,Office use,Below 500,2000-4000,Above 3000,Strongly yes,Buy 2 Get 1,No,Brand story,2,No,Unsure
41-50,Female,Tier 1,Karnataka,Student,Below 25000,Frequently,During travel,Price,Minimal modern,"Cushion covers, Gift sets, Jackets / shrugs",Clutch,Table runners,Minimal embroidery,No mirror work,Black / neutral,Office use,Above 2000,2000-4000,1500-3000,Sometimes,Flat discount,Depends on reviews,Return policy,1,Yes,Unsure
31-40,Female,Tier 1,Rajasthan,Other,100000-200000,Frequently,Retail stores,Authenticity,Depends on product,Jackets / shrugs,Office handbag,Cushion covers,Heavy embroidery,Light mirror work,Black / neutral,Daily use,Above 2000,Below 1000,1500-3000,Strongly yes,Flat discount,Yes,Reviews,4,Yes,Likely
Above 50,Female,Tier 3 / Rural,West Bengal,Homemaker,Below 25000,Never,Online marketplaces,Brand,Minimal modern,"Jackets / shrugs, Gift sets, Cushion covers",Sling bag,Decorative organizers,Moderate embroidery,Light mirror work,Bright colors,Weddings,Below 500,1000-2000,1500-3000,No,Festival combo pack,No,Reviews,4,No,Unsure
41-50,Male,Tier 1,Rajasthan,Business Owner,25000-50000,Frequently,Retail stores,Price,Minimal modern,"Handbags, Gift sets",Tote bag,Table runners,Heavy embroidery,Light mirror work,Pastel shades,Gifting,Below 500,Above 4000,1500-3000,Sometimes,Buy 2 Get 1,Yes,Product images,1,No,Highly likely
41-50,Female,Tier 1,West Bengal,Freelancer,100000-200000,Occasionally,During travel,Price,Depends on product,"Laptop sleeves / utility pouches, Gift sets, Jackets / shrugs",Sling bag,Table runners,Moderate embroidery,Strong mirror work,Earth tones,Weddings,Above 2000,Below 1000,Below 500,Strongly yes,Flat discount,Depends on reviews,Brand story,1,No,Highly likely
Below 20,Male,Metro,Tamil Nadu,Other,Above 200000,Occasionally,Instagram stores,Brand,Minimal modern,"Cushion covers, Jackets / shrugs",Office handbag,Cushion covers,Moderate embroidery,Light mirror work,Pastel shades,Daily use,Below 500,1000-2000,Below 500,No,Flat discount,Yes,Product images,3,No,Likely
Below 20,Female,Tier 3 / Rural,West Bengal,Salaried Employee,100000-200000,Frequently,Online marketplaces,Utility,Fusion,"Gift sets, Jackets / shrugs, Cushion covers",Tote bag,Decorative organizers,Moderate embroidery,Light mirror work,Earth tones,Office use,Above 2000,Above 4000,1500-3000,Strongly yes,Buy 2 Get 1,Depends on reviews,Product images,5,No,Highly likely
21-30,Male,Tier 1,Rajasthan,Homemaker,Above 200000,Occasionally,During travel,Price,Fusion,Cushion covers,Sling bag,Wall décor textile,Heavy embroidery,Light mirror work,Bright colors,Gifting,500-1000,Below 1000,500-1500,Sometimes,Free shipping,Depends on reviews,Reviews,3,No,Unsure
21-30,Female,Tier 3 / Rural,Karnataka,Homemaker,50000-100000,Rarely,Instagram stores,Brand,Traditional,Jackets / shrugs,Clutch,Wall décor textile,Moderate embroidery,No mirror work,Bright colors,Daily use,Above 2000,2000-4000,Above 3000,Strongly yes,Flat discount,Depends on reviews,Product images,2,Yes,Very unlikely
21-30,Female,Metro,Rajasthan,Freelancer,Below 25000,Never,During travel,Utility,Traditional,"Handbags, Jackets / shrugs, Cushion covers",Office handbag,Table runners,Moderate embroidery,Strong mirror work,Earth tones,Festive use,1000-2000,2000-4000,500-1500,Sometimes,Free shipping,Depends on reviews,Return policy,2,Yes,Unlikely
Below 20,Female,Metro,Maharashtra,Student,50000-100000,Occasionally,Instagram stores,Design,Depends on product,"Cushion covers, Jackets / shrugs",Sling bag,Wall décor textile,Moderate embroidery,Strong mirror work,Pastel shades,Office use,500-1000,2000-4000,500-1500,No,Festival combo pack,No,Brand story,1,Yes,Unlikely
21-30,Female,Metro,West Bengal,Business Owner,100000-200000,Never,Retail stores,Utility,Fusion,"Gift sets, Laptop sleeves / utility pouches, Cushion covers",Clutch,Decorative organizers,Minimal embroidery,Light mirror work,Earth tones,Daily use,1000-2000,1000-2000,Below 500,Sometimes,Festival combo pack,Yes,Return policy,4,Yes,Unlikely
Below 20,Male,Metro,Gujarat,Homemaker,25000-50000,Frequently,Local exhibitions,Authenticity,Minimal modern,"Laptop sleeves / utility pouches, Jackets / shrugs, Gift sets",Office handbag,Decorative organizers,Heavy embroidery,No mirror work,Pastel shades,Weddings,Below 500,Above 4000,500-1500,No,Buy 2 Get 1,Depends on reviews,Brand story,3,No,Highly likely
Above 50,Female,Tier 1,Maharashtra,Salaried Employee,50000-100000,Never,Retail stores,Design,Minimal modern,"Laptop sleeves / utility pouches, Cushion covers, Jackets / shrugs",Clutch,Wall décor textile,Moderate embroidery,Strong mirror work,Bright colors,Daily use,1000-2000,Above 4000,500-1500,Strongly yes,Free shipping,Yes,Return policy,4,Yes,Very unlikely
Below 20,Male,Metro,Rajasthan,Other,Above 200000,Frequently,Retail stores,Price,Minimal modern,"Gift sets, Handbags",Sling bag,Decorative organizers,Heavy embroidery,No mirror work,Earth tones,Weddings,1000-2000,Above 4000,Below 500,Strongly yes,Free shipping,Depends on reviews,Reviews,5,No,Likely
21-30,Female,Tier 1,Rajasthan,Other,25000-50000,Rarely,Online marketplaces,Brand,Traditional,"Gift sets, Cushion covers",Office handbag,Wall décor textile,Minimal embroidery,Strong mirror work,Bright colors,Weddings,Below 500,Above 4000,500-1500,No,Festival combo pack,Depends on reviews,Brand story,5,Yes,Likely
41-50,Prefer not to say,Tier 2,Telangana,Homemaker,25000-50000,Rarely,Local exhibitions,Price,Fusion,"Gift sets, Cushion covers",Clutch,Wall décor textile,Moderate embroidery,Light mirror work,Pastel shades,Daily use,500-1000,Above 4000,1500-3000,Sometimes,Flat discount,Depends on reviews,Product images,4,No,Unsure
41-50,Female,Tier 1,Telangana,Student,Below 25000,Frequently,Retail stores,Price,Fusion,"Gift sets, Jackets / shrugs, Handbags",Tote bag,Table runners,Moderate embroidery,Light mirror work,Earth tones,Weddings,1000-2000,Below 1000,1500-3000,No,Buy 2 Get 1,Yes,Return policy,1,Yes,Highly likely
31-40,Male,Tier 1,Telangana,Student,25000-50000,Never,Local exhibitions,Brand,Depends on product,"Laptop sleeves / utility pouches, Gift sets, Jackets / shrugs",Office handbag,Wall décor textile,Minimal embroidery,No mirror work,Bright colors,Festive use,500-1000,Above 4000,500-1500,Strongly yes,Free shipping,Depends on reviews,Return policy,1,Yes,Unsure
41-50,Female,Metro,West Bengal,Homemaker,25000-50000,Frequently,During travel,Utility,Traditional,Jackets / shrugs,Office handbag,Cushion covers,Heavy embroidery,Light mirror work,Earth tones,Office use,500-1000,Above 4000,Above 3000,Strongly yes,Free shipping,No,Product images,3,Yes,Likely
31-40,Female,Tier 2,Maharashtra,Homemaker,,Never,Local exhibitions,Price,Depends on product,"Jackets / shrugs, Gift sets, Laptop sleeves / utility pouches",Sling bag,Decorative organizers,Minimal embroidery,Strong mirror work,Bright colors,Office use,500-1000,1000-2000,1500-3000,No,Flat discount,Depends on reviews,Return policy,2,Yes,Unlikely
21-30,Male,Tier 2,Maharashtra,Homemaker,Below 25000,Rarely,Retail stores,Authenticity,Minimal modern,"Cushion covers, Handbags, Jackets / shrugs",Tote bag,Cushion covers,Moderate embroidery,Strong mirror work,Black / neutral,Daily use,Above 2000,1000-2000,Above 3000,Strongly yes,Festival combo pack,Yes,Reviews,5,Yes,Highly likely
31-40,Male,Tier 2,Delhi,Homemaker,50000-100000,Occasionally,During travel,Utility,Traditional,"Cushion covers, Laptop sleeves / utility pouches, Jackets / shrugs",Sling bag,Wall décor textile,Minimal embroidery,Light mirror work,Pastel shades,Office use,500-1000,2000-4000,Below 500,Sometimes,Flat discount,Yes,Product images,1,Yes,Highly likely
21-30,Male,Tier 3 / Rural,Gujarat,Freelancer,Above 200000,Frequently,Instagram stores,Price,Traditional,"Jackets / shrugs, Gift sets, Laptop sleeves / utility pouches",Office handbag,Decorative organizers,Heavy embroidery,Strong mirror work,Black / neutral,Gifting,1000-2000,2000-4000,1500-3000,Sometimes,Free shipping,Yes,Product images,3,Yes,Unsure
Below 20,Female,Tier 2,Tamil Nadu,Salaried Employee,Above 200000,Rarely,Retail stores,Authenticity,Depends on product,"Laptop sleeves / utility pouches, Cushion covers, Gift sets",Sling bag,Cushion covers,Minimal embroidery,Strong mirror work,Bright colors,Festive use,500-1000,Below 1000,Below 500,Strongly yes,Free shipping,No,Return policy,4,Yes,Highly likely
31-40,Female,Metro,Tamil Nadu,Freelancer,Below 25000,Frequently,Online marketplaces,Authenticity,Fusion,"Cushion covers, Gift sets, Handbags",Sling bag,Table runners,Moderate embroidery,Light mirror work,Black / neutral,Gifting,500-1000,2000-4000,Below 500,Sometimes,Flat discount,Yes,Brand story,4,No,Likely
Below 20,Male,Metro,West Bengal,Homemaker,25000-50000,Occasionally,Online marketplaces,Design,Depends on product,Jackets / shrugs,Tote bag,Table runners,Minimal embroidery,Light mirror work,Pastel shades,Gifting,1000-2000,1000-2000,1500-3000,Strongly yes,Festival combo pack,No,Return policy,5,Yes,Unlikely
Below 20,Female,Tier 1,West Bengal,Business Owner,50000-100000,Occasionally,Instagram stores,Design,Traditional,"Gift sets, Laptop sleeves / utility pouches",Clutch,Wall décor textile,Heavy embroidery,Light mirror work,Black / neutral,Weddings,500-1000,Below 1000,Below 500,Strongly yes,Free shipping,Yes,Reviews,3,No,Unsure
41-50,Female,Metro,Telangana,Freelancer,Above 200000,Frequently,Online marketplaces,Design,Depends on product,"Jackets / shrugs, Laptop sleeves / utility pouches, Handbags",Tote bag,Wall décor textile,Heavy embroidery,Light mirror work,Pastel shades,Weddings,500-1000,Below 1000,Above 3000,Sometimes,Buy 2 Get 1,Depends on reviews,Brand story,4,Yes,Unlikely
41-50,Female,Tier 1,West Bengal,Other,25000-50000,Occasionally,Online marketplaces,Price,Fusion,Handbags,Office handbag,Table runners,Minimal embroidery,Light mirror work,Black / neutral,Weddings,Below 500,2000-4000,Above 3000,No,Buy 2 Get 1,Yes,Product images,1,Yes,Unlikely
21-30,Male,Tier 1,Tamil Nadu,Other,50000-100000,Rarely,Local exhibitions,Price,Traditional,"Laptop sleeves / utility pouches, Jackets / shrugs",Sling bag,Decorative organizers,Heavy embroidery,No mirror work,Bright colors,Daily use,1000-2000,2000-4000,Above 3000,No,Festival combo pack,Depends on reviews,Brand story,2,Yes,Likely
31-40,Male,Metro,Delhi,Salaried Employee,Below 25000,Rarely,During travel,Authenticity,Depends on product,"Jackets / shrugs, Cushion covers",Office handbag,Decorative organizers,Minimal embroidery,Strong mirror work,Earth tones,Daily use,Below 500,1000-2000,Below 500,Sometimes,Buy 2 Get 1,Depends on reviews,Reviews,1,No,Unsure
Below 20,Male,Metro,Rajasthan,Business Owner,50000-100000,Frequently,Instagram stores,Authenticity,Minimal modern,"Handbags, Gift sets",Office handbag,Wall décor textile,Heavy embroidery,No mirror work,Earth tones,Weddings,Below 500,Below 1000,Below 500,Strongly yes,Buy 2 Get 1,No,Brand story,4,Yes,Likely
31-40,Male,Tier 1,Gujarat,Student,Above 200000,Never,Local exhibitions,Authenticity,Minimal modern,"Cushion covers, Gift sets",Office handbag,Cushion covers,Moderate embroidery,No mirror work,Bright colors,Festive use,500-1000,1000-2000,Above 3000,No,Festival combo pack,No,Brand story,4,Yes,Unlikely
21-30,Male,Tier 3 / Rural,West Bengal,Salaried Employee,50000-100000,Rarely,Local exhibitions,Price,Depends on product,"Laptop sleeves / utility pouches, Cushion covers",Sling bag,Decorative organizers,Minimal embroidery,No mirror work,Bright colors,Daily use,500-1000,1000-2000,500-1500,Sometimes,Buy 2 Get 1,Yes,Return policy,5,No,Highly likely
Below 20,Female,Metro,West Bengal,Freelancer,Below 25000,Never,Local exhibitions,Price,Depends on product,"Handbags, Gift sets, Laptop sleeves / utility pouches",Sling bag,Wall décor textile,Moderate embroidery,Strong mirror work,Earth tones,Gifting,500-1000,2000-4000,500-1500,Strongly yes,Buy 2 Get 1,Depends on reviews,Brand story,4,Yes,Highly likely
31-40,Female,Tier 2,Delhi,Freelancer,Below 25000,Rarely,Instagram stores,Design,Depends on product,"Handbags, Jackets / shrugs",Clutch,Decorative organizers,Heavy embroidery,Strong mirror work,Earth tones,Gifting,1000-2000,1000-2000,Above 3000,Sometimes,Flat discount,No,Product images,3,No,Highly likely
31-40,Female,Metro,Telangana,Homemaker,Below 25000,Never,During travel,Price,Fusion,"Handbags, Cushion covers, Jackets / shrugs",Clutch,Wall décor textile,Heavy embroidery,Light mirror work,Bright colors,Office use,Below 500,2000-4000,1500-3000,Strongly yes,Flat discount,Yes,Product images,1,No,Unlikely
Above 50,Male,Tier 3 / Rural,Telangana,Other,50000-100000,Occasionally,Retail stores,Authenticity,Traditional,"Handbags, Gift sets",Office handbag,Wall décor textile,Heavy embroidery,Light mirror work,Bright colors,Office use,Above 2000,1000-2000,Above 3000,No,Buy 2 Get 1,Yes,Product images,4,Yes,Unsure
31-40,Male,Tier 2,Gujarat,Homemaker,100000-200000,Rarely,Retail stores,Price,Depends on product,Laptop sleeves / utility pouches,Clutch,Cushion covers,Minimal embroidery,Strong mirror work,Pastel shades,Gifting,Below 500,2000-4000,1500-3000,Sometimes,Free shipping,Depends on reviews,Return policy,3,Yes,Unlikely
41-50,Female,Tier 1,Maharashtra,Student,100000-200000,Rarely,Instagram stores,Utility,Depends on product,"Handbags, Laptop sleeves / utility pouches, Gift sets",Tote bag,Cushion covers,Heavy embroidery,Strong mirror work,Earth tones,Office use,Above 2000,1000-2000,Above 3000,Sometimes,Buy 2 Get 1,No,Brand story,2,No,Likely
31-40,Male,Tier 1,Tamil Nadu,Other,100000-200000,Rarely,Online marketplaces,Utility,Minimal modern,Gift sets,Sling bag,Decorative organizers,Heavy embroidery,Strong mirror work,Pastel shades,Gifting,Above 2000,2000-4000,1500-3000,Sometimes,Buy 2 Get 1,Depends on reviews,Reviews,3,No,Likely
Above 50,Male,Tier 3 / Rural,West Bengal,Homemaker,100000-200000,Occasionally,Instagram stores,Utility,Depends on product,Jackets / shrugs,Tote bag,Cushion covers,Moderate embroidery,No mirror work,Black / neutral,Festive use,1000-2000,Below 1000,1500-3000,Sometimes,Buy 2 Get 1,Depends on reviews,Return policy,5,Yes,Unlikely
31-40,Male,Metro,Delhi,Homemaker,100000-200000,Frequently,Retail stores,Utility,Depends on product,"Laptop sleeves / utility pouches, Gift sets",Sling bag,Decorative organizers,Minimal embroidery,No mirror work,Pastel shades,Daily use,Above 2000,1000-2000,500-1500,Sometimes,Free shipping,No,Product images,5,No,Unsure
41-50,Male,Metro,West Bengal,Business Owner,Below 25000,Never,Local exhibitions,Price,Fusion,Jackets / shrugs,Sling bag,Decorative organizers,Moderate embroidery,Light mirror work,Pastel shades,Daily use,Above 2000,2000-4000,Below 500,Sometimes,Festival combo pack,Yes,Brand story,2,Yes,Unlikely
Below 20,Female,Metro,Telangana,Homemaker,100000-200000,Never,Instagram stores,Design,Traditional,"Jackets / shrugs, Handbags",Tote bag,Table runners,Moderate embroidery,Strong mirror work,Earth tones,Daily use,1000-2000,Above 4000,500-1500,Sometimes,Flat discount,No,Brand story,1,Yes,Unlikely
Below 20,Female,Tier 2,Rajasthan,Homemaker,50000-100000,Rarely,Retail stores,Utility,Minimal modern,"Cushion covers, Laptop sleeves / utility pouches, Jackets / shrugs",Clutch,Decorative organizers,Moderate embroidery,Strong mirror work,Bright colors,Festive use,500-1000,Above 4000,Below 500,Strongly yes,Buy 2 Get 1,No,Product images,2,No,Very unlikely
Above 50,Male,Tier 3 / Rural,Rajasthan,Homemaker,100000-200000,Occasionally,Online marketplaces,Utility,Fusion,"Cushion covers, Gift sets",Sling bag,Decorative organizers,Moderate embroidery,Strong mirror work,Earth tones,Festive use,1000-2000,Below 1000,Above 3000,Sometimes,Festival combo pack,Depends on reviews,Brand story,1,No,Likely
Below 20,Male,Tier 1,West Bengal,Other,,Never,Retail stores,Design,Fusion,"Jackets / shrugs, Laptop sleeves / utility pouches",Sling bag,Table runners,Minimal embroidery,Light mirror work,Bright colors,Weddings,1000-2000,Above 4000,Below 500,No,Flat discount,Depends on reviews,Reviews,5,No,Unlikely
31-40,Male,Metro,Delhi,Freelancer,50000-100000,Never,Local exhibitions,Price,Traditional,Gift sets,Office handbag,Decorative organizers,Heavy embroidery,No mirror work,Pastel shades,Weddings,Above 2000,2000-4000,Above 3000,Strongly yes,Flat discount,Yes,Product images,2,No,Unsure
41-50,Male,Metro,Karnataka,Other,25000-50000,Frequently,During travel,Authenticity,Traditional,Laptop sleeves / utility pouches,Tote bag,Decorative organizers,Heavy embroidery,Strong mirror work,Earth tones,Weddings,1000-2000,Below 1000,Below 500,Strongly yes,Flat discount,No,Return policy,2,Yes,Very unlikely
Above 50,Female,Tier 3 / Rural,Delhi,Other,Above 200000,Never,Retail stores,Brand,Depends on product,"Gift sets, Jackets / shrugs",Tote bag,Wall décor textile,Minimal embroidery,Strong mirror work,Pastel shades,Festive use,500-1000,1000-2000,Below 500,No,Flat discount,No,Return policy,5,Yes,Unsure
Above 50,Male,Metro,Gujarat,Salaried Employee,Below 25000,Occasionally,Retail stores,Brand,Traditional,"Laptop sleeves / utility pouches, Jackets / shrugs",Office handbag,Wall décor textile,Moderate embroidery,No mirror work,Earth tones,Festive use,1000-2000,Above 4000,1500-3000,Sometimes,Festival combo pack,No,Product images,5,Yes,Unlikely
31-40,Female,Metro,West Bengal,Business Owner,50000-100000,Rarely,During travel,Brand,Depends on product,"Jackets / shrugs, Handbags",Office handbag,Decorative organizers,Moderate embroidery,Strong mirror work,Black / neutral,Festive use,500-1000,Below 1000,Above 3000,Strongly yes,Festival combo pack,Yes,Reviews,5,Yes,Highly likely
Above 50,Female,Metro,Gujarat,Salaried Employee,Below 25000,Rarely,During travel,Utility,Depends on product,"Jackets / shrugs, Gift sets",Clutch,Cushion covers,Moderate embroidery,Light mirror work,Black / neutral,Festive use,500-1000,1000-2000,1500-3000,Sometimes,Festival combo pack,No,Reviews,1,No,Unlikely
Above 50,Female,Tier 2,Gujarat,Student,100000-200000,Rarely,Local exhibitions,Design,Depends on product,Jackets / shrugs,Office handbag,Wall décor textile,Heavy embroidery,Light mirror work,,Festive use,Below 500,Above 4000,500-1500,Sometimes,Buy 2 Get 1,No,Product images,1,Yes,Likely
21-30,Male,Tier 2,Delhi,Freelancer,100000-200000,Rarely,Retail stores,Brand,Minimal modern,"Handbags, Laptop sleeves / utility pouches",Office handbag,Decorative organizers,Minimal embroidery,No mirror work,Earth tones,Weddings,Below 500,1000-2000,Below 500,Sometimes,Buy 2 Get 1,Yes,Reviews,2,No,Unlikely
41-50,Female,Metro,Maharashtra,Salaried Employee,50000-100000,Rarely,Online marketplaces,Authenticity,Depends on product,"Gift sets, Laptop sleeves / utility pouches, Jackets / shrugs",Office handbag,Decorative organizers,Moderate embroidery,Strong mirror work,Bright colors,Weddings,1000-2000,Above 4000,Below 500,Strongly yes,Flat discount,Depends on reviews,Brand story,3,Yes,Unlikely
Below 20,Male,Tier 1,Delhi,Homemaker,100000-200000,Occasionally,Instagram stores,Utility,Fusion,"Handbags, Jackets / shrugs",Clutch,Decorative organizers,Heavy embroidery,Strong mirror work,Pastel shades,Gifting,1000-2000,1000-2000,Below 500,Sometimes,Festival combo pack,Depends on reviews,Product images,5,No,Likely
31-40,Female,Metro,Telangana,Salaried Employee,Above 200000,Occasionally,Retail stores,Design,Depends on product,Jackets / shrugs,Clutch,Wall décor textile,Moderate embroidery,No mirror work,Bright colors,Festive use,1000-2000,2000-4000,500-1500,No,Festival combo pack,No,Brand story,3,Yes,Unsure
41-50,Female,Tier 3 / Rural,Tamil Nadu,Student,50000-100000,Rarely,Retail stores,Price,Minimal modern,Handbags,Office handbag,Table runners,Moderate embroidery,Strong mirror work,Earth tones,Office use,Above 2000,1000-2000,1500-3000,No,Buy 2 Get 1,No,Product images,2,No,Unsure
41-50,Female,Tier 2,Karnataka,Other,50000-100000,Rarely,Online marketplaces,Utility,Depends on product,"Handbags, Laptop sleeves / utility pouches",Office handbag,Decorative organizers,Moderate embroidery,Light mirror work,Black / neutral,Daily use,Below 500,Above 4000,Above 3000,Strongly yes,Buy 2 Get 1,No,Brand story,4,Yes,Highly likely
Below 20,Female,Tier 1,Gujarat,Business Owner,50000-100000,Never,Online marketplaces,Utility,Traditional,Cushion covers,Clutch,Table runners,Minimal embroidery,No mirror work,Bright colors,Weddings,Below 500,1000-2000,1500-3000,No,Festival combo pack,Depends on reviews,Brand story,2,Yes,Very unlikely
31-40,Prefer not to say,Tier 2,Tamil Nadu,Salaried Employee,Above 200000,Occasionally,Instagram stores,Price,Minimal modern,"Laptop sleeves / utility pouches, Gift sets, Jackets / shrugs",Office handbag,Cushion covers,Moderate embroidery,Strong mirror work,Earth tones,Festive use,1000-2000,2000-4000,Above 3000,Strongly yes,Free shipping,Depends on reviews,Reviews,5,No,Unlikely
Below 20,Female,Tier 2,Delhi,Homemaker,Below 25000,Rarely,Local exhibitions,Brand,Fusion,"Handbags, Jackets / shrugs",Sling bag,Decorative organizers,Minimal embroidery,Light mirror work,Earth tones,Festive use,Above 2000,Above 4000,1500-3000,Strongly yes,Free shipping,Yes,Return policy,1,Yes,Highly likely
Below 20,Male,Tier 3 / Rural,Rajasthan,Student,25000-50000,Frequently,During travel,Price,Traditional,"Handbags, Jackets / shrugs",Tote bag,Wall décor textile,Heavy embroidery,Light mirror work,Black / neutral,Daily use,1000-2000,2000-4000,Below 500,Sometimes,Flat discount,No,Brand story,5,Yes,Highly likely
Below 20,Female,Tier 2,West Bengal,Salaried Employee,50000-100000,Frequently,During travel,Utility,Depends on product,"Handbags, Jackets / shrugs, Laptop sleeves / utility pouches",Clutch,Decorative organizers,Moderate embroidery,No mirror work,Bright colors,Office use,1000-2000,2000-4000,Above 3000,No,Flat discount,Depends on reviews,Return policy,1,Yes,Unlikely
41-50,Female,Tier 2,Maharashtra,Business Owner,,Rarely,Online marketplaces,Brand,Minimal modern,Gift sets,Clutch,Wall décor textile,Minimal embroidery,No mirror work,Black / neutral,Weddings,500-1000,Above 4000,Below 500,Sometimes,Festival combo pack,Depends on reviews,Product images,4,No,Unlikely
Below 20,Male,Tier 2,Telangana,Freelancer,50000-100000,Rarely,Local exhibitions,Utility,Fusion,"Gift sets, Cushion covers",Tote bag,Decorative organizers,Minimal embroidery,Strong mirror work,Black / neutral,Daily use,Above 2000,Below 1000,Above 3000,Strongly yes,Free shipping,Yes,Reviews,4,Yes,Highly likely
31-40,Male,Tier 2,Gujarat,Business Owner,Above 200000,Occasionally,Online marketplaces,Price,Depends on product,"Gift sets, Jackets / shrugs",Clutch,Wall décor textile,Moderate embroidery,Light mirror work,Pastel shades,Weddings,Below 500,1000-2000,500-1500,No,Buy 2 Get 1,No,Brand story,2,No,Very unlikely
Below 20,Female,Tier 1,Gujarat,Student,25000-50000,Frequently,Retail stores,Authenticity,Fusion,"Laptop sleeves / utility pouches, Cushion covers, Jackets / shrugs",Clutch,Table runners,Minimal embroidery,No mirror work,Bright colors,Gifting,1000-2000,Below 1000,500-1500,Strongly yes,Free shipping,Yes,Product images,4,Yes,Unsure
Below 20,Female,Tier 3 / Rural,Telangana,Salaried Employee,Below 25000,Never,Retail stores,Design,Fusion,"Gift sets, Jackets / shrugs",Clutch,Table runners,Heavy embroidery,Strong mirror work,Earth tones,Gifting,1000-2000,Below 1000,Above 3000,Strongly yes,Festival combo pack,No,Return policy,3,Yes,Unsure
21-30,Female,Metro,Maharashtra,Salaried Employee,100000-200000,Rarely,Retail stores,Brand,Depends on product,Handbags,Tote bag,Wall décor textile,Heavy embroidery,Light mirror work,Black / neutral,Festive use,Above 2000,Above 4000,Below 500,Strongly yes,Buy 2 Get 1,Yes,Return policy,2,No,Highly likely
31-40,Female,Metro,Telangana,Homemaker,Above 200000,Never,Retail stores,Design,Fusion,"Cushion covers, Handbags, Jackets / shrugs",Clutch,Cushion covers,Heavy embroidery,Strong mirror work,Pastel shades,Gifting,Below 500,Below 1000,500-1500,Sometimes,Buy 2 Get 1,Depends on reviews,Return policy,4,No,Highly likely
21-30,Male,Tier 2,West Bengal,Freelancer,25000-50000,Rarely,Online marketplaces,Price,Minimal modern,Cushion covers,Clutch,Cushion covers,Minimal embroidery,No mirror work,Pastel shades,Festive use,Above 2000,2000-4000,500-1500,No,Buy 2 Get 1,Yes,Reviews,4,No,Unsure
31-40,Female,Tier 1,Delhi,Freelancer,Above 200000,Rarely,Online marketplaces,Authenticity,Minimal modern,Cushion covers,Clutch,Table runners,Heavy embroidery,Strong mirror work,Bright colors,Gifting,Below 500,Above 4000,Below 500,Sometimes,Festival combo pack,Yes,Brand story,4,Yes,Unsure
41-50,Male,Tier 2,Gujarat,Other,Above 200000,Occasionally,During travel,Design,Depends on product,"Cushion covers, Gift sets, Laptop sleeves / utility pouches",Clutch,Wall décor textile,Minimal embroidery,No mirror work,Pastel shades,Festive use,500-1000,1000-2000,1500-3000,Sometimes,Free shipping,No,Reviews,2,No,Very unlikely
21-30,Female,Tier 3 / Rural,West Bengal,Business Owner,Above 200000,Frequently,Instagram stores,Brand,Minimal modern,"Cushion covers, Handbags",Tote bag,Cushion covers,Minimal embroidery,Strong mirror work,Pastel shades,Daily use,500-1000,Above 4000,500-1500,Sometimes,Free shipping,No,Brand story,4,Yes,Very unlikely
41-50,Male,Metro,Telangana,Freelancer,25000-50000,Rarely,Online marketplaces,Design,Minimal modern,Cushion covers,Clutch,Cushion covers,Moderate embroidery,Strong mirror work,Pastel shades,Office use,Above 2000,Below 1000,Below 500,Strongly yes,Buy 2 Get 1,No,Brand story,3,Yes,Unlikely
31-40,Female,Tier 3 / Rural,Gujarat,Homemaker,Above 200000,Frequently,Online marketplaces,Utility,Fusion,"Laptop sleeves / utility pouches, Handbags",Clutch,Wall décor textile,Moderate embroidery,Light mirror work,Black / neutral,Weddings,500-1000,Above 4000,Above 3000,No,Free shipping,Depends on reviews,Reviews,3,Yes,Likely
Below 20,Female,Tier 1,Gujarat,Student,25000-50000,Frequently,Retail stores,Authenticity,Minimal modern,"Cushion covers, Handbags, Laptop sleeves / utility pouches",Office handbag,Table runners,Moderate embroidery,No mirror work,Pastel shades,Festive use,Above 2000,2000-4000,1500-3000,Sometimes,Festival combo pack,Depends on reviews,Brand story,1,No,Very unlikely
Above 50,Female,Tier 3 / Rural,Maharashtra,Other,25000-50000,Occasionally,During travel,Design,Depends on product,Laptop sleeves / utility pouches,Sling bag,Table runners,Minimal embroidery,Strong mirror work,Pastel shades,Festive use,500-1000,2000-4000,500-1500,Strongly yes,Flat discount,Yes,Product images,1,No,Unsure
21-30,Female,Tier 3 / Rural,Maharashtra,Freelancer,Above 200000,Occasionally,Retail stores,Design,Minimal modern,"Jackets / shrugs, Cushion covers, Gift sets",Tote bag,Wall décor textile,Moderate embroidery,Strong mirror work,Pastel shades,Gifting,Above 2000,2000-4000,Below 500,Sometimes,Flat discount,Depends on reviews,Return policy,1,Yes,Unlikely
21-30,Female,Tier 3 / Rural,West Bengal,Other,Below 25000,Frequently,Online marketplaces,Brand,Depends on product,"Gift sets, Cushion covers, Laptop sleeves / utility pouches",Office handbag,Cushion covers,Minimal embroidery,No mirror work,Bright colors,Festive use,Below 500,1000-2000,1500-3000,Sometimes,Buy 2 Get 1,Yes,Brand story,1,Yes,Unlikely
41-50,Female,Tier 1,Tamil Nadu,Homemaker,100000-200000,Frequently,During travel,Design,Traditional,Laptop sleeves / utility pouches,Sling bag,Decorative organizers,Moderate embroidery,Strong mirror work,Black / neutral,Gifting,500-1000,2000-4000,Below 500,Sometimes,Festival combo pack,Depends on reviews,Reviews,3,Yes,Unsure
31-40,Female,Tier 1,Gujarat,Salaried Employee,Below 25000,Frequently,Retail stores,Utility,Depends on product,"Gift sets, Jackets / shrugs",Tote bag,Decorative organizers,Minimal embroidery,Strong mirror work,Black / neutral,Daily use,Above 2000,1000-2000,1500-3000,Strongly yes,Flat discount,Depends on reviews,Reviews,2,No,Unlikely
31-40,Female,Tier 2,Tamil Nadu,Freelancer,Below 25000,Rarely,Retail stores,Brand,Fusion,Laptop sleeves / utility pouches,Office handbag,Cushion covers,Minimal embroidery,No mirror work,Pastel shades,Office use,1000-2000,Above 4000,1500-3000,No,Buy 2 Get 1,Depends on reviews,Return policy,5,No,Unsure
Above 50,Male,Metro,Maharashtra,Freelancer,50000-100000,Occasionally,Online marketplaces,Utility,Fusion,Laptop sleeves / utility pouches,Sling bag,Decorative organizers,Heavy embroidery,Strong mirror work,Bright colors,Gifting,Above 2000,Above 4000,1500-3000,No,Buy 2 Get 1,No,Product images,2,No,Very unlikely
21-30,Female,Tier 2,Telangana,Business Owner,25000-50000,Occasionally,Local exhibitions,Brand,Depends on product,"Cushion covers, Handbags",Office handbag,Cushion covers,Minimal embroidery,Strong mirror work,Bright colors,Festive use,Above 2000,2000-4000,Below 500,No,Buy 2 Get 1,No,Reviews,2,No,Unsure
31-40,Male,Tier 2,Rajasthan,Student,Below 25000,Never,Instagram stores,Utility,Fusion,Laptop sleeves / utility pouches,Sling bag,Decorative organizers,Moderate embroidery,No mirror work,Black / neutral,Festive use,Below 500,Above 4000,1500-3000,Sometimes,Buy 2 Get 1,Depends on reviews,Product images,1,No,Unsure
Above 50,Male,Tier 1,Maharashtra,Student,Below 25000,Frequently,Retail stores,Price,Minimal modern,Laptop sleeves / utility pouches,Office handbag,Decorative organizers,Minimal embroidery,Strong mirror work,Bright colors,Daily use,1000-2000,Below 1000,500-1500,No,Buy 2 Get 1,No,Product images,3,Yes,Unsure
Below 20,Female,Tier 2,Telangana,Freelancer,25000-50000,Rarely,Online marketplaces,Authenticity,Minimal modern,"Laptop sleeves / utility pouches, Gift sets, Handbags",Sling bag,Table runners,Moderate embroidery,Light mirror work,Earth tones,Weddings,500-1000,1000-2000,500-1500,No,Festival combo pack,Depends on reviews,Reviews,3,No,Unlikely
41-50,Female,Metro,Tamil Nadu,Business Owner,Above 200000,Frequently,During travel,Price,Traditional,"Jackets / shrugs, Laptop sleeves / utility pouches, Handbags",Clutch,Table runners,Minimal embroidery,Strong mirror work,Black / neutral,Daily use,1000-2000,2000-4000,500-1500,No,Flat discount,Depends on reviews,Reviews,5,Yes,Highly likely
31-40,Female,Tier 2,West Bengal,Homemaker,25000-50000,Frequently,Online marketplaces,Authenticity,Fusion,"Gift sets, Handbags, Jackets / shrugs",Office handbag,Cushion covers,Minimal embroidery,Strong mirror work,Black / neutral,Festive use,1000-2000,1000-2000,Below 500,Sometimes,Festival combo pack,No,Product images,1,No,Likely
21-30,Female,Tier 3 / Rural,Telangana,Business Owner,Below 25000,Occasionally,During travel,Brand,Depends on product,Jackets / shrugs,Tote bag,Decorative organizers,Moderate embroidery,No mirror work,Earth tones,Festive use,1000-2000,2000-4000,1500-3000,Sometimes,Free shipping,Yes,Product images,2,Yes,Likely
31-40,Male,Tier 2,Rajasthan,Salaried Employee,Above 200000,Never,During travel,Design,Traditional,"Laptop sleeves / utility pouches, Gift sets, Jackets / shrugs",Tote bag,Wall décor textile,Minimal embroidery,Strong mirror work,Black / neutral,Gifting,500-1000,Below 1000,500-1500,Strongly yes,Free shipping,No,Return policy,3,No,Unlikely
31-40,Female,Tier 1,Karnataka,Freelancer,Below 25000,Rarely,Online marketplaces,Price,Traditional,"Jackets / shrugs, Handbags",Clutch,Cushion covers,Minimal embroidery,Light mirror work,Black / neutral,Daily use,Below 500,1000-2000,500-1500,Sometimes,Festival combo pack,Yes,Return policy,4,Yes,Unlikely
Below 20,Female,Tier 3 / Rural,Karnataka,Student,100000-200000,Occasionally,Online marketplaces,Brand,Depends on product,Handbags,Tote bag,Wall décor textile,Minimal embroidery,Strong mirror work,Earth tones,Gifting,Above 2000,2000-4000,1500-3000,No,Buy 2 Get 1,Yes,Product images,3,Yes,Very unlikely
21-30,Female,Tier 2,West Bengal,Salaried Employee,Above 200000,Never,Retail stores,Design,Depends on product,"Gift sets, Jackets / shrugs, Laptop sleeves / utility pouches",Clutch,Cushion covers,Moderate embroidery,Light mirror work,Black / neutral,Gifting,Below 500,Below 1000,Below 500,Strongly yes,Festival combo pack,No,Return policy,5,Yes,Unlikely
41-50,Female,Metro,Tamil Nadu,Business Owner,100000-200000,Occasionally,Retail stores,Design,Traditional,"Cushion covers, Laptop sleeves / utility pouches, Jackets / shrugs",Clutch,Table runners,Heavy embroidery,Light mirror work,Earth tones,Festive use,1000-2000,Above 4000,1500-3000,Strongly yes,Flat discount,Yes,Return policy,5,Yes,Unlikely
21-30,Male,Metro,Rajasthan,Freelancer,50000-100000,Never,Local exhibitions,Price,Traditional,"Gift sets, Cushion covers",Tote bag,Cushion covers,Moderate embroidery,No mirror work,Pastel shades,Daily use,Above 2000,Above 4000,Below 500,Strongly yes,Flat discount,Yes,Brand story,1,Yes,Very unlikely
21-30,Female,Metro,Telangana,Other,50000-100000,Frequently,Local exhibitions,Authenticity,Depends on product,"Cushion covers, Gift sets, Jackets / shrugs",Sling bag,Decorative organizers,Minimal embroidery,No mirror work,Black / neutral,Daily use,1000-2000,Below 1000,Above 3000,No,Buy 2 Get 1,No,Return policy,3,No,Very unlikely
Above 50,Female,Metro,Maharashtra,Other,100000-200000,Rarely,During travel,Price,Traditional,Jackets / shrugs,Office handbag,Decorative organizers,Moderate embroidery,Strong mirror work,Bright colors,Daily use,Below 500,Above 4000,500-1500,No,Festival combo pack,Depends on reviews,Brand story,1,No,Unlikely
31-40,Female,Tier 1,Gujarat,Homemaker,Below 25000,Frequently,Retail stores,Brand,Depends on product,"Cushion covers, Handbags",Office handbag,Decorative organizers,Minimal embroidery,Light mirror work,Earth tones,Weddings,Above 2000,Above 4000,Above 3000,No,Buy 2 Get 1,Yes,Product images,1,Yes,Unlikely
41-50,Female,Tier 3 / Rural,West Bengal,Business Owner,100000-200000,Never,During travel,Brand,Traditional,"Handbags, Gift sets, Jackets / shrugs",Clutch,Table runners,Minimal embroidery,No mirror work,Pastel shades,Festive use,500-1000,1000-2000,500-1500,Sometimes,Buy 2 Get 1,Depends on reviews,Return policy,2,Yes,Unsure
Below 20,Male,Metro,Karnataka,Salaried Employee,Below 25000,Occasionally,Online marketplaces,Authenticity,Depends on product,"Gift sets, Handbags, Laptop sleeves / utility pouches",Clutch,Decorative organizers,Minimal embroidery,No mirror work,Black / neutral,Office use,500-1000,Above 4000,1500-3000,Sometimes,Flat discount,No,Product images,3,No,Likely
Below 20,Male,Metro,Maharashtra,Other,Above 200000,Frequently,Local exhibitions,Utility,Depends on product,"Jackets / shrugs, Laptop sleeves / utility pouches, Handbags",Sling bag,Decorative organizers,Minimal embroidery,Strong mirror work,Bright colors,Festive use,Above 2000,Above 4000,Below 500,No,Free shipping,Depends on reviews,Reviews,1,Yes,Likely
21-30,Male,Tier 1,Karnataka,Homemaker,100000-200000,Frequently,Retail stores,Authenticity,Traditional,"Jackets / shrugs, Cushion covers, Laptop sleeves / utility pouches",Sling bag,Table runners,Minimal embroidery,Strong mirror work,Black / neutral,Gifting,Above 2000,Below 1000,1500-3000,Strongly yes,Flat discount,Yes,Product images,5,Yes,Likely
31-40,Male,Tier 1,Delhi,Business Owner,25000-50000,Frequently,During travel,Brand,Depends on product,"Handbags, Cushion covers",Office handbag,Table runners,Minimal embroidery,Strong mirror work,Black / neutral,Weddings,Below 500,Below 1000,1500-3000,Strongly yes,Free shipping,No,Return policy,2,No,Likely
Above 50,Prefer not to say,Tier 3 / Rural,Telangana,Salaried Employee,Above 200000,Occasionally,During travel,Price,Fusion,"Laptop sleeves / utility pouches, Handbags",Sling bag,Decorative organizers,Minimal embroidery,No mirror work,Black / neutral,Festive use,1000-2000,Below 1000,Below 500,No,Flat discount,No,Brand story,5,No,Unsure
Above 50,Female,Tier 1,Maharashtra,Other,100000-200000,Never,Local exhibitions,Price,Traditional,Cushion covers,Office handbag,Wall décor textile,Heavy embroidery,Light mirror work,Black / neutral,Office use,500-1000,1000-2000,Above 3000,Strongly yes,Festival combo pack,No,Brand story,5,No,Unlikely
Above 50,Female,Metro,Rajasthan,Salaried Employee,100000-200000,Rarely,During travel,Brand,Minimal modern,"Gift sets, Cushion covers, Jackets / shrugs",Tote bag,Decorative organizers,Minimal embroidery,Strong mirror work,Bright colors,Festive use,Below 500,Below 1000,500-1500,Sometimes,Festival combo pack,Depends on reviews,Reviews,4,Yes,Likely
41-50,Female,Metro,Gujarat,Homemaker,Above 200000,Frequently,Online marketplaces,Utility,Traditional,"Gift sets, Handbags, Cushion covers",Tote bag,Decorative organizers,Minimal embroidery,Light mirror work,Earth tones,Office use,Below 500,2000-4000,Above 3000,No,Flat discount,Depends on reviews,Reviews,2,Yes,Unsure
21-30,Male,Metro,Tamil Nadu,Other,100000-200000,Rarely,Local exhibitions,Brand,Traditional,"Gift sets, Laptop sleeves / utility pouches, Handbags",Clutch,Table runners,Moderate embroidery,Strong mirror work,Earth tones,Gifting,Below 500,2000-4000,Below 500,Sometimes,Buy 2 Get 1,Depends on reviews,Return policy,2,No,Likely
31-40,Female,Tier 2,Delhi,Freelancer,25000-50000,Occasionally,Instagram stores,Brand,Traditional,"Handbags, Gift sets, Laptop sleeves / utility pouches",Clutch,Wall décor textile,Moderate embroidery,No mirror work,Pastel shades,Daily use,500-1000,Above 4000,Below 500,No,Flat discount,Depends on reviews,Return policy,3,No,Unlikely
21-30,Female,Tier 3 / Rural,Gujarat,Business Owner,50000-100000,Occasionally,Local exhibitions,Authenticity,Depends on product,Gift sets,Clutch,Wall décor textile,Moderate embroidery,No mirror work,Earth tones,Festive use,Above 2000,Below 1000,500-1500,No,Buy 2 Get 1,Depends on reviews,Product images,1,No,Likely
21-30,Female,Tier 2,Maharashtra,Business Owner,Below 25000,Rarely,Local exhibitions,Price,Fusion,"Handbags, Gift sets, Cushion covers",Sling bag,Wall décor textile,Heavy embroidery,Light mirror work,Pastel shades,Office use,1000-2000,1000-2000,1500-3000,No,Festival combo pack,Yes,Brand story,4,No,Highly likely
21-30,Female,Metro,Rajasthan,Other,25000-50000,Frequently,Online marketplaces,Design,Depends on product,"Cushion covers, Laptop sleeves / utility pouches",Tote bag,Cushion covers,Moderate embroidery,Strong mirror work,Pastel shades,Office use,Below 500,1000-2000,500-1500,No,Flat discount,No,Brand story,3,No,Very unlikely
Above 50,Female,Tier 1,Karnataka,Homemaker,25000-50000,Rarely,During travel,Design,Depends on product,"Jackets / shrugs, Gift sets",Clutch,Decorative organizers,Moderate embroidery,Light mirror work,Bright colors,Gifting,Below 500,1000-2000,Below 500,Sometimes,Festival combo pack,Depends on reviews,Return policy,1,No,Highly likely
31-40,Female,Tier 1,Delhi,Homemaker,50000-100000,Occasionally,During travel,Price,Minimal modern,"Laptop sleeves / utility pouches, Handbags, Gift sets",Tote bag,Wall décor textile,Heavy embroidery,Light mirror work,Pastel shades,Weddings,Below 500,1000-2000,500-1500,Strongly yes,Festival combo pack,No,Brand story,3,No,Highly likely
Above 50,Female,Tier 2,Karnataka,Freelancer,25000-50000,Occasionally,Retail stores,Design,Fusion,Cushion covers,Tote bag,Table runners,Heavy embroidery,Strong mirror work,Bright colors,Daily use,Above 2000,Below 1000,1500-3000,No,Festival combo pack,Depends on reviews,Return policy,3,No,Likely
21-30,Female,Tier 1,West Bengal,Salaried Employee,25000-50000,Occasionally,Instagram stores,Price,Minimal modern,"Jackets / shrugs, Gift sets, Handbags",Tote bag,Decorative organizers,Moderate embroidery,Strong mirror work,Black / neutral,Daily use,500-1000,1000-2000,500-1500,Sometimes,Festival combo pack,Depends on reviews,Return policy,1,No,Likely
41-50,Female,Tier 2,Telangana,Student,100000-200000,Frequently,Local exhibitions,Brand,Fusion,Cushion covers,Tote bag,Wall décor textile,Heavy embroidery,No mirror work,Black / neutral,Daily use,1000-2000,Below 1000,1500-3000,Strongly yes,Buy 2 Get 1,No,Reviews,1,Yes,Unsure
Above 50,Female,Tier 3 / Rural,Gujarat,Salaried Employee,50000-100000,Never,Online marketplaces,Brand,Traditional,Cushion covers,Clutch,Cushion covers,Heavy embroidery,Light mirror work,Earth tones,Gifting,Above 2000,Below 1000,1500-3000,No,Buy 2 Get 1,No,Brand story,3,Yes,Very unlikely
21-30,Female,Tier 1,Maharashtra,Salaried Employee,Below 25000,Occasionally,Online marketplaces,Price,Fusion,"Laptop sleeves / utility pouches, Gift sets",Clutch,Decorative organizers,Heavy embroidery,Strong mirror work,Bright colors,Daily use,Above 2000,Below 1000,Below 500,No,Free shipping,Yes,Return policy,1,Yes,Highly likely
41-50,Male,Tier 1,Gujarat,Student,25000-50000,Never,Retail stores,Design,Minimal modern,"Cushion covers, Jackets / shrugs",Office handbag,Table runners,Heavy embroidery,No mirror work,Earth tones,Daily use,1000-2000,Above 4000,1500-3000,Strongly yes,Festival combo pack,Yes,Reviews,5,Yes,Highly likely
Below 20,Male,Tier 1,West Bengal,Other,100000-200000,Rarely,Retail stores,Price,Depends on product,Laptop sleeves / utility pouches,Clutch,Decorative organizers,Heavy embroidery,Strong mirror work,Bright colors,Festive use,500-1000,2000-4000,500-1500,Strongly yes,Free shipping,No,Return policy,2,No,Unlikely
41-50,Female,Tier 1,Rajasthan,Other,Below 25000,Rarely,Online marketplaces,Authenticity,Depends on product,"Laptop sleeves / utility pouches, Handbags, Gift sets",Office handbag,Decorative organizers,Moderate embroidery,No mirror work,Black / neutral,Weddings,Above 2000,1000-2000,500-1500,Strongly yes,Buy 2 Get 1,No,Return policy,3,Yes,Unsure
21-30,Male,Tier 3 / Rural,Maharashtra,Salaried Employee,50000-100000,Never,Instagram stores,Price,Minimal modern,"Laptop sleeves / utility pouches, Cushion covers",Clutch,Decorative organizers,Moderate embroidery,No mirror work,Earth tones,Gifting,500-1000,2000-4000,Above 3000,Sometimes,Festival combo pack,Yes,Product images,4,Yes,Unlikely
21-30,Male,Tier 1,West Bengal,Other,Above 200000,Never,During travel,Authenticity,Minimal modern,Gift sets,Sling bag,Cushion covers,Minimal embroidery,Strong mirror work,Pastel shades,Weddings,Above 2000,1000-2000,1500-3000,No,Buy 2 Get 1,No,Reviews,5,Yes,Likely
21-30,Female,Metro,Telangana,Business Owner,100000-200000,Frequently,Instagram stores,Authenticity,Minimal modern,Cushion covers,Clutch,Cushion covers,Heavy embroidery,No mirror work,Earth tones,Festive use,Above 2000,Below 1000,Above 3000,No,Free shipping,Yes,Reviews,4,Yes,Very unlikely
31-40,Male,Tier 1,Karnataka,Salaried Employee,25000-50000,Rarely,Retail stores,Design,Minimal modern,"Laptop sleeves / utility pouches, Jackets / shrugs",Clutch,Cushion covers,Minimal embroidery,Strong mirror work,Black / neutral,Weddings,1000-2000,1000-2000,Above 3000,Strongly yes,Flat discount,Yes,Reviews,3,Yes,Unlikely
31-40,Female,Metro,Rajasthan,Student,25000-50000,Occasionally,Retail stores,Authenticity,Fusion,Cushion covers,Sling bag,Table runners,Heavy embroidery,No mirror work,Pastel shades,Festive use,Above 2000,Above 4000,Below 500,Strongly yes,Flat discount,Yes,Return policy,3,Yes,Likely
21-30,Male,Tier 2,Rajasthan,Freelancer,100000-200000,Rarely,Online marketplaces,Brand,Minimal modern,"Gift sets, Jackets / shrugs",Clutch,Wall décor textile,Heavy embroidery,No mirror work,Pastel shades,Festive use,Above 2000,2000-4000,Above 3000,No,Festival combo pack,No,Reviews,3,Yes,Likely
41-50,Male,Tier 2,Tamil Nadu,Homemaker,100000-200000,Occasionally,Online marketplaces,Authenticity,Depends on product,"Gift sets, Jackets / shrugs, Handbags",Sling bag,Cushion covers,Heavy embroidery,Strong mirror work,Bright colors,Office use,Below 500,Below 1000,Above 3000,Strongly yes,Free shipping,Depends on reviews,Return policy,1,No,Unsure
Below 20,Female,Tier 1,Delhi,Salaried Employee,Above 200000,Never,During travel,Design,Traditional,"Cushion covers, Handbags, Jackets / shrugs",Office handbag,Decorative organizers,Moderate embroidery,Light mirror work,Pastel shades,Office use,500-1000,Above 4000,500-1500,No,Flat discount,Yes,Brand story,1,No,Unsure
41-50,Female,Tier 3 / Rural,Maharashtra,Homemaker,25000-50000,Never,Retail stores,Brand,Fusion,"Jackets / shrugs, Handbags, Cushion covers",Clutch,Table runners,Moderate embroidery,Light mirror work,Earth tones,Office use,1000-2000,2000-4000,Below 500,No,Free shipping,Depends on reviews,Return policy,3,No,Unsure
21-30,Female,Tier 2,Telangana,Homemaker,,Never,Online marketplaces,Authenticity,Traditional,Laptop sleeves / utility pouches,Office handbag,Cushion covers,Heavy embroidery,No mirror work,Earth tones,Festive use,1000-2000,1000-2000,500-1500,Sometimes,Free shipping,Depends on reviews,Product images,2,Yes,Unlikely
Above 50,Male,Tier 2,Rajasthan,Homemaker,25000-50000,Occasionally,Retail stores,Design,Traditional,Handbags,Clutch,Wall décor textile,Moderate embroidery,No mirror work,Black / neutral,Office use,1000-2000,1000-2000,500-1500,No,Buy 2 Get 1,Depends on reviews,Brand story,5,No,Likely
31-40,Female,Tier 2,West Bengal,Freelancer,Below 25000,Rarely,During travel,Authenticity,Fusion,"Jackets / shrugs, Handbags, Cushion covers",Clutch,Wall décor textile,Heavy embroidery,Light mirror work,Bright colors,Gifting,1000-2000,Below 1000,Above 3000,No,Flat discount,No,Product images,5,Yes,Likely
Below 20,Female,Metro,Gujarat,Salaried Employee,50000-100000,Never,During travel,Utility,Traditional,Cushion covers,Clutch,Decorative organizers,Heavy embroidery,No mirror work,Earth tones,Office use,500-1000,1000-2000,Above 3000,Sometimes,Buy 2 Get 1,No,Reviews,5,Yes,Unsure
Above 50,Male,Tier 3 / Rural,Telangana,Homemaker,Below 25000,Frequently,Local exhibitions,Brand,Depends on product,"Jackets / shrugs, Handbags, Laptop sleeves / utility pouches",Tote bag,Cushion covers,Heavy embroidery,No mirror work,Earth tones,Gifting,500-1000,1000-2000,Below 500,No,Flat discount,Yes,Brand story,3,No,Unlikely
21-30,Female,Metro,Telangana,Other,Below 25000,Rarely,Online marketplaces,Authenticity,Depends on product,"Cushion covers, Laptop sleeves / utility pouches, Jackets / shrugs",Tote bag,Wall décor textile,Minimal embroidery,Light mirror work,Bright colors,Gifting,Below 500,Above 4000,Below 500,No,Free shipping,No,Brand story,3,No,Unlikely
31-40,Male,Tier 2,Gujarat,Business Owner,25000-50000,Rarely,During travel,Design,Fusion,"Laptop sleeves / utility pouches, Gift sets",Sling bag,Decorative organizers,Minimal embroidery,Strong mirror work,Black / neutral,Gifting,Above 2000,2000-4000,500-1500,Sometimes,Flat discount,Depends on reviews,Reviews,1,Yes,Very unlikely
41-50,Female,Tier 2,Rajasthan,Other,Below 25000,Never,Instagram stores,Price,Traditional,"Cushion covers, Jackets / shrugs",Office handbag,Cushion covers,Moderate embroidery,Light mirror work,Bright colors,Weddings,Above 2000,2000-4000,Above 3000,Sometimes,Free shipping,No,Brand story,1,No,Very unlikely
Below 20,Female,Tier 2,Rajasthan,Salaried Employee,50000-100000,Never,During travel,Utility,Depends on product,"Gift sets, Jackets / shrugs, Cushion covers",Clutch,Cushion covers,Heavy embroidery,No mirror work,Bright colors,Daily use,Below 500,1000-2000,500-1500,Sometimes,Free shipping,Yes,Return policy,1,Yes,Unsure
21-30,Female,Tier 3 / Rural,Rajasthan,Salaried Employee,100000-200000,Frequently,During travel,Price,Depends on product,"Gift sets, Handbags, Laptop sleeves / utility pouches",Tote bag,Wall décor textile,Moderate embroidery,No mirror work,Black / neutral,Festive use,1000-2000,2000-4000,500-1500,No,Free shipping,Yes,Product images,3,Yes,Very unlikely
Above 50,Male,Metro,Maharashtra,Student,Above 200000,Occasionally,Online marketplaces,Brand,Depends on product,"Handbags, Gift sets",Office handbag,Table runners,Heavy embroidery,Strong mirror work,Pastel shades,Office use,1000-2000,Above 4000,1500-3000,No,Festival combo pack,Yes,Return policy,1,No,Unlikely
31-40,Female,Tier 1,Telangana,Homemaker,100000-200000,Rarely,Retail stores,Design,Fusion,Laptop sleeves / utility pouches,Sling bag,Cushion covers,Moderate embroidery,No mirror work,Earth tones,Daily use,Above 2000,2000-4000,500-1500,Strongly yes,Buy 2 Get 1,No,Return policy,3,No,Unlikely
31-40,Male,Tier 2,Tamil Nadu,Other,25000-50000,Rarely,During travel,Design,Fusion,Cushion covers,Office handbag,Wall décor textile,Moderate embroidery,Strong mirror work,Bright colors,Daily use,Below 500,Above 4000,Above 3000,Strongly yes,Flat discount,Depends on reviews,Brand story,5,Yes,Highly likely
Below 20,Female,Tier 1,Rajasthan,Business Owner,50000-100000,Rarely,Instagram stores,Price,Minimal modern,"Gift sets, Handbags",Office handbag,Cushion covers,Minimal embroidery,Strong mirror work,Earth tones,Gifting,Above 2000,2000-4000,500-1500,Sometimes,Flat discount,Yes,Return policy,1,Yes,Unsure
41-50,Female,Tier 2,Karnataka,Student,100000-200000,Rarely,During travel,Brand,Depends on product,Handbags,Tote bag,Decorative organizers,Moderate embroidery,Strong mirror work,Bright colors,Weddings,1000-2000,Below 1000,Below 500,Strongly yes,Flat discount,Depends on reviews,Product images,4,Yes,Highly likely
21-30,Male,Metro,Delhi,Business Owner,Above 200000,Occasionally,Local exhibitions,Brand,Fusion,"Jackets / shrugs, Laptop sleeves / utility pouches",Clutch,Cushion covers,Moderate embroidery,Light mirror work,Earth tones,Office use,Above 2000,2000-4000,Above 3000,Strongly yes,Flat discount,Yes,Brand story,1,Yes,Unlikely
31-40,Female,Tier 3 / Rural,Maharashtra,Other,Above 200000,Frequently,During travel,Brand,Minimal modern,Laptop sleeves / utility pouches,Tote bag,Wall décor textile,Minimal embroidery,No mirror work,Black / neutral,Gifting,500-1000,Below 1000,Below 500,Strongly yes,Flat discount,No,Reviews,2,No,Likely
31-40,Female,Tier 1,Delhi,Other,50000-100000,Occasionally,During travel,Brand,Fusion,"Cushion covers, Jackets / shrugs, Gift sets",Clutch,Decorative organizers,Minimal embroidery,Strong mirror work,Pastel shades,Weddings,Below 500,1000-2000,1500-3000,Sometimes,Buy 2 Get 1,Depends on reviews,Product images,1,No,Unlikely
Below 20,Prefer not to say,Tier 1,Maharashtra,Other,25000-50000,Never,Retail stores,Design,Minimal modern,Laptop sleeves / utility pouches,Office handbag,Decorative organizers,Minimal embroidery,No mirror work,,Festive use,1000-2000,2000-4000,Below 500,Sometimes,Buy 2 Get 1,Yes,Brand story,3,Yes,Very unlikely
31-40,Female,Metro,Gujarat,Student,Above 200000,Rarely,Instagram stores,Utility,Depends on product,"Cushion covers, Gift sets",Office handbag,Cushion covers,Minimal embroidery,No mirror work,Earth tones,Gifting,500-1000,2000-4000,Below 500,No,Buy 2 Get 1,No,Reviews,5,Yes,Unlikely
31-40,Female,Tier 3 / Rural,Rajasthan,Freelancer,Above 200000,Rarely,During travel,Authenticity,Minimal modern,"Laptop sleeves / utility pouches, Handbags, Gift sets",Tote bag,Cushion covers,Heavy embroidery,Light mirror work,Black / neutral,Weddings,1000-2000,2000-4000,Below 500,Strongly yes,Free shipping,Yes,Brand story,2,No,Likely
21-30,Male,Tier 2,Tamil Nadu,Student,25000-50000,Frequently,Instagram stores,Design,Traditional,"Jackets / shrugs, Handbags, Gift sets",Tote bag,Wall décor textile,Heavy embroidery,Light mirror work,Pastel shades,Weddings,500-1000,Above 4000,Above 3000,No,Buy 2 Get 1,No,Reviews,4,Yes,Very unlikely
21-30,Female,Tier 2,Telangana,Other,25000-50000,Never,Online marketplaces,Utility,Minimal modern,Jackets / shrugs,Sling bag,Decorative organizers,Moderate embroidery,Strong mirror work,Black / neutral,Weddings,Below 500,1000-2000,Above 3000,Sometimes,Flat discount,No,Return policy,3,Yes,Unsure
31-40,Female,Tier 1,Telangana,Freelancer,Above 200000,Occasionally,During travel,Brand,Fusion,"Jackets / shrugs, Handbags",Office handbag,Decorative organizers,Minimal embroidery,No mirror work,Black / neutral,Daily use,Below 500,1000-2000,Above 3000,No,Festival combo pack,No,Brand story,4,No,Unsure
Above 50,Female,Tier 1,Rajasthan,Freelancer,100000-200000,Frequently,Retail stores,Price,Traditional,"Cushion covers, Gift sets",Tote bag,Table runners,Heavy embroidery,Strong mirror work,Black / neutral,Gifting,Below 500,Above 4000,500-1500,Sometimes,Free shipping,Yes,Product images,4,Yes,Likely
21-30,Female,Metro,Maharashtra,Homemaker,Below 25000,Rarely,During travel,Brand,Fusion,"Handbags, Gift sets",Clutch,Wall décor textile,Moderate embroidery,Strong mirror work,Earth tones,Daily use,Below 500,Below 1000,500-1500,Strongly yes,Buy 2 Get 1,Yes,Reviews,1,Yes,Highly likely
31-40,Female,Tier 2,Maharashtra,Business Owner,100000-200000,Rarely,Local exhibitions,Price,Minimal modern,"Gift sets, Jackets / shrugs",Clutch,Decorative organizers,Minimal embroidery,Light mirror work,Pastel shades,Gifting,500-1000,1000-2000,500-1500,No,Flat discount,Yes,Return policy,3,No,Highly likely
41-50,Female,Tier 3 / Rural,Karnataka,Salaried Employee,50000-100000,Never,Retail stores,Design,Depends on product,"Laptop sleeves / utility pouches, Handbags",Tote bag,Table runners,Heavy embroidery,No mirror work,Black / neutral,Office use,1000-2000,Above 4000,500-1500,Strongly yes,Free shipping,Yes,Reviews,1,No,Unlikely
41-50,Male,Tier 1,Telangana,Salaried Employee,25000-50000,Rarely,Retail stores,Design,Minimal modern,"Handbags, Gift sets",Sling bag,Table runners,Minimal embroidery,Strong mirror work,Earth tones,Festive use,Below 500,Below 1000,Above 3000,Sometimes,Festival combo pack,Yes,Reviews,1,Yes,Unsure
41-50,Male,Tier 2,Karnataka,Homemaker,50000-100000,Never,Online marketplaces,Brand,Depends on product,"Laptop sleeves / utility pouches, Cushion covers, Gift sets",Sling bag,Table runners,Moderate embroidery,Strong mirror work,Pastel shades,Office use,1000-2000,Above 4000,1500-3000,No,Buy 2 Get 1,No,Return policy,3,No,Unlikely
41-50,Female,Tier 3 / Rural,Gujarat,Student,,Rarely,During travel,Utility,Depends on product,Jackets / shrugs,Clutch,Table runners,Minimal embroidery,No mirror work,Black / neutral,Office use,Below 500,Below 1000,Above 3000,Strongly yes,Flat discount,No,Product images,2,No,Likely
21-30,Female,Tier 2,West Bengal,Homemaker,100000-200000,Occasionally,Local exhibitions,Design,Depends on product,"Laptop sleeves / utility pouches, Handbags",Sling bag,Cushion covers,Moderate embroidery,Light mirror work,Bright colors,Weddings,500-1000,1000-2000,Above 3000,Strongly yes,Festival combo pack,Depends on reviews,Reviews,5,No,Unsure
Above 50,Female,Tier 3 / Rural,Gujarat,Business Owner,Above 200000,Never,Instagram stores,Design,Depends on product,"Laptop sleeves / utility pouches, Cushion covers",Tote bag,Table runners,Heavy embroidery,No mirror work,Pastel shades,Gifting,1000-2000,2000-4000,Below 500,Strongly yes,Flat discount,Yes,Return policy,5,No,Highly likely
Below 20,Male,Metro,Tamil Nadu,Student,100000-200000,Occasionally,Local exhibitions,Design,Minimal modern,"Laptop sleeves / utility pouches, Cushion covers",Clutch,Decorative organizers,Moderate embroidery,No mirror work,Pastel shades,Weddings,1000-2000,Below 1000,500-1500,Sometimes,Free shipping,No,Return policy,2,Yes,Unlikely
41-50,Male,Metro,Delhi,Business Owner,Above 200000,Never,During travel,Price,Fusion,"Handbags, Laptop sleeves / utility pouches, Cushion covers",Office handbag,Table runners,Heavy embroidery,No mirror work,Black / neutral,Daily use,Above 2000,2000-4000,1500-3000,Strongly yes,Flat discount,Depends on reviews,Return policy,2,No,Highly likely
21-30,Female,Tier 1,Tamil Nadu,Homemaker,Below 25000,Never,Local exhibitions,Design,Traditional,Handbags,Clutch,Table runners,Moderate embroidery,Strong mirror work,Pastel shades,Gifting,Below 500,2000-4000,Below 500,Strongly yes,Buy 2 Get 1,Yes,Product images,5,Yes,Likely
Above 50,Male,Tier 1,West Bengal,Other,Below 25000,Frequently,Instagram stores,Brand,Traditional,Jackets / shrugs,Clutch,Decorative organizers,Moderate embroidery,Light mirror work,Earth tones,Gifting,1000-2000,Below 1000,500-1500,No,Free shipping,Yes,Return policy,1,Yes,Unsure
21-30,Female,Tier 2,Gujarat,Student,Above 200000,Frequently,Retail stores,Price,Minimal modern,"Handbags, Gift sets",Clutch,Wall décor textile,Moderate embroidery,Strong mirror work,Black / neutral,Festive use,1000-2000,Below 1000,Below 500,Strongly yes,Free shipping,No,Return policy,2,No,Likely
Below 20,Male,Tier 1,Telangana,Student,100000-200000,Frequently,Instagram stores,Design,Fusion,"Cushion covers, Gift sets",Office handbag,Decorative organizers,Minimal embroidery,Light mirror work,Black / neutral,Festive use,1000-2000,Above 4000,500-1500,Strongly yes,Buy 2 Get 1,No,Return policy,1,Yes,Unlikely
Below 20,Female,Tier 3 / Rural,Maharashtra,Homemaker,Below 25000,Frequently,During travel,Authenticity,Fusion,"Laptop sleeves / utility pouches, Jackets / shrugs",Clutch,Table runners,Heavy embroidery,Strong mirror work,Pastel shades,Gifting,1000-2000,Above 4000,Above 3000,No,Free shipping,Depends on reviews,Brand story,2,No,Very unlikely
41-50,Female,Tier 1,Rajasthan,Homemaker,Below 25000,Never,Local exhibitions,Authenticity,Depends on product,"Gift sets, Cushion covers",Clutch,Wall décor textile,Minimal embroidery,No mirror work,Bright colors,Festive use,Above 2000,1000-2000,500-1500,Sometimes,Free shipping,No,Product images,1,Yes,Unlikely
21-30,Male,Tier 2,Maharashtra,Salaried Employee,100000-200000,Never,During travel,Brand,Fusion,"Jackets / shrugs, Cushion covers, Laptop sleeves / utility pouches",Office handbag,Cushion covers,Moderate embroidery,Strong mirror work,Pastel shades,Office use,Above 2000,2000-4000,1500-3000,Strongly yes,Buy 2 Get 1,No,Return policy,3,No,Unlikely
21-30,Female,Metro,Gujarat,Student,25000-50000,Frequently,Instagram stores,Price,Traditional,"Laptop sleeves / utility pouches, Cushion covers",Sling bag,Decorative organizers,Moderate embroidery,Light mirror work,Bright colors,Gifting,500-1000,Above 4000,Below 500,Strongly yes,Free shipping,Yes,Product images,5,No,Highly likely
21-30,Female,Tier 1,Karnataka,Student,Above 200000,Occasionally,Online marketplaces,Design,Traditional,"Jackets / shrugs, Laptop sleeves / utility pouches, Gift sets",Office handbag,Table runners,Minimal embroidery,Light mirror work,Earth tones,Gifting,Below 500,2000-4000,500-1500,Sometimes,Free shipping,Depends on reviews,Reviews,3,No,Highly likely
Below 20,Female,Tier 1,Gujarat,Freelancer,Below 25000,Occasionally,During travel,Design,Minimal modern,Laptop sleeves / utility pouches,Clutch,Cushion covers,Minimal embroidery,Light mirror work,Black / neutral,Daily use,Above 2000,Above 4000,500-1500,Sometimes,Buy 2 Get 1,No,Reviews,3,Yes,Very unlikely
Below 20,Female,Metro,West Bengal,Homemaker,Above 200000,Rarely,Instagram stores,Authenticity,Depends on product,"Laptop sleeves / utility pouches, Gift sets",Office handbag,Table runners,Moderate embroidery,Strong mirror work,Black / neutral,Office use,Above 2000,1000-2000,500-1500,Strongly yes,Festival combo pack,Yes,Return policy,4,No,Highly likely
21-30,Male,Tier 1,Telangana,Student,Below 25000,Rarely,Instagram stores,Brand,Minimal modern,Gift sets,Office handbag,Table runners,Moderate embroidery,Light mirror work,Earth tones,Weddings,Below 500,2000-4000,Below 500,Sometimes,Festival combo pack,Yes,Return policy,2,Yes,Unsure
Below 20,Male,Tier 3 / Rural,Delhi,Student,25000-50000,Frequently,Instagram stores,Price,Fusion,"Cushion covers, Handbags, Jackets / shrugs",Sling bag,Decorative organizers,Heavy embroidery,Light mirror work,Earth tones,Daily use,1000-2000,1000-2000,Above 3000,No,Flat discount,Yes,Return policy,4,Yes,Unsure
Above 50,Male,Tier 1,Karnataka,Freelancer,50000-100000,Rarely,During travel,Design,Traditional,"Laptop sleeves / utility pouches, Cushion covers, Handbags",Tote bag,Table runners,Minimal embroidery,No mirror work,Earth tones,Festive use,Below 500,1000-2000,Below 500,Sometimes,Buy 2 Get 1,Depends on reviews,Return policy,1,No,Likely
Below 20,Male,Tier 3 / Rural,Gujarat,Freelancer,Below 25000,Frequently,Local exhibitions,Design,Fusion,"Laptop sleeves / utility pouches, Cushion covers",Sling bag,Cushion covers,Minimal embroidery,Strong mirror work,Pastel shades,Office use,500-1000,1000-2000,1500-3000,Sometimes,Buy 2 Get 1,Yes,Product images,4,No,Unlikely
Above 50,Female,Tier 2,West Bengal,Business Owner,100000-200000,Frequently,Local exhibitions,Authenticity,Traditional,"Laptop sleeves / utility pouches, Handbags",Clutch,Decorative organizers,Heavy embroidery,Light mirror work,Pastel shades,Weddings,Above 2000,Above 4000,Below 500,Sometimes,Free shipping,No,Brand story,5,Yes,Highly likely
21-30,Female,Metro,Gujarat,Student,100000-200000,Never,Instagram stores,Design,Minimal modern,"Handbags, Gift sets",Clutch,Decorative organizers,Heavy embroidery,Light mirror work,Earth tones,Gifting,500-1000,Above 4000,1500-3000,Strongly yes,Festival combo pack,No,Reviews,2,Yes,Unlikely
Below 20,Female,Metro,Tamil Nadu,Other,25000-50000,Never,During travel,Authenticity,Fusion,"Gift sets, Cushion covers, Jackets / shrugs",Office handbag,Table runners,Moderate embroidery,Strong mirror work,Pastel shades,Festive use,500-1000,2000-4000,Above 3000,Sometimes,Festival combo pack,No,Return policy,4,Yes,Likely
41-50,Male,Tier 1,Karnataka,Business Owner,25000-50000,Never,Local exhibitions,Price,Fusion,"Handbags, Gift sets, Laptop sleeves / utility pouches",Sling bag,Cushion covers,Heavy embroidery,No mirror work,Black / neutral,Gifting,500-1000,Above 4000,1500-3000,No,Free shipping,No,Reviews,1,No,Likely
21-30,Prefer not to say,Tier 1,Gujarat,Student,25000-50000,Rarely,During travel,Design,Fusion,Jackets / shrugs,Tote bag,Cushion covers,Moderate embroidery,Light mirror work,Earth tones,Weddings,Below 500,Above 4000,1500-3000,Strongly yes,Festival combo pack,No,Brand story,2,No,Likely
41-50,Male,Tier 2,West Bengal,Student,50000-100000,Rarely,During travel,Utility,Traditional,"Handbags, Jackets / shrugs, Cushion covers",Tote bag,Cushion covers,Moderate embroidery,Light mirror work,Bright colors,Festive use,Above 2000,2000-4000,1500-3000,No,Flat discount,No,Brand story,4,No,Very unlikely
21-30,Male,Tier 2,Delhi,Business Owner,50000-100000,Never,Retail stores,Authenticity,Depends on product,"Handbags, Gift sets, Laptop sleeves / utility pouches",Office handbag,Decorative organizers,Heavy embroidery,No mirror work,Pastel shades,Festive use,Above 2000,1000-2000,500-1500,Sometimes,Buy 2 Get 1,Yes,Product images,2,Yes,Likely
31-40,Female,Tier 1,Tamil Nadu,Business Owner,100000-200000,Occasionally,Online marketplaces,Price,Depends on product,"Cushion covers, Laptop sleeves / utility pouches",Sling bag,Wall décor textile,Heavy embroidery,Light mirror work,Bright colors,Daily use,500-1000,Below 1000,1500-3000,No,Flat discount,Depends on reviews,Reviews,5,Yes,Likely
31-40,Female,Tier 3 / Rural,Rajasthan,Freelancer,50000-100000,Rarely,Instagram stores,Brand,Depends on product,Cushion covers,Office handbag,Decorative organizers,Moderate embroidery,No mirror work,Bright colors,Daily use,1000-2000,1000-2000,Above 3000,Sometimes,Buy 2 Get 1,Depends on reviews,Brand story,2,No,Highly likely
41-50,Prefer not to say,Tier 1,Karnataka,Business Owner,Above 200000,Rarely,Retail stores,Utility,Traditional,"Laptop sleeves / utility pouches, Handbags, Gift sets",Tote bag,Wall décor textile,Heavy embroidery,Strong mirror work,,Gifting,Above 2000,1000-2000,Above 3000,Sometimes,Buy 2 Get 1,Depends on reviews,Return policy,1,No,Very unlikely
Above 50,Female,Metro,Rajasthan,Student,100000-200000,Never,During travel,Utility,Traditional,"Cushion covers, Handbags",Tote bag,Table runners,Heavy embroidery,Light mirror work,Pastel shades,Festive use,500-1000,2000-4000,Above 3000,Sometimes,Buy 2 Get 1,Depends on reviews,Reviews,5,Yes,Unlikely
Below 20,Female,Metro,Maharashtra,Homemaker,25000-50000,Occasionally,Retail stores,Brand,Fusion,Gift sets,Tote bag,Decorative organizers,Moderate embroidery,No mirror work,Earth tones,Festive use,Below 500,Below 1000,500-1500,No,Buy 2 Get 1,Yes,Product images,2,Yes,Unsure
41-50,Female,Tier 2,West Bengal,Other,25000-50000,Occasionally,Local exhibitions,Price,Traditional,"Handbags, Cushion covers, Laptop sleeves / utility pouches",Clutch,Cushion covers,Heavy embroidery,No mirror work,Earth tones,Festive use,1000-2000,2000-4000,1500-3000,Sometimes,Flat discount,Depends on reviews,Product images,3,No,Very unlikely
Above 50,Female,Tier 2,West Bengal,Business Owner,50000-100000,Never,Instagram stores,Authenticity,Fusion,"Jackets / shrugs, Cushion covers",Tote bag,Table runners,Heavy embroidery,Light mirror work,Black / neutral,Office use,Above 2000,1000-2000,500-1500,Sometimes,Buy 2 Get 1,Yes,Product images,1,Yes,Unsure
31-40,Female,Tier 1,Gujarat,Other,100000-200000,Rarely,Instagram stores,Authenticity,Fusion,"Cushion covers, Laptop sleeves / utility pouches, Handbags",Tote bag,Wall décor textile,Minimal embroidery,Light mirror work,Pastel shades,Weddings,Above 2000,Above 4000,Below 500,No,Buy 2 Get 1,No,Product images,2,Yes,Unlikely
31-40,Female,Tier 2,Maharashtra,Other,100000-200000,Frequently,Local exhibitions,Design,Minimal modern,"Cushion covers, Laptop sleeves / utility pouches, Jackets / shrugs",Tote bag,Table runners,Heavy embroidery,Strong mirror work,Black / neutral,Festive use,500-1000,2000-4000,Below 500,Sometimes,Flat discount,Depends on reviews,Reviews,5,Yes,Unsure
21-30,Female,Metro,Delhi,Business Owner,25000-50000,Frequently,Online marketplaces,Utility,Minimal modern,Handbags,Sling bag,Decorative organizers,Moderate embroidery,Light mirror work,Pastel shades,Daily use,Below 500,2000-4000,Below 500,Strongly yes,Festival combo pack,Yes,Reviews,3,Yes,Highly likely
41-50,Male,Metro,Maharashtra,Homemaker,Above 200000,Occasionally,Retail stores,Utility,Fusion,"Jackets / shrugs, Handbags",Tote bag,Cushion covers,Moderate embroidery,No mirror work,Earth tones,Weddings,500-1000,Below 1000,500-1500,No,Buy 2 Get 1,Yes,Reviews,3,No,Likely
31-40,Female,Tier 2,West Bengal,Student,25000-50000,Never,Retail stores,Design,Minimal modern,Handbags,Tote bag,Decorative organizers,Heavy embroidery,Strong mirror work,Black / neutral,Festive use,Above 2000,2000-4000,500-1500,No,Buy 2 Get 1,Depends on reviews,Product images,1,Yes,Unlikely
Below 20,Male,Metro,Maharashtra,Business Owner,Below 25000,Never,Local exhibitions,Price,Minimal modern,"Laptop sleeves / utility pouches, Gift sets, Jackets / shrugs",Clutch,Decorative organizers,Heavy embroidery,Light mirror work,Black / neutral,Office use,Above 2000,Above 4000,1500-3000,Strongly yes,Festival combo pack,Depends on reviews,Reviews,3,No,Unsure
31-40,Female,Tier 3 / Rural,Karnataka,Business Owner,25000-50000,Occasionally,Retail stores,Authenticity,Minimal modern,"Laptop sleeves / utility pouches, Cushion covers, Handbags",Sling bag,Decorative organizers,Minimal embroidery,No mirror work,Black / neutral,Office use,Below 500,Below 1000,500-1500,Sometimes,Festival combo pack,Depends on reviews,Reviews,5,Yes,Unsure
31-40,Female,Tier 3 / Rural,Karnataka,Business Owner,25000-50000,Rarely,Local exhibitions,Utility,Minimal modern,"Handbags, Cushion covers",Tote bag,Table runners,Moderate embroidery,Strong mirror work,Pastel shades,Daily use,500-1000,Above 4000,500-1500,Sometimes,Buy 2 Get 1,Yes,Reviews,3,Yes,Very unlikely
21-30,Male,Tier 2,Telangana,Business Owner,25000-50000,Never,Instagram stores,Price,Depends on product,Gift sets,Tote bag,Cushion covers,Moderate embroidery,No mirror work,Pastel shades,Daily use,Above 2000,2000-4000,Above 3000,Sometimes,Festival combo pack,Yes,Return policy,3,No,Likely
41-50,Female,Metro,Gujarat,Other,100000-200000,Frequently,During travel,Brand,Traditional,"Laptop sleeves / utility pouches, Gift sets, Handbags",Sling bag,Cushion covers,Moderate embroidery,Light mirror work,Black / neutral,Office use,Above 2000,2000-4000,Below 500,No,Buy 2 Get 1,No,Return policy,1,Yes,Unlikely
Below 20,Male,Tier 2,Rajasthan,Business Owner,Below 25000,Never,Online marketplaces,Design,Traditional,"Laptop sleeves / utility pouches, Handbags, Cushion covers",Tote bag,Cushion covers,Moderate embroidery,Strong mirror work,Pastel shades,Office use,Above 2000,2000-4000,Above 3000,Sometimes,Festival combo pack,Yes,Product images,3,Yes,Unlikely
41-50,Female,Tier 2,Gujarat,Student,Below 25000,Rarely,During travel,Price,Traditional,Gift sets,Tote bag,Decorative organizers,Heavy embroidery,Light mirror work,Black / neutral,Weddings,Above 2000,Above 4000,Below 500,Sometimes,Free shipping,Depends on reviews,Brand story,3,Yes,Unsure
41-50,Male,Tier 1,Maharashtra,Homemaker,25000-50000,Frequently,Local exhibitions,Design,Fusion,"Laptop sleeves / utility pouches, Cushion covers",Clutch,Wall décor textile,Moderate embroidery,No mirror work,Black / neutral,Office use,Above 2000,Above 4000,Above 3000,No,Buy 2 Get 1,Depends on reviews,Reviews,3,Yes,Likely
Below 20,Female,Tier 2,Gujarat,Homemaker,50000-100000,Rarely,Retail stores,Brand,Minimal modern,"Gift sets, Jackets / shrugs, Cushion covers",Tote bag,Table runners,Moderate embroidery,Light mirror work,Earth tones,Gifting,1000-2000,1000-2000,1500-3000,Sometimes,Flat discount,No,Brand story,5,Yes,Unlikely
21-30,Male,Tier 2,Maharashtra,Student,Above 200000,Occasionally,Online marketplaces,Design,Minimal modern,Handbags,Sling bag,Table runners,Moderate embroidery,Light mirror work,Pastel shades,Office use,Below 500,Below 1000,1500-3000,No,Buy 2 Get 1,No,Reviews,2,Yes,Likely
31-40,Male,Tier 1,Delhi,Freelancer,Below 25000,Rarely,Instagram stores,Design,Traditional,Cushion covers,Sling bag,Table runners,Moderate embroidery,Strong mirror work,Bright colors,Daily use,500-1000,Below 1000,500-1500,Strongly yes,Buy 2 Get 1,Depends on reviews,Reviews,3,Yes,Very unlikely
41-50,Male,Metro,West Bengal,Student,Above 200000,Never,During travel,Price,Traditional,"Laptop sleeves / utility pouches, Handbags, Jackets / shrugs",Sling bag,Cushion covers,Heavy embroidery,Light mirror work,Earth tones,Festive use,500-1000,Above 4000,Below 500,No,Free shipping,Depends on reviews,Product images,5,Yes,Likely
31-40,Female,Tier 3 / Rural,Karnataka,Other,Above 200000,Never,Instagram stores,Brand,Depends on product,"Cushion covers, Laptop sleeves / utility pouches",Office handbag,Wall décor textile,Moderate embroidery,Light mirror work,Black / neutral,Daily use,Above 2000,Above 4000,1500-3000,No,Buy 2 Get 1,No,Return policy,4,No,Unlikely
Above 50,Female,Metro,West Bengal,Student,Above 200000,Never,Online marketplaces,Design,Minimal modern,"Laptop sleeves / utility pouches, Cushion covers",Office handbag,Cushion covers,Heavy embroidery,Light mirror work,Pastel shades,Office use,Above 2000,1000-2000,Above 3000,Sometimes,Festival combo pack,No,Brand story,5,No,Likely
31-40,Female,Metro,Tamil Nadu,Business Owner,100000-200000,Frequently,Retail stores,Price,Fusion,"Jackets / shrugs, Handbags, Laptop sleeves / utility pouches",Clutch,Cushion covers,Moderate embroidery,Light mirror work,Bright colors,Gifting,1000-2000,Above 4000,1500-3000,Strongly yes,Festival combo pack,Depends on reviews,Product images,4,No,Highly likely
Below 20,Female,Metro,Gujarat,Homemaker,Below 25000,Occasionally,Online marketplaces,Price,Depends on product,"Laptop sleeves / utility pouches, Jackets / shrugs",Office handbag,Table runners,Moderate embroidery,Light mirror work,Black / neutral,Weddings,1000-2000,1000-2000,Above 3000,Sometimes,Buy 2 Get 1,No,Reviews,3,Yes,Unsure
31-40,Female,Tier 2,Maharashtra,Student,50000-100000,Frequently,Local exhibitions,Design,Traditional,"Gift sets, Handbags, Jackets / shrugs",Clutch,Wall décor textile,Minimal embroidery,Light mirror work,Pastel shades,Gifting,Below 500,2000-4000,Above 3000,Strongly yes,Buy 2 Get 1,Depends on reviews,Reviews,2,Yes,Highly likely
Below 20,Female,Tier 1,Gujarat,Freelancer,100000-200000,Never,Local exhibitions,Price,Depends on product,"Jackets / shrugs, Laptop sleeves / utility pouches",Office handbag,Wall décor textile,Heavy embroidery,No mirror work,Black / neutral,Weddings,1000-2000,Above 4000,500-1500,Strongly yes,Buy 2 Get 1,No,Return policy,4,Yes,Likely
41-50,Female,Metro,Rajasthan,Business Owner,Below 25000,Occasionally,Instagram stores,Utility,Minimal modern,"Handbags, Cushion covers",Tote bag,Decorative organizers,Moderate embroidery,Strong mirror work,Pastel shades,Office use,Below 500,Above 4000,1500-3000,No,Flat discount,No,Return policy,2,No,Unlikely
41-50,Female,Tier 2,Gujarat,Freelancer,Below 25000,Occasionally,Instagram stores,Authenticity,Depends on product,"Gift sets, Cushion covers",Clutch,Wall décor textile,Moderate embroidery,Light mirror work,Earth tones,Gifting,Above 2000,Below 1000,1500-3000,Strongly yes,Free shipping,Yes,Reviews,4,Yes,Unsure
31-40,Male,Tier 2,Karnataka,Business Owner,,Occasionally,Instagram stores,Price,Traditional,"Cushion covers, Gift sets",Clutch,Cushion covers,Moderate embroidery,Light mirror work,Earth tones,Daily use,1000-2000,1000-2000,Above 3000,Sometimes,Festival combo pack,No,Reviews,4,Yes,Very unlikely
41-50,Female,Tier 3 / Rural,Telangana,Homemaker,25000-50000,Frequently,Local exhibitions,Design,Traditional,"Laptop sleeves / utility pouches, Handbags",Tote bag,Decorative organizers,Minimal embroidery,No mirror work,Black / neutral,Weddings,Above 2000,1000-2000,Above 3000,Sometimes,Buy 2 Get 1,Yes,Reviews,3,No,Unsure
31-40,Female,Tier 2,Telangana,Business Owner,Above 200000,Rarely,Online marketplaces,Design,Traditional,"Cushion covers, Laptop sleeves / utility pouches",Tote bag,Decorative organizers,Minimal embroidery,Light mirror work,Earth tones,Gifting,Above 2000,1000-2000,Below 500,Strongly yes,Free shipping,Depends on reviews,Brand story,1,Yes,Unlikely
21-30,Male,Tier 2,West Bengal,Student,Above 200000,Rarely,Online marketplaces,Utility,Minimal modern,"Laptop sleeves / utility pouches, Jackets / shrugs, Gift sets",Clutch,Decorative organizers,Moderate embroidery,Strong mirror work,Bright colors,Gifting,Below 500,1000-2000,500-1500,Strongly yes,Festival combo pack,Depends on reviews,Return policy,1,No,Unsure
21-30,Female,Metro,Rajasthan,Business Owner,25000-50000,Rarely,Online marketplaces,Utility,Traditional,Gift sets,Office handbag,Decorative organizers,Minimal embroidery,No mirror work,Pastel shades,Weddings,1000-2000,Above 4000,Above 3000,Sometimes,Buy 2 Get 1,Yes,Reviews,4,No,Very unlikely
Above 50,Male,Tier 2,West Bengal,Other,Below 25000,Never,During travel,Design,Minimal modern,"Cushion covers, Handbags",Tote bag,Cushion covers,Minimal embroidery,No mirror work,Pastel shades,Daily use,Above 2000,1000-2000,Above 3000,Sometimes,Festival combo pack,No,Product images,4,Yes,Likely
31-40,Male,Tier 3 / Rural,Rajasthan,Salaried Employee,100000-200000,Occasionally,Instagram stores,Utility,Minimal modern,Handbags,Clutch,Wall décor textile,Moderate embroidery,No mirror work,Earth tones,Daily use,1000-2000,Below 1000,500-1500,Strongly yes,Festival combo pack,No,Brand story,1,Yes,Unlikely
41-50,Male,Tier 2,Karnataka,Business Owner,50000-100000,Rarely,Retail stores,Brand,Minimal modern,"Handbags, Cushion covers",Tote bag,Wall décor textile,Moderate embroidery,Light mirror work,Pastel shades,Office use,500-1000,2000-4000,1500-3000,No,Free shipping,Yes,Reviews,1,Yes,Unsure
Above 50,Female,Tier 3 / Rural,Rajasthan,Student,50000-100000,Frequently,Online marketplaces,Price,Minimal modern,"Handbags, Cushion covers",Clutch,Decorative organizers,Heavy embroidery,Strong mirror work,Earth tones,Weddings,Above 2000,Above 4000,Below 500,No,Free shipping,Yes,Product images,1,Yes,Very unlikely
21-30,Male,Tier 1,Delhi,Freelancer,50000-100000,Occasionally,Online marketplaces,Utility,Fusion,"Cushion covers, Jackets / shrugs, Gift sets",Tote bag,Decorative organizers,Heavy embroidery,No mirror work,Black / neutral,Daily use,Below 500,1000-2000,Below 500,Sometimes,Festival combo pack,No,Brand story,1,Yes,Unsure
Above 50,Female,Tier 1,Gujarat,Freelancer,100000-200000,Never,During travel,Authenticity,Fusion,Handbags,Clutch,Wall décor textile,Moderate embroidery,Light mirror work,Bright colors,Festive use,1000-2000,Above 4000,1500-3000,No,Festival combo pack,No,Brand story,1,No,Unsure
Above 50,Female,Tier 3 / Rural,West Bengal,Salaried Employee,Above 200000,Occasionally,During travel,Authenticity,Depends on product,"Handbags, Laptop sleeves / utility pouches",Tote bag,Cushion covers,Heavy embroidery,Light mirror work,Earth tones,Weddings,Below 500,Above 4000,500-1500,Strongly yes,Flat discount,No,Return policy,5,Yes,Very unlikely
21-30,Female,Tier 1,Gujarat,Salaried Employee,50000-100000,Never,During travel,Brand,Minimal modern,Handbags,Sling bag,Cushion covers,Minimal embroidery,No mirror work,Black / neutral,Festive use,Above 2000,1000-2000,Above 3000,Sometimes,Festival combo pack,No,Reviews,2,No,Very unlikely
41-50,Female,Tier 3 / Rural,Karnataka,Salaried Employee,25000-50000,Rarely,Retail stores,Authenticity,Traditional,"Cushion covers, Jackets / shrugs, Laptop sleeves / utility pouches",Tote bag,Table runners,Heavy embroidery,Strong mirror work,Pastel shades,Weddings,Above 2000,1000-2000,Above 3000,Sometimes,Festival combo pack,Depends on reviews,Reviews,5,Yes,Unlikely
31-40,Female,Tier 3 / Rural,Rajasthan,Salaried Employee,Above 200000,Rarely,Online marketplaces,Authenticity,Minimal modern,Jackets / shrugs,Clutch,Wall décor textile,Minimal embroidery,Strong mirror work,Earth tones,Daily use,Below 500,2000-4000,500-1500,Strongly yes,Buy 2 Get 1,No,Product images,2,No,Likely
Below 20,Female,Tier 3 / Rural,Gujarat,Homemaker,Above 200000,Occasionally,During travel,Utility,Minimal modern,"Jackets / shrugs, Cushion covers",Office handbag,Cushion covers,Minimal embroidery,Strong mirror work,Black / neutral,Gifting,1000-2000,Below 1000,Above 3000,Strongly yes,Festival combo pack,Yes,Product images,1,Yes,Likely
21-30,Female,Tier 3 / Rural,Gujarat,Other,Below 25000,Frequently,During travel,Design,Depends on product,"Jackets / shrugs, Handbags, Cushion covers",Sling bag,Decorative organizers,Minimal embroidery,Strong mirror work,Pastel shades,Office use,Below 500,2000-4000,Above 3000,Sometimes,Buy 2 Get 1,No,Product images,1,No,Unlikely
21-30,Male,Tier 1,Karnataka,Other,25000-50000,Occasionally,Retail stores,Authenticity,Minimal modern,Jackets / shrugs,Office handbag,Decorative organizers,Heavy embroidery,Light mirror work,Earth tones,Weddings,Above 2000,1000-2000,1500-3000,No,Free shipping,Yes,Reviews,3,No,Likely
31-40,Male,Metro,West Bengal,Homemaker,Below 25000,Rarely,Instagram stores,Price,Traditional,"Gift sets, Laptop sleeves / utility pouches",Office handbag,Table runners,Minimal embroidery,No mirror work,Earth tones,Weddings,500-1000,2000-4000,Below 500,Strongly yes,Flat discount,No,Product images,3,Yes,Likely
Below 20,Female,Tier 2,Telangana,Other,25000-50000,Occasionally,Local exhibitions,Design,Depends on product,Gift sets,Office handbag,Table runners,Heavy embroidery,Strong mirror work,Earth tones,Weddings,Below 500,2000-4000,Below 500,No,Flat discount,No,Reviews,1,Yes,Highly likely
Above 50,Female,Tier 3 / Rural,West Bengal,Homemaker,Above 200000,Frequently,Retail stores,Brand,Minimal modern,"Handbags, Laptop sleeves / utility pouches, Jackets / shrugs",Sling bag,Cushion covers,Heavy embroidery,Light mirror work,Earth tones,Festive use,1000-2000,Above 4000,500-1500,Sometimes,Buy 2 Get 1,Yes,Reviews,2,Yes,Unsure
Above 50,Female,Tier 2,Karnataka,Other,100000-200000,Never,During travel,Brand,Fusion,"Handbags, Cushion covers, Gift sets",Office handbag,Table runners,Heavy embroidery,Strong mirror work,Earth tones,Weddings,Above 2000,Below 1000,1500-3000,Sometimes,Buy 2 Get 1,No,Product images,3,Yes,Unsure
31-40,Female,Tier 1,Maharashtra,Homemaker,100000-200000,Never,During travel,Price,Minimal modern,"Jackets / shrugs, Gift sets",Clutch,Table runners,Heavy embroidery,No mirror work,Earth tones,Festive use,1000-2000,1000-2000,500-1500,Strongly yes,Festival combo pack,No,Return policy,3,No,Unlikely
31-40,Male,Tier 2,Delhi,Other,50000-100000,Occasionally,Retail stores,Authenticity,Minimal modern,"Jackets / shrugs, Handbags, Cushion covers",Office handbag,Wall décor textile,Minimal embroidery,Light mirror work,Pastel shades,Festive use,Above 2000,1000-2000,1500-3000,Sometimes,Flat discount,No,Return policy,5,Yes,Unsure
41-50,Female,Tier 1,Tamil Nadu,Business Owner,50000-100000,Frequently,During travel,Authenticity,Depends on product,Jackets / shrugs,Office handbag,Cushion covers,Minimal embroidery,Light mirror work,Black / neutral,Office use,1000-2000,Below 1000,Above 3000,Sometimes,Buy 2 Get 1,Yes,Reviews,5,No,Likely
21-30,Female,Tier 2,West Bengal,Salaried Employee,Above 200000,Occasionally,During travel,Brand,Traditional,"Gift sets, Cushion covers",Tote bag,Decorative organizers,Minimal embroidery,Light mirror work,Pastel shades,Festive use,Below 500,Below 1000,Below 500,Strongly yes,Buy 2 Get 1,No,Product images,4,Yes,Unsure
Above 50,Male,Tier 2,Telangana,Business Owner,Below 25000,Occasionally,Online marketplaces,Utility,Minimal modern,"Jackets / shrugs, Handbags, Gift sets",Office handbag,Table runners,Heavy embroidery,Strong mirror work,Earth tones,Office use,1000-2000,Below 1000,Below 500,Sometimes,Buy 2 Get 1,Depends on reviews,Product images,5,Yes,Likely
Above 50,Female,Tier 2,Gujarat,Salaried Employee,100000-200000,Rarely,During travel,Price,Fusion,"Jackets / shrugs, Gift sets, Handbags",Tote bag,Decorative organizers,Moderate embroidery,No mirror work,Bright colors,Gifting,Above 2000,Above 4000,Below 500,Sometimes,Festival combo pack,Depends on reviews,Reviews,1,Yes,Likely
31-40,Female,Tier 3 / Rural,West Bengal,Freelancer,25000-50000,Frequently,Local exhibitions,Brand,Traditional,"Laptop sleeves / utility pouches, Cushion covers, Jackets / shrugs",Clutch,Table runners,Minimal embroidery,No mirror work,Black / neutral,Office use,1000-2000,Below 1000,1500-3000,No,Buy 2 Get 1,Depends on reviews,Brand story,1,Yes,Unlikely
Below 20,Male,Tier 3 / Rural,Maharashtra,Freelancer,Below 25000,Occasionally,During travel,Brand,Fusion,"Handbags, Cushion covers",Office handbag,Decorative organizers,Heavy embroidery,No mirror work,Black / neutral,Weddings,Above 2000,Above 4000,500-1500,No,Free shipping,Yes,Product images,4,No,Unsure
Below 20,Female,Tier 3 / Rural,Maharashtra,Salaried Employee,Below 25000,Frequently,Online marketplaces,Price,Fusion,"Cushion covers, Handbags",Office handbag,Cushion covers,Moderate embroidery,Light mirror work,Earth tones,Festive use,1000-2000,2000-4000,500-1500,No,Free shipping,Depends on reviews,Reviews,4,Yes,Likely
21-30,Male,Metro,Gujarat,Freelancer,50000-100000,Rarely,Local exhibitions,Authenticity,Traditional,"Jackets / shrugs, Gift sets, Laptop sleeves / utility pouches",Sling bag,Wall décor textile,Moderate embroidery,Strong mirror work,Bright colors,Office use,500-1000,2000-4000,Below 500,No,Flat discount,Depends on reviews,Product images,5,No,Likely
21-30,Male,Tier 3 / Rural,Rajasthan,Salaried Employee,Below 25000,Rarely,Local exhibitions,Utility,Minimal modern,Jackets / shrugs,Clutch,Wall décor textile,Heavy embroidery,No mirror work,Bright colors,Weddings,Above 2000,2000-4000,500-1500,Sometimes,Free shipping,Yes,Product images,1,Yes,Likely
41-50,Female,Tier 3 / Rural,Maharashtra,Salaried Employee,100000-200000,Rarely,Retail stores,Authenticity,Depends on product,"Jackets / shrugs, Laptop sleeves / utility pouches, Gift sets",Office handbag,Decorative organizers,Heavy embroidery,No mirror work,Pastel shades,Weddings,500-1000,1000-2000,500-1500,Strongly yes,Flat discount,No,Product images,4,No,Likely
41-50,Female,Tier 2,Rajasthan,Salaried Employee,25000-50000,Never,Online marketplaces,Utility,Fusion,"Handbags, Jackets / shrugs",Sling bag,Wall décor textile,Minimal embroidery,No mirror work,Pastel shades,Office use,1000-2000,1000-2000,Above 3000,No,Flat discount,Yes,Reviews,4,Yes,Likely
41-50,Male,Tier 2,Rajasthan,Freelancer,100000-200000,Frequently,During travel,Design,Fusion,"Handbags, Cushion covers",Tote bag,Cushion covers,Moderate embroidery,Light mirror work,Pastel shades,Festive use,500-1000,Below 1000,1500-3000,Sometimes,Buy 2 Get 1,No,Product images,5,Yes,Likely
41-50,Female,Tier 2,Telangana,Student,100000-200000,Never,Online marketplaces,Price,Traditional,"Laptop sleeves / utility pouches, Handbags",Office handbag,Decorative organizers,Moderate embroidery,Strong mirror work,Black / neutral,Office use,1000-2000,Above 4000,Below 500,Sometimes,Free shipping,Depends on reviews,Reviews,3,No,Unlikely
21-30,Female,Tier 3 / Rural,Rajasthan,Business Owner,100000-200000,Never,Online marketplaces,Brand,Traditional,"Cushion covers, Gift sets",Sling bag,Cushion covers,Heavy embroidery,No mirror work,Earth tones,Daily use,Below 500,Above 4000,Above 3000,Sometimes,Buy 2 Get 1,No,Return policy,5,No,Likely
Below 20,Male,Tier 2,West Bengal,Freelancer,50000-100000,Never,Online marketplaces,Utility,Traditional,"Handbags, Cushion covers, Jackets / shrugs",Tote bag,Cushion covers,Heavy embroidery,No mirror work,Black / neutral,Weddings,1000-2000,Below 1000,500-1500,Strongly yes,Buy 2 Get 1,Yes,Brand story,3,No,Highly likely
21-30,Female,Tier 3 / Rural,West Bengal,Freelancer,Above 200000,Never,Retail stores,Authenticity,Minimal modern,"Handbags, Cushion covers",Tote bag,Cushion covers,Heavy embroidery,Strong mirror work,Bright colors,Gifting,1000-2000,Above 4000,1500-3000,Sometimes,Free shipping,Depends on reviews,Product images,1,No,Unsure
31-40,Male,Metro,Karnataka,Other,Above 200000,Rarely,Online marketplaces,Design,Fusion,"Cushion covers, Jackets / shrugs",Sling bag,Table runners,Moderate embroidery,No mirror work,Bright colors,Daily use,Below 500,Below 1000,1500-3000,No,Festival combo pack,No,Brand story,1,Yes,Likely
Below 20,Female,Metro,Karnataka,Business Owner,50000-100000,Occasionally,Local exhibitions,Authenticity,Traditional,"Laptop sleeves / utility pouches, Handbags",Tote bag,Cushion covers,Minimal embroidery,Light mirror work,Bright colors,Weddings,1000-2000,2000-4000,500-1500,No,Free shipping,Depends on reviews,Product images,5,Yes,Very unlikely
41-50,Female,Tier 3 / Rural,Delhi,Business Owner,25000-50000,Frequently,Instagram stores,Price,Fusion,"Laptop sleeves / utility pouches, Jackets / shrugs, Cushion covers",Sling bag,Decorative organizers,Heavy embroidery,Strong mirror work,Pastel shades,Daily use,Below 500,Below 1000,Below 500,No,Free shipping,Depends on reviews,Reviews,4,No,Likely
21-30,Female,Tier 3 / Rural,Maharashtra,Salaried Employee,Below 25000,Frequently,Online marketplaces,Price,Fusion,"Handbags, Jackets / shrugs",Office handbag,Decorative organizers,Moderate embroidery,No mirror work,Pastel shades,Festive use,Above 2000,2000-4000,1500-3000,Sometimes,Buy 2 Get 1,No,Return policy,5,Yes,Highly likely
31-40,Female,Tier 3 / Rural,Gujarat,Other,50000-100000,Rarely,During travel,Price,Minimal modern,"Laptop sleeves / utility pouches, Handbags",Sling bag,Decorative organizers,Minimal embroidery,Strong mirror work,Pastel shades,Gifting,500-1000,1000-2000,500-1500,Strongly yes,Festival combo pack,No,Return policy,5,No,Unsure
Above 50,Male,Metro,Karnataka,Other,Above 200000,Frequently,Instagram stores,Authenticity,Depends on product,"Gift sets, Jackets / shrugs",Clutch,Wall décor textile,Minimal embroidery,Strong mirror work,Black / neutral,Daily use,Above 2000,1000-2000,500-1500,Sometimes,Free shipping,Depends on reviews,Return policy,5,No,Highly likely
31-40,Female,Tier 2,Maharashtra,Salaried Employee,Above 200000,Never,Online marketplaces,Price,Depends on product,"Jackets / shrugs, Laptop sleeves / utility pouches, Cushion covers",Sling bag,Table runners,Minimal embroidery,Strong mirror work,Pastel shades,Daily use,1000-2000,1000-2000,Below 500,Strongly yes,Buy 2 Get 1,Depends on reviews,Product images,1,Yes,Unsure
Below 20,Male,Metro,Gujarat,Other,Above 200000,Rarely,During travel,Design,Traditional,"Cushion covers, Laptop sleeves / utility pouches",Clutch,Decorative organizers,Minimal embroidery,Light mirror work,Bright colors,Gifting,Below 500,2000-4000,Above 3000,No,Festival combo pack,Depends on reviews,Return policy,2,No,Likely
Above 50,Female,Tier 3 / Rural,Rajasthan,Student,Above 200000,Never,Local exhibitions,Utility,Fusion,Laptop sleeves / utility pouches,Tote bag,Table runners,Minimal embroidery,Strong mirror work,Earth tones,Gifting,1000-2000,Below 1000,500-1500,Sometimes,Festival combo pack,No,Brand story,5,Yes,Unsure
Above 50,Female,Tier 1,Rajasthan,Other,100000-200000,Occasionally,Local exhibitions,Brand,Minimal modern,Cushion covers,Clutch,Wall décor textile,Heavy embroidery,Strong mirror work,Black / neutral,Office use,1000-2000,Above 4000,Above 3000,No,Flat discount,Yes,Return policy,5,No,Unsure
21-30,Female,Tier 3 / Rural,Maharashtra,Salaried Employee,100000-200000,Frequently,Retail stores,Price,Minimal modern,Handbags,Office handbag,Cushion covers,Minimal embroidery,No mirror work,Earth tones,Gifting,Above 2000,2000-4000,Below 500,No,Free shipping,No,Brand story,2,Yes,Unsure
Above 50,Male,Tier 2,Maharashtra,Other,50000-100000,Frequently,During travel,Utility,Traditional,"Gift sets, Cushion covers",Office handbag,Wall décor textile,Moderate embroidery,Strong mirror work,Earth tones,Office use,Below 500,Below 1000,Below 500,Sometimes,Buy 2 Get 1,No,Brand story,3,No,Unlikely
31-40,Female,Metro,West Bengal,Homemaker,100000-200000,Frequently,Instagram stores,Price,Depends on product,Gift sets,Sling bag,Table runners,Minimal embroidery,Light mirror work,Earth tones,Gifting,500-1000,1000-2000,Below 500,Sometimes,Flat discount,No,Brand story,4,Yes,Likely
Above 50,Male,Tier 2,Gujarat,Business Owner,50000-100000,Rarely,Online marketplaces,Design,Fusion,Laptop sleeves / utility pouches,Clutch,Cushion covers,Heavy embroidery,Strong mirror work,Bright colors,Weddings,Below 500,2000-4000,500-1500,No,Festival combo pack,Yes,Product images,5,Yes,Unsure
31-40,Prefer not to say,Tier 3 / Rural,Tamil Nadu,Student,Below 25000,Frequently,During travel,Price,Depends on product,Gift sets,Office handbag,Table runners,Moderate embroidery,Strong mirror work,Bright colors,Gifting,1000-2000,1000-2000,1500-3000,Sometimes,Flat discount,Yes,Product images,3,Yes,Likely
31-40,Male,Tier 2,Karnataka,Homemaker,25000-50000,Frequently,Retail stores,Authenticity,Fusion,Gift sets,Office handbag,Cushion covers,Moderate embroidery,No mirror work,Earth tones,Festive use,Below 500,Below 1000,Below 500,Strongly yes,Festival combo pack,Yes,Return policy,2,No,Unsure
Below 20,Female,Metro,Tamil Nadu,Salaried Employee,50000-100000,Rarely,Retail stores,Authenticity,Fusion,"Cushion covers, Handbags",Clutch,Decorative organizers,Moderate embroidery,No mirror work,Earth tones,Festive use,1000-2000,Below 1000,500-1500,Sometimes,Buy 2 Get 1,Yes,Return policy,4,No,Likely
Below 20,Female,Tier 2,Maharashtra,Student,100000-200000,Rarely,Retail stores,Price,Minimal modern,"Gift sets, Cushion covers",Tote bag,Table runners,Minimal embroidery,Light mirror work,Bright colors,Gifting,Below 500,Above 4000,Below 500,No,Buy 2 Get 1,No,Brand story,5,Yes,Unlikely
Below 20,Male,Metro,Maharashtra,Business Owner,100000-200000,Never,Local exhibitions,Price,Traditional,Laptop sleeves / utility pouches,Tote bag,Wall décor textile,Heavy embroidery,Light mirror work,Black / neutral,Office use,Below 500,Below 1000,Below 500,Strongly yes,Flat discount,No,Return policy,4,Yes,Likely
21-30,Male,Metro,Delhi,Other,50000-100000,Rarely,Local exhibitions,Price,Fusion,"Handbags, Gift sets, Laptop sleeves / utility pouches",Tote bag,Table runners,Minimal embroidery,No mirror work,Pastel shades,Gifting,Above 2000,1000-2000,1500-3000,Sometimes,Festival combo pack,Depends on reviews,Reviews,2,Yes,Likely
31-40,Female,Tier 2,Tamil Nadu,Other,Below 25000,Occasionally,Instagram stores,Design,Fusion,"Jackets / shrugs, Gift sets, Laptop sleeves / utility pouches",Clutch,Decorative organizers,Moderate embroidery,No mirror work,Black / neutral,Weddings,Above 2000,Above 4000,Above 3000,Sometimes,Free shipping,No,Reviews,1,Yes,Very unlikely
Above 50,Male,Metro,Rajasthan,Student,50000-100000,Never,Local exhibitions,Price,Fusion,"Jackets / shrugs, Gift sets",Clutch,Cushion covers,Moderate embroidery,Light mirror work,Earth tones,Office use,1000-2000,1000-2000,Above 3000,Sometimes,Festival combo pack,No,Product images,1,No,Unsure
21-30,Male,Metro,Telangana,Salaried Employee,Above 200000,Never,Retail stores,Utility,Depends on product,Cushion covers,Tote bag,Decorative organizers,Moderate embroidery,No mirror work,Earth tones,Festive use,Below 500,Below 1000,Above 3000,No,Flat discount,Yes,Return policy,2,No,Unlikely
21-30,Female,Tier 1,Delhi,Homemaker,100000-200000,Never,Local exhibitions,Brand,Traditional,"Laptop sleeves / utility pouches, Jackets / shrugs",Tote bag,Table runners,Moderate embroidery,Light mirror work,Earth tones,Daily use,Above 2000,Above 4000,500-1500,No,Free shipping,Depends on reviews,Brand story,1,Yes,Likely
Below 20,Male,Tier 1,Telangana,Freelancer,Above 200000,Rarely,During travel,Brand,Traditional,"Laptop sleeves / utility pouches, Cushion covers, Gift sets",Clutch,Wall décor textile,Moderate embroidery,Light mirror work,Pastel shades,Daily use,Below 500,Above 4000,500-1500,Strongly yes,Festival combo pack,No,Brand story,1,No,Likely
Below 20,Female,Tier 2,Karnataka,Homemaker,50000-100000,Frequently,Retail stores,Design,Traditional,"Jackets / shrugs, Gift sets, Cushion covers",Tote bag,Cushion covers,Minimal embroidery,Strong mirror work,Pastel shades,Gifting,Below 500,Above 4000,Below 500,Sometimes,Festival combo pack,Depends on reviews,Brand story,4,No,Unlikely
41-50,Male,Tier 3 / Rural,Gujarat,Business Owner,25000-50000,Never,Retail stores,Brand,Depends on product,"Jackets / shrugs, Laptop sleeves / utility pouches, Handbags",Sling bag,Decorative organizers,Minimal embroidery,No mirror work,Bright colors,Office use,Below 500,Below 1000,500-1500,No,Buy 2 Get 1,No,Return policy,5,Yes,Likely
Below 20,Female,Tier 3 / Rural,Tamil Nadu,Business Owner,Above 200000,Frequently,Retail stores,Brand,Minimal modern,"Jackets / shrugs, Cushion covers, Gift sets",Sling bag,Table runners,Heavy embroidery,No mirror work,Pastel shades,Daily use,500-1000,Above 4000,500-1500,Sometimes,Free shipping,Depends on reviews,Reviews,3,No,Unsure
Above 50,Female,Metro,Maharashtra,Student,100000-200000,Never,Local exhibitions,Price,Depends on product,"Handbags, Gift sets",Tote bag,Table runners,Heavy embroidery,Strong mirror work,Pastel shades,Daily use,Below 500,1000-2000,1500-3000,Strongly yes,Flat discount,No,Product images,4,Yes,Highly likely
41-50,Male,Tier 2,West Bengal,Student,Above 200000,Frequently,Instagram stores,Authenticity,Depends on product,"Jackets / shrugs, Cushion covers, Gift sets",Office handbag,Wall décor textile,Moderate embroidery,Light mirror work,Pastel shades,Gifting,500-1000,2000-4000,500-1500,Strongly yes,Free shipping,No,Product images,2,Yes,Unlikely
31-40,Female,Metro,Telangana,Student,25000-50000,Occasionally,Online marketplaces,Brand,Fusion,"Cushion covers, Gift sets",Tote bag,Wall décor textile,Moderate embroidery,Light mirror work,Earth tones,Daily use,500-1000,Above 4000,Above 3000,Sometimes,Buy 2 Get 1,Depends on reviews,Reviews,3,Yes,Unsure
Above 50,Male,Metro,Delhi,Homemaker,Above 200000,Never,Retail stores,Price,Fusion,Gift sets,Clutch,Decorative organizers,Moderate embroidery,No mirror work,Pastel shades,Daily use,1000-2000,2000-4000,Above 3000,Strongly yes,Free shipping,No,Brand story,5,Yes,Very unlikely
Below 20,Male,Tier 2,Gujarat,Homemaker,Below 25000,Rarely,Online marketplaces,Brand,Traditional,"Gift sets, Handbags, Laptop sleeves / utility pouches",Tote bag,Cushion covers,Minimal embroidery,Strong mirror work,Bright colors,Office use,Below 500,2000-4000,500-1500,Sometimes,Flat discount,Depends on reviews,Return policy,2,Yes,Unlikely
31-40,Male,Tier 3 / Rural,Delhi,Student,Below 25000,Frequently,Online marketplaces,Brand,Depends on product,"Gift sets, Cushion covers, Handbags",Sling bag,Table runners,Heavy embroidery,No mirror work,Earth tones,Gifting,500-1000,1000-2000,Above 3000,No,Free shipping,Yes,Brand story,3,No,Likely
31-40,Female,Metro,Delhi,Salaried Employee,,Never,Instagram stores,Authenticity,Depends on product,"Laptop sleeves / utility pouches, Handbags, Gift sets",Office handbag,Cushion covers,Heavy embroidery,No mirror work,Earth tones,Festive use,Above 2000,Below 1000,500-1500,No,Free shipping,No,Return policy,3,No,Unsure
31-40,Female,Tier 2,Delhi,Freelancer,100000-200000,Frequently,During travel,Utility,Fusion,Gift sets,Clutch,Table runners,Moderate embroidery,Light mirror work,Earth tones,Daily use,1000-2000,Below 1000,500-1500,No,Festival combo pack,Yes,Brand story,4,Yes,Likely
41-50,Male,Tier 1,West Bengal,Business Owner,25000-50000,Frequently,Instagram stores,Brand,Fusion,Handbags,Tote bag,Wall décor textile,Moderate embroidery,Light mirror work,Pastel shades,Weddings,1000-2000,Above 4000,1500-3000,Sometimes,Festival combo pack,Yes,Brand story,5,Yes,Highly likely
21-30,Female,Metro,Karnataka,Homemaker,50000-100000,Frequently,Local exhibitions,Authenticity,Fusion,Gift sets,Office handbag,Wall décor textile,Minimal embroidery,Light mirror work,Black / neutral,Daily use,500-1000,1000-2000,Above 3000,Strongly yes,Free shipping,No,Return policy,3,No,Unlikely
Above 50,Female,Tier 1,Telangana,Salaried Employee,25000-50000,Frequently,Online marketplaces,Price,Minimal modern,"Handbags, Cushion covers",Sling bag,Decorative organizers,Heavy embroidery,Light mirror work,Black / neutral,Festive use,500-1000,2000-4000,Below 500,No,Festival combo pack,Yes,Brand story,3,No,Unsure
31-40,Male,Tier 3 / Rural,Maharashtra,Student,100000-200000,Occasionally,Local exhibitions,Price,Depends on product,Handbags,Clutch,Table runners,Minimal embroidery,Strong mirror work,Bright colors,Weddings,Below 500,Below 1000,500-1500,Strongly yes,Buy 2 Get 1,No,Return policy,3,No,Highly likely
41-50,Male,Tier 3 / Rural,Karnataka,Other,50000-100000,Never,Retail stores,Brand,Fusion,Cushion covers,Sling bag,Wall décor textile,Moderate embroidery,Light mirror work,Black / neutral,Daily use,1000-2000,1000-2000,1500-3000,Sometimes,Flat discount,No,Product images,4,No,Likely
41-50,Female,Tier 1,Rajasthan,Homemaker,Above 200000,Rarely,During travel,Utility,Traditional,"Jackets / shrugs, Cushion covers",Clutch,Cushion covers,Minimal embroidery,No mirror work,Earth tones,Gifting,Below 500,Below 1000,1500-3000,Strongly yes,Festival combo pack,Depends on reviews,Brand story,4,No,Very unlikely
41-50,Female,Tier 2,Karnataka,Business Owner,50000-100000,Occasionally,Local exhibitions,Design,Traditional,Jackets / shrugs,Tote bag,Table runners,Moderate embroidery,No mirror work,Bright colors,Weddings,500-1000,2000-4000,500-1500,Strongly yes,Flat discount,Yes,Product images,3,Yes,Highly likely
21-30,Female,Tier 3 / Rural,Rajasthan,Student,100000-200000,Never,Retail stores,Utility,Fusion,"Jackets / shrugs, Handbags, Laptop sleeves / utility pouches",Sling bag,Table runners,Moderate embroidery,Light mirror work,Black / neutral,Gifting,500-1000,1000-2000,Above 3000,Sometimes,Free shipping,No,Product images,1,Yes,Likely
Below 20,Male,Tier 2,Tamil Nadu,Student,50000-100000,Never,During travel,Price,Traditional,Handbags,Tote bag,Cushion covers,Heavy embroidery,No mirror work,Earth tones,Office use,Below 500,Below 1000,Below 500,Sometimes,Buy 2 Get 1,Depends on reviews,Return policy,4,No,Likely
31-40,Female,Tier 1,Maharashtra,Homemaker,25000-50000,Never,Instagram stores,Brand,Depends on product,Jackets / shrugs,Tote bag,Decorative organizers,Heavy embroidery,Light mirror work,Black / neutral,Weddings,Below 500,Above 4000,Above 3000,Strongly yes,Festival combo pack,No,Product images,3,No,Likely
Above 50,Male,Tier 1,Rajasthan,Freelancer,Above 200000,Rarely,Retail stores,Brand,Minimal modern,Jackets / shrugs,Clutch,Wall décor textile,Heavy embroidery,No mirror work,Bright colors,Gifting,Above 2000,Above 4000,500-1500,Sometimes,Festival combo pack,Yes,Reviews,5,Yes,Very unlikely
Above 50,Female,Metro,Maharashtra,Business Owner,100000-200000,Never,Local exhibitions,Brand,Traditional,"Handbags, Jackets / shrugs, Laptop sleeves / utility pouches",Sling bag,Table runners,Moderate embroidery,Light mirror work,Pastel shades,Weddings,Below 500,1000-2000,Below 500,No,Flat discount,Depends on reviews,Product images,5,Yes,Unsure
Below 20,Male,Tier 1,West Bengal,Salaried Employee,100000-200000,Occasionally,Retail stores,Utility,Traditional,"Handbags, Laptop sleeves / utility pouches",Sling bag,Table runners,Heavy embroidery,Strong mirror work,Black / neutral,Office use,Above 2000,2000-4000,Below 500,Sometimes,Festival combo pack,Depends on reviews,Return policy,2,No,Highly likely
Above 50,Female,Tier 1,Gujarat,Other,Above 200000,Never,Online marketplaces,Price,Traditional,"Cushion covers, Jackets / shrugs, Laptop sleeves / utility pouches",Tote bag,Decorative organizers,Minimal embroidery,Light mirror work,Earth tones,Office use,500-1000,Below 1000,500-1500,No,Flat discount,Depends on reviews,Reviews,2,No,Unsure
21-30,Female,Tier 2,Delhi,Student,50000-100000,Frequently,During travel,Authenticity,Depends on product,Handbags,Sling bag,Cushion covers,Minimal embroidery,Strong mirror work,Earth tones,Festive use,1000-2000,2000-4000,1500-3000,Sometimes,Buy 2 Get 1,No,Reviews,3,No,Unlikely
Above 50,Female,Metro,Rajasthan,Student,Above 200000,Frequently,Online marketplaces,Brand,Traditional,"Handbags, Jackets / shrugs, Gift sets",Office handbag,Table runners,Heavy embroidery,No mirror work,Pastel shades,Festive use,500-1000,2000-4000,500-1500,No,Festival combo pack,Yes,Product images,2,Yes,Highly likely
41-50,Male,Metro,Maharashtra,Homemaker,25000-50000,Occasionally,Instagram stores,Utility,Minimal modern,"Cushion covers, Gift sets",Office handbag,Table runners,Heavy embroidery,Strong mirror work,Earth tones,Gifting,1000-2000,2000-4000,1500-3000,No,Free shipping,No,Return policy,2,No,Unsure
21-30,Male,Metro,Karnataka,Business Owner,,Frequently,Retail stores,Price,Minimal modern,"Jackets / shrugs, Gift sets",Tote bag,Decorative organizers,Moderate embroidery,Light mirror work,Pastel shades,Festive use,Below 500,Below 1000,Below 500,Sometimes,Festival combo pack,No,Return policy,4,No,Unsure
31-40,Female,Tier 3 / Rural,Maharashtra,Business Owner,100000-200000,Frequently,Local exhibitions,Authenticity,Depends on product,"Laptop sleeves / utility pouches, Cushion covers",Office handbag,Cushion covers,Moderate embroidery,No mirror work,Pastel shades,Office use,Below 500,Below 1000,Above 3000,No,Flat discount,Yes,Reviews,2,Yes,Unlikely
21-30,Male,Tier 1,Telangana,Other,50000-100000,Occasionally,Retail stores,Authenticity,Minimal modern,Handbags,Office handbag,Wall décor textile,Minimal embroidery,Strong mirror work,Earth tones,Daily use,Below 500,Below 1000,Below 500,No,Buy 2 Get 1,No,Product images,2,Yes,Unlikely
31-40,Female,Tier 2,Delhi,Homemaker,100000-200000,Frequently,Retail stores,Brand,Fusion,Cushion covers,Office handbag,Decorative organizers,Heavy embroidery,Strong mirror work,Earth tones,Gifting,Above 2000,Above 4000,Above 3000,No,Free shipping,Yes,Return policy,1,Yes,Likely
21-30,Male,Metro,Rajasthan,Freelancer,Above 200000,Occasionally,Local exhibitions,Authenticity,Fusion,"Jackets / shrugs, Gift sets, Handbags",Clutch,Cushion covers,Moderate embroidery,Strong mirror work,Bright colors,Gifting,500-1000,2000-4000,Above 3000,Sometimes,Buy 2 Get 1,No,Reviews,1,No,Unsure
21-30,Male,Tier 2,West Bengal,Salaried Employee,Above 200000,Occasionally,Retail stores,Utility,Minimal modern,"Laptop sleeves / utility pouches, Cushion covers, Handbags",Tote bag,Wall décor textile,Moderate embroidery,Strong mirror work,Pastel shades,Weddings,Above 2000,2000-4000,Above 3000,No,Buy 2 Get 1,No,Brand story,1,Yes,Unsure
31-40,Female,Tier 1,Rajasthan,Freelancer,Above 200000,Frequently,Online marketplaces,Design,Traditional,Gift sets,Office handbag,Decorative organizers,Moderate embroidery,Strong mirror work,Bright colors,Weddings,500-1000,2000-4000,Above 3000,Sometimes,Free shipping,No,Return policy,4,Yes,Unlikely
Above 50,Female,Tier 3 / Rural,Maharashtra,Student,25000-50000,Rarely,During travel,Price,Fusion,Gift sets,Tote bag,Cushion covers,Heavy embroidery,No mirror work,Bright colors,Gifting,1000-2000,Below 1000,Above 3000,No,Buy 2 Get 1,Depends on reviews,Product images,4,Yes,Likely
Above 50,Female,Tier 2,Tamil Nadu,Other,Below 25000,Frequently,During travel,Utility,Traditional,"Gift sets, Handbags",Clutch,Decorative organizers,Moderate embroidery,Light mirror work,Bright colors,Office use,Below 500,Above 4000,500-1500,Strongly yes,Flat discount,Yes,Product images,5,Yes,Very unlikely
21-30,Male,Tier 3 / Rural,Delhi,Salaried Employee,100000-200000,Occasionally,Retail stores,Price,Fusion,"Jackets / shrugs, Gift sets, Handbags",Office handbag,Wall décor textile,Moderate embroidery,Light mirror work,Black / neutral,Festive use,Above 2000,Below 1000,1500-3000,Sometimes,Buy 2 Get 1,Depends on reviews,Reviews,5,Yes,Highly likely
41-50,Female,Tier 2,Gujarat,Freelancer,25000-50000,Never,Local exhibitions,Brand,Fusion,Jackets / shrugs,Sling bag,Wall décor textile,Heavy embroidery,Strong mirror work,Black / neutral,Gifting,Below 500,2000-4000,1500-3000,Strongly yes,Festival combo pack,Depends on reviews,Product images,4,Yes,Likely
21-30,Male,Tier 1,Rajasthan,Freelancer,50000-100000,Never,During travel,Design,Fusion,"Gift sets, Jackets / shrugs",Tote bag,Wall décor textile,Moderate embroidery,Light mirror work,Pastel shades,Festive use,Above 2000,Below 1000,1500-3000,No,Free shipping,No,Reviews,4,Yes,Unlikely
Above 50,Male,Tier 3 / Rural,Gujarat,Other,Below 25000,Occasionally,Instagram stores,Authenticity,Depends on product,"Gift sets, Jackets / shrugs, Laptop sleeves / utility pouches",Clutch,Cushion covers,Heavy embroidery,Strong mirror work,Black / neutral,Festive use,Below 500,2000-4000,Above 3000,No,Flat discount,No,Brand story,3,No,Unlikely
41-50,Female,Metro,Tamil Nadu,Freelancer,50000-100000,Rarely,Instagram stores,Design,Traditional,Jackets / shrugs,Tote bag,Decorative organizers,Moderate embroidery,Light mirror work,Bright colors,Office use,500-1000,2000-4000,Below 500,Sometimes,Festival combo pack,Depends on reviews,Product images,4,No,Very unlikely
41-50,Female,Tier 3 / Rural,Maharashtra,Freelancer,50000-100000,Never,During travel,Price,Fusion,"Jackets / shrugs, Laptop sleeves / utility pouches, Gift sets",Office handbag,Cushion covers,Heavy embroidery,No mirror work,Pastel shades,Weddings,Above 2000,1000-2000,Above 3000,Strongly yes,Free shipping,No,Brand story,1,Yes,Unlikely
41-50,Female,Tier 1,Karnataka,Salaried Employee,Above 200000,Never,Retail stores,Brand,Fusion,"Jackets / shrugs, Laptop sleeves / utility pouches, Gift sets",Office handbag,Cushion covers,Minimal embroidery,Strong mirror work,Black / neutral,Weddings,500-1000,Above 4000,500-1500,No,Buy 2 Get 1,No,Brand story,4,Yes,Highly likely
Below 20,Female,Tier 1,Delhi,Salaried Employee,Above 200000,Frequently,Local exhibitions,Design,Depends on product,"Cushion covers, Gift sets",Office handbag,Decorative organizers,Minimal embroidery,Light mirror work,Bright colors,Office use,500-1000,Below 1000,500-1500,No,Flat discount,Depends on reviews,Reviews,1,Yes,Likely
21-30,Female,Tier 3 / Rural,West Bengal,Freelancer,50000-100000,Never,Instagram stores,Utility,Fusion,"Gift sets, Cushion covers, Handbags",Clutch,Table runners,Minimal embroidery,Light mirror work,Earth tones,Office use,500-1000,Below 1000,Below 500,Strongly yes,Free shipping,No,Product images,4,No,Very unlikely
41-50,Female,Tier 3 / Rural,West Bengal,Other,100000-200000,Occasionally,During travel,Utility,Depends on product,"Gift sets, Cushion covers, Handbags",Sling bag,Decorative organizers,Heavy embroidery,Light mirror work,Bright colors,Office use,500-1000,1000-2000,500-1500,No,Flat discount,Yes,Return policy,5,No,Very unlikely
31-40,Male,Tier 3 / Rural,Karnataka,Other,Below 25000,Frequently,Retail stores,Design,Fusion,"Jackets / shrugs, Gift sets, Cushion covers",Tote bag,Wall décor textile,Heavy embroidery,No mirror work,Bright colors,Weddings,Below 500,Below 1000,Below 500,No,Buy 2 Get 1,Yes,Reviews,4,Yes,Highly likely
31-40,Male,Tier 1,Telangana,Homemaker,Above 200000,Never,Retail stores,Design,Fusion,"Cushion covers, Jackets / shrugs",Office handbag,Decorative organizers,Moderate embroidery,No mirror work,Black / neutral,Gifting,500-1000,Below 1000,500-1500,No,Festival combo pack,Yes,Brand story,3,No,Very unlikely
41-50,Male,Tier 3 / Rural,West Bengal,Business Owner,50000-100000,Never,During travel,Authenticity,Depends on product,Jackets / shrugs,Clutch,Decorative organizers,Heavy embroidery,No mirror work,Earth tones,Weddings,1000-2000,Above 4000,1500-3000,Sometimes,Buy 2 Get 1,No,Return policy,3,No,Unlikely
Below 20,Female,Tier 2,Telangana,Salaried Employee,25000-50000,Never,Local exhibitions,Authenticity,Depends on product,Handbags,Clutch,Table runners,Moderate embroidery,No mirror work,Black / neutral,Weddings,1000-2000,2000-4000,Below 500,No,Buy 2 Get 1,Yes,Product images,1,Yes,Very unlikely
41-50,Female,Metro,Rajasthan,Other,25000-50000,Rarely,Instagram stores,Authenticity,Fusion,Laptop sleeves / utility pouches,Clutch,Table runners,Heavy embroidery,Light mirror work,Earth tones,Weddings,Below 500,1000-2000,Above 3000,Sometimes,Festival combo pack,Depends on reviews,Product images,3,Yes,Unsure
Below 20,Female,Tier 2,Rajasthan,Freelancer,Above 200000,Rarely,Retail stores,Utility,Depends on product,"Handbags, Jackets / shrugs, Laptop sleeves / utility pouches",Clutch,Decorative organizers,Minimal embroidery,Light mirror work,Earth tones,Weddings,Below 500,Below 1000,Above 3000,No,Buy 2 Get 1,No,Reviews,3,No,Highly likely
21-30,Male,Tier 2,Tamil Nadu,Other,Above 200000,Rarely,Instagram stores,Price,Depends on product,"Handbags, Jackets / shrugs",Tote bag,Table runners,Heavy embroidery,No mirror work,Bright colors,Festive use,Below 500,1000-2000,Above 3000,No,Flat discount,Depends on reviews,Reviews,2,Yes,Very unlikely
31-40,Female,Tier 3 / Rural,Karnataka,Business Owner,100000-200000,Occasionally,Instagram stores,Authenticity,Traditional,"Jackets / shrugs, Handbags, Cushion covers",Clutch,Table runners,Heavy embroidery,Light mirror work,Pastel shades,Gifting,Above 2000,1000-2000,1500-3000,Sometimes,Buy 2 Get 1,Yes,Product images,1,No,Likely
Below 20,Female,Tier 1,Delhi,Other,Above 200000,Frequently,Online marketplaces,Authenticity,Depends on product,"Jackets / shrugs, Laptop sleeves / utility pouches",Tote bag,Table runners,Minimal embroidery,Light mirror work,Black / neutral,Gifting,Below 500,2000-4000,500-1500,No,Flat discount,Yes,Brand story,4,Yes,Very unlikely
31-40,Female,Tier 3 / Rural,Delhi,Homemaker,50000-100000,Frequently,Local exhibitions,Brand,Traditional,Gift sets,Clutch,Table runners,Moderate embroidery,No mirror work,Earth tones,Festive use,1000-2000,Below 1000,Below 500,No,Flat discount,Depends on reviews,Return policy,1,Yes,Likely
41-50,Female,Tier 1,Tamil Nadu,Freelancer,100000-200000,Frequently,Instagram stores,Authenticity,Depends on product,Cushion covers,Clutch,Decorative organizers,Minimal embroidery,Light mirror work,Pastel shades,Daily use,Below 500,Above 4000,Below 500,Sometimes,Free shipping,Depends on reviews,Product images,1,No,Unlikely
21-30,Female,Tier 2,Tamil Nadu,Homemaker,Below 25000,Frequently,Instagram stores,Utility,Minimal modern,"Laptop sleeves / utility pouches, Cushion covers",Tote bag,Table runners,Moderate embroidery,Strong mirror work,Bright colors,Gifting,Below 500,1000-2000,Above 3000,Strongly yes,Flat discount,Yes,Brand story,5,Yes,Likely
31-40,Male,Tier 3 / Rural,Maharashtra,Salaried Employee,Below 25000,Never,Local exhibitions,Price,Depends on product,"Handbags, Laptop sleeves / utility pouches, Cushion covers",Sling bag,Wall décor textile,Moderate embroidery,No mirror work,Black / neutral,Festive use,1000-2000,1000-2000,500-1500,Sometimes,Festival combo pack,Depends on reviews,Return policy,4,No,Likely
21-30,Prefer not to say,Tier 2,Tamil Nadu,Business Owner,25000-50000,Occasionally,Instagram stores,Price,Depends on product,"Handbags, Gift sets, Cushion covers",Tote bag,Cushion covers,Minimal embroidery,Strong mirror work,Earth tones,Gifting,Above 2000,2000-4000,1500-3000,Sometimes,Free shipping,Yes,Return policy,2,No,Likely
41-50,Female,Tier 3 / Rural,Delhi,Other,Below 25000,Never,Instagram stores,Price,Traditional,"Cushion covers, Jackets / shrugs",Tote bag,Cushion covers,Moderate embroidery,No mirror work,Bright colors,Festive use,500-1000,1000-2000,Above 3000,Sometimes,Buy 2 Get 1,No,Reviews,3,No,Unlikely
31-40,Male,Tier 2,Telangana,Homemaker,50000-100000,Frequently,Local exhibitions,Utility,Fusion,"Gift sets, Laptop sleeves / utility pouches, Jackets / shrugs",Tote bag,Table runners,Moderate embroidery,Light mirror work,Bright colors,Weddings,500-1000,Above 4000,500-1500,Strongly yes,Free shipping,Yes,Product images,5,Yes,Likely
Below 20,Male,Metro,Gujarat,Freelancer,,Rarely,Instagram stores,Design,Fusion,"Laptop sleeves / utility pouches, Cushion covers, Gift sets",Clutch,Table runners,Minimal embroidery,Strong mirror work,Earth tones,Festive use,Above 2000,1000-2000,Above 3000,Strongly yes,Flat discount,Depends on reviews,Reviews,5,No,Highly likely
31-40,Female,Tier 1,Telangana,Freelancer,Above 200000,Occasionally,During travel,Authenticity,Traditional,"Jackets / shrugs, Laptop sleeves / utility pouches, Cushion covers",Tote bag,Decorative organizers,Moderate embroidery,Strong mirror work,Pastel shades,Festive use,Below 500,Below 1000,500-1500,No,Buy 2 Get 1,Depends on reviews,Product images,3,Yes,Highly likely
41-50,Female,Tier 2,Delhi,Other,50000-100000,Occasionally,Retail stores,Utility,Traditional,"Cushion covers, Laptop sleeves / utility pouches, Handbags",Sling bag,Wall décor textile,Moderate embroidery,Light mirror work,Pastel shades,Office use,Below 500,1000-2000,1500-3000,Strongly yes,Free shipping,Depends on reviews,Product images,4,No,Very unlikely
21-30,Female,Tier 1,Gujarat,Salaried Employee,100000-200000,Occasionally,Online marketplaces,Design,Traditional,"Laptop sleeves / utility pouches, Jackets / shrugs, Cushion covers",Tote bag,Cushion covers,Heavy embroidery,No mirror work,Earth tones,Festive use,500-1000,2000-4000,Above 3000,Strongly yes,Buy 2 Get 1,No,Reviews,5,No,Unsure
Below 20,Female,Tier 1,Rajasthan,Homemaker,50000-100000,Occasionally,Online marketplaces,Brand,Depends on product,"Jackets / shrugs, Gift sets",Office handbag,Decorative organizers,Moderate embroidery,No mirror work,Black / neutral,Festive use,1000-2000,2000-4000,Above 3000,Sometimes,Festival combo pack,Depends on reviews,Return policy,4,Yes,Likely
41-50,Male,Tier 3 / Rural,Karnataka,Salaried Employee,50000-100000,Occasionally,During travel,Utility,Depends on product,Handbags,Sling bag,Wall décor textile,Heavy embroidery,Light mirror work,Black / neutral,Daily use,500-1000,Below 1000,1500-3000,Strongly yes,Flat discount,No,Product images,1,Yes,Unlikely
Below 20,Female,Metro,Delhi,Salaried Employee,Below 25000,Occasionally,During travel,Design,Fusion,"Gift sets, Cushion covers, Jackets / shrugs",Clutch,Wall décor textile,Minimal embroidery,Strong mirror work,Earth tones,Weddings,1000-2000,2000-4000,1500-3000,Sometimes,Festival combo pack,Depends on reviews,Product images,4,No,Highly likely
Below 20,Female,Tier 3 / Rural,Telangana,Business Owner,100000-200000,Frequently,Local exhibitions,Price,Minimal modern,Handbags,Sling bag,Table runners,Minimal embroidery,Light mirror work,Bright colors,Weddings,Above 2000,1000-2000,1500-3000,Sometimes,Flat discount,Depends on reviews,Product images,2,Yes,Likely
Above 50,Male,Metro,Gujarat,Business Owner,Above 200000,Occasionally,Instagram stores,Price,Traditional,"Cushion covers, Laptop sleeves / utility pouches",Tote bag,Cushion covers,Minimal embroidery,Strong mirror work,Black / neutral,Weddings,Above 2000,Above 4000,1500-3000,No,Free shipping,No,Brand story,2,No,Unsure
31-40,Male,Tier 3 / Rural,Delhi,Salaried Employee,25000-50000,Never,Online marketplaces,Design,Fusion,"Handbags, Gift sets, Laptop sleeves / utility pouches",Office handbag,Wall décor textile,Moderate embroidery,Light mirror work,Earth tones,Daily use,Below 500,Above 4000,500-1500,No,Festival combo pack,No,Product images,4,Yes,Likely
31-40,Female,Tier 1,Delhi,Freelancer,100000-200000,Occasionally,Instagram stores,Utility,Fusion,Gift sets,Clutch,Decorative organizers,Moderate embroidery,Strong mirror work,Bright colors,Office use,1000-2000,2000-4000,500-1500,No,Free shipping,Yes,Return policy,4,Yes,Likely
21-30,Female,Tier 2,West Bengal,Other,50000-100000,Frequently,Retail stores,Authenticity,Traditional,"Handbags, Jackets / shrugs",Office handbag,Wall décor textile,Minimal embroidery,No mirror work,Bright colors,Gifting,Above 2000,1000-2000,Above 3000,Sometimes,Free shipping,Yes,Brand story,4,Yes,Unsure
31-40,Female,Tier 3 / Rural,Maharashtra,Homemaker,100000-200000,Occasionally,Instagram stores,Price,Depends on product,"Handbags, Jackets / shrugs",Sling bag,Wall décor textile,Heavy embroidery,Light mirror work,Earth tones,Daily use,Below 500,2000-4000,Below 500,No,Free shipping,No,Brand story,5,Yes,Unsure
41-50,Male,Tier 1,Telangana,Homemaker,25000-50000,Rarely,Local exhibitions,Design,Fusion,Handbags,Tote bag,Table runners,Heavy embroidery,Light mirror work,Black / neutral,Gifting,Below 500,1000-2000,1500-3000,Strongly yes,Flat discount,Depends on reviews,Product images,2,Yes,Highly likely
41-50,Male,Tier 2,Tamil Nadu,Business Owner,Below 25000,Frequently,Instagram stores,Utility,Fusion,"Jackets / shrugs, Gift sets",Tote bag,Decorative organizers,Heavy embroidery,Strong mirror work,Earth tones,Festive use,Above 2000,1000-2000,1500-3000,Sometimes,Flat discount,Depends on reviews,Reviews,1,No,Highly likely
31-40,Female,Tier 2,Gujarat,Salaried Employee,Below 25000,Occasionally,During travel,Authenticity,Minimal modern,Cushion covers,Tote bag,Cushion covers,Moderate embroidery,Light mirror work,Bright colors,Weddings,500-1000,Below 1000,Above 3000,Sometimes,Buy 2 Get 1,Yes,Product images,1,No,Unsure
Above 50,Male,Tier 3 / Rural,Telangana,Other,Above 200000,Never,Retail stores,Price,Fusion,Jackets / shrugs,Tote bag,Wall décor textile,Minimal embroidery,Strong mirror work,Bright colors,Weddings,Below 500,1000-2000,1500-3000,No,Flat discount,No,Reviews,3,Yes,Unlikely
41-50,Female,Metro,Delhi,Homemaker,Above 200000,Never,Online marketplaces,Price,Fusion,Laptop sleeves / utility pouches,Tote bag,Decorative organizers,Heavy embroidery,Light mirror work,Bright colors,Weddings,Below 500,Below 1000,Below 500,No,Flat discount,Depends on reviews,Product images,3,Yes,Unsure
Below 20,Male,Tier 1,Karnataka,Freelancer,50000-100000,Occasionally,During travel,Design,Depends on product,Cushion covers,Office handbag,Wall décor textile,Minimal embroidery,Light mirror work,Earth tones,Gifting,Above 2000,Above 4000,500-1500,Sometimes,Buy 2 Get 1,No,Brand story,3,No,Very unlikely
Below 20,Male,Metro,Maharashtra,Other,25000-50000,Rarely,Local exhibitions,Authenticity,Depends on product,Jackets / shrugs,Office handbag,Table runners,Moderate embroidery,No mirror work,Black / neutral,Gifting,1000-2000,Above 4000,Above 3000,No,Free shipping,Depends on reviews,Reviews,1,No,Very unlikely
Below 20,Male,Tier 1,Karnataka,Salaried Employee,Above 200000,Frequently,During travel,Authenticity,Fusion,"Gift sets, Handbags, Jackets / shrugs",Clutch,Cushion covers,Heavy embroidery,Light mirror work,Pastel shades,Gifting,1000-2000,Above 4000,1500-3000,No,Buy 2 Get 1,Depends on reviews,Brand story,5,No,Highly likely
41-50,Male,Tier 2,Karnataka,Salaried Employee,Above 200000,Never,Instagram stores,Authenticity,Fusion,"Jackets / shrugs, Gift sets",Sling bag,Table runners,Minimal embroidery,No mirror work,Bright colors,Gifting,500-1000,Below 1000,1500-3000,No,Festival combo pack,No,Return policy,5,No,Unlikely
31-40,Male,Tier 2,Maharashtra,Student,25000-50000,Rarely,Instagram stores,Utility,Minimal modern,"Handbags, Cushion covers",Tote bag,Table runners,Moderate embroidery,Strong mirror work,Earth tones,Gifting,Above 2000,Above 4000,Above 3000,Strongly yes,Flat discount,Depends on reviews,Product images,5,No,Highly likely
21-30,Female,Metro,Telangana,Salaried Employee,25000-50000,Frequently,Retail stores,Design,Traditional,Handbags,Clutch,Cushion covers,Moderate embroidery,Strong mirror work,Bright colors,Daily use,Above 2000,Above 4000,500-1500,Strongly yes,Flat discount,No,Brand story,1,No,Highly likely
31-40,Female,Tier 1,Maharashtra,Homemaker,25000-50000,Rarely,Retail stores,Utility,Depends on product,Jackets / shrugs,Clutch,Table runners,Minimal embroidery,Light mirror work,Earth tones,Festive use,Below 500,2000-4000,Above 3000,Strongly yes,Festival combo pack,Yes,Brand story,1,Yes,Highly likely
Above 50,Female,Tier 2,Tamil Nadu,Business Owner,25000-50000,Occasionally,Instagram stores,Price,Fusion,Jackets / shrugs,Sling bag,Wall décor textile,Moderate embroidery,Light mirror work,Earth tones,Office use,Above 2000,2000-4000,Below 500,Sometimes,Festival combo pack,Depends on reviews,Return policy,2,No,Unlikely
31-40,Female,Tier 1,Rajasthan,Business Owner,25000-50000,Rarely,Online marketplaces,Utility,Depends on product,"Laptop sleeves / utility pouches, Handbags",Clutch,Wall décor textile,Minimal embroidery,No mirror work,Bright colors,Weddings,1000-2000,Above 4000,Above 3000,No,Free shipping,Depends on reviews,Reviews,2,No,Likely
31-40,Female,Tier 2,Gujarat,Student,25000-50000,Frequently,Online marketplaces,Price,Depends on product,"Handbags, Jackets / shrugs",Clutch,Decorative organizers,Minimal embroidery,No mirror work,Black / neutral,Festive use,500-1000,1000-2000,500-1500,Sometimes,Buy 2 Get 1,Yes,Product images,5,No,Highly likely
21-30,Male,Metro,Karnataka,Salaried Employee,Above 200000,Frequently,Retail stores,Design,Depends on product,"Laptop sleeves / utility pouches, Handbags",Sling bag,Decorative organizers,Moderate embroidery,No mirror work,Pastel shades,Daily use,500-1000,Above 4000,Below 500,No,Buy 2 Get 1,Depends on reviews,Return policy,4,Yes,Unsure
Below 20,Male,Tier 2,Delhi,Other,50000-100000,Frequently,Instagram stores,Brand,Minimal modern,"Laptop sleeves / utility pouches, Cushion covers, Gift sets",Office handbag,Table runners,Minimal embroidery,Light mirror work,Bright colors,Daily use,Above 2000,2000-4000,500-1500,Sometimes,Free shipping,Depends on reviews,Product images,5,No,Highly likely
Above 50,Female,Tier 1,Karnataka,Other,Below 25000,Frequently,Local exhibitions,Brand,Minimal modern,Jackets / shrugs,Tote bag,Decorative organizers,Heavy embroidery,No mirror work,Bright colors,Festive use,500-1000,2000-4000,Above 3000,Sometimes,Flat discount,Depends on reviews,Reviews,5,No,Unlikely
Above 50,Female,Tier 3 / Rural,Delhi,Student,Above 200000,Occasionally,Instagram stores,Brand,Traditional,"Laptop sleeves / utility pouches, Jackets / shrugs",Clutch,Decorative organizers,Heavy embroidery,Light mirror work,Bright colors,Daily use,Above 2000,1000-2000,Below 500,Sometimes,Flat discount,No,Reviews,3,No,Likely
21-30,Male,Metro,West Bengal,Freelancer,25000-50000,Never,Retail stores,Utility,Minimal modern,"Jackets / shrugs, Gift sets",Tote bag,Cushion covers,Minimal embroidery,Light mirror work,Earth tones,Daily use,1000-2000,Above 4000,Below 500,No,Buy 2 Get 1,No,Reviews,4,No,Likely
Below 20,Female,Tier 2,Rajasthan,Homemaker,100000-200000,Frequently,Instagram stores,Authenticity,Fusion,"Gift sets, Laptop sleeves / utility pouches, Handbags",Sling bag,Wall décor textile,Heavy embroidery,Light mirror work,Black / neutral,Weddings,Above 2000,Below 1000,1500-3000,Sometimes,Festival combo pack,Depends on reviews,Brand story,1,No,Unlikely
Above 50,Female,Metro,Rajasthan,Other,100000-200000,Never,Instagram stores,Design,Depends on product,"Gift sets, Cushion covers",Clutch,Table runners,Moderate embroidery,Light mirror work,Bright colors,Office use,Above 2000,Below 1000,500-1500,No,Festival combo pack,Depends on reviews,Return policy,1,Yes,Very unlikely
31-40,Female,Tier 3 / Rural,West Bengal,Business Owner,50000-100000,Never,Online marketplaces,Design,Depends on product,Handbags,Clutch,Cushion covers,Heavy embroidery,No mirror work,Bright colors,Weddings,Below 500,2000-4000,Above 3000,Sometimes,Festival combo pack,No,Reviews,5,Yes,Unsure
Above 50,Female,Tier 1,Tamil Nadu,Business Owner,Below 25000,Frequently,Online marketplaces,Utility,Depends on product,"Gift sets, Laptop sleeves / utility pouches, Cushion covers",Clutch,Table runners,Minimal embroidery,Light mirror work,Bright colors,Festive use,Above 2000,1000-2000,Above 3000,Strongly yes,Festival combo pack,Yes,Brand story,4,Yes,Highly likely
41-50,Female,Tier 1,Telangana,Business Owner,Below 25000,Rarely,Retail stores,Design,Fusion,Gift sets,Office handbag,Table runners,Heavy embroidery,Strong mirror work,Bright colors,Weddings,500-1000,Above 4000,Above 3000,No,Free shipping,No,Product images,3,Yes,Unsure
Below 20,Male,Tier 2,Delhi,Other,Above 200000,Never,Online marketplaces,Design,Fusion,"Gift sets, Cushion covers",Sling bag,Decorative organizers,Minimal embroidery,Strong mirror work,Pastel shades,Office use,Above 2000,Below 1000,Below 500,Sometimes,Flat discount,No,Return policy,5,Yes,Unsure
Below 20,Female,Tier 1,Tamil Nadu,Other,25000-50000,Occasionally,Retail stores,Design,Minimal modern,"Gift sets, Handbags, Jackets / shrugs",Clutch,Table runners,Minimal embroidery,Strong mirror work,Earth tones,Festive use,Below 500,Above 4000,Below 500,No,Free shipping,Yes,Reviews,1,No,Very unlikely
Below 20,Female,Tier 2,Karnataka,Business Owner,Below 25000,Rarely,Online marketplaces,Brand,Depends on product,Gift sets,Sling bag,Decorative organizers,Heavy embroidery,Strong mirror work,Bright colors,Daily use,Below 500,2000-4000,Below 500,Strongly yes,Festival combo pack,No,Brand story,2,Yes,Unsure
Above 50,Female,Tier 1,Gujarat,Salaried Employee,50000-100000,Never,Online marketplaces,Price,Fusion,Handbags,Tote bag,Wall décor textile,Minimal embroidery,Strong mirror work,Pastel shades,Weddings,1000-2000,Above 4000,Above 3000,Strongly yes,Flat discount,Yes,Product images,3,Yes,Highly likely
21-30,Female,Tier 1,Maharashtra,Student,25000-50000,Rarely,Instagram stores,Price,Depends on product,Laptop sleeves / utility pouches,Clutch,Decorative organizers,Minimal embroidery,No mirror work,Bright colors,Office use,Below 500,Below 1000,Above 3000,Strongly yes,Buy 2 Get 1,Yes,Reviews,1,No,Highly likely
41-50,Female,Tier 1,Tamil Nadu,Other,25000-50000,Rarely,Local exhibitions,Price,Depends on product,Handbags,Tote bag,Decorative organizers,Heavy embroidery,Strong mirror work,Bright colors,Weddings,1000-2000,Below 1000,1500-3000,No,Flat discount,Depends on reviews,Reviews,1,Yes,Highly likely
31-40,Male,Tier 1,West Bengal,Business Owner,25000-50000,Never,Instagram stores,Brand,Fusion,"Jackets / shrugs, Gift sets",Clutch,Wall décor textile,Heavy embroidery,Light mirror work,Earth tones,Weddings,500-1000,Below 1000,Above 3000,No,Flat discount,No,Reviews,1,Yes,Unsure
21-30,Female,Tier 1,Maharashtra,Salaried Employee,100000-200000,Occasionally,Instagram stores,Authenticity,Fusion,Laptop sleeves / utility pouches,Tote bag,Table runners,Moderate embroidery,Strong mirror work,Earth tones,Weddings,Above 2000,2000-4000,Above 3000,Sometimes,Festival combo pack,Depends on reviews,Reviews,1,No,Likely
Below 20,Female,Tier 1,Karnataka,Other,100000-200000,Never,Instagram stores,Design,Minimal modern,"Jackets / shrugs, Laptop sleeves / utility pouches, Cushion covers",Tote bag,Decorative organizers,Heavy embroidery,Strong mirror work,Bright colors,Gifting,Below 500,Below 1000,Above 3000,Strongly yes,Buy 2 Get 1,Yes,Reviews,5,Yes,Very unlikely
41-50,Male,Tier 2,Delhi,Salaried Employee,50000-100000,Frequently,Local exhibitions,Design,Traditional,"Laptop sleeves / utility pouches, Jackets / shrugs, Cushion covers",Clutch,Table runners,Minimal embroidery,No mirror work,Bright colors,Office use,Above 2000,Above 4000,Below 500,Sometimes,Free shipping,Yes,Return policy,5,No,Likely
41-50,Female,Tier 3 / Rural,Telangana,Other,50000-100000,Frequently,During travel,Utility,Fusion,Jackets / shrugs,Tote bag,Wall décor textile,Minimal embroidery,No mirror work,Black / neutral,Office use,Below 500,Below 1000,500-1500,Sometimes,Festival combo pack,Depends on reviews,Brand story,1,Yes,Likely
41-50,Female,Tier 2,Gujarat,Student,50000-100000,Never,Instagram stores,Design,Depends on product,Jackets / shrugs,Tote bag,Wall décor textile,Heavy embroidery,No mirror work,Bright colors,Weddings,500-1000,Above 4000,Below 500,Strongly yes,Festival combo pack,Yes,Product images,1,Yes,Unsure
31-40,Male,Metro,West Bengal,Freelancer,100000-200000,Occasionally,Retail stores,Utility,Depends on product,"Gift sets, Jackets / shrugs",Sling bag,Table runners,Minimal embroidery,Strong mirror work,Bright colors,Weddings,500-1000,2000-4000,500-1500,Strongly yes,Free shipping,Yes,Reviews,5,Yes,Unsure
Above 50,Female,Tier 3 / Rural,Tamil Nadu,Salaried Employee,Above 200000,Frequently,Local exhibitions,Utility,Depends on product,"Handbags, Cushion covers",Sling bag,Decorative organizers,Moderate embroidery,No mirror work,Earth tones,Gifting,Below 500,Below 1000,Below 500,Strongly yes,Flat discount,Depends on reviews,Return policy,4,Yes,Likely
Below 20,Male,Metro,Gujarat,Student,50000-100000,Frequently,Online marketplaces,Design,Minimal modern,"Laptop sleeves / utility pouches, Gift sets",Office handbag,Decorative organizers,Minimal embroidery,No mirror work,Black / neutral,Daily use,Below 500,Above 4000,500-1500,Sometimes,Festival combo pack,No,Reviews,4,No,Likely
31-40,Female,Tier 3 / Rural,Gujarat,Freelancer,50000-100000,Occasionally,Local exhibitions,Design,Minimal modern,"Jackets / shrugs, Handbags, Laptop sleeves / utility pouches",Sling bag,Table runners,Moderate embroidery,Strong mirror work,Black / neutral,Festive use,Above 2000,1000-2000,500-1500,Strongly yes,Flat discount,No,Return policy,4,No,Likely
Above 50,Female,Tier 2,Rajasthan,Freelancer,Below 25000,Frequently,Retail stores,Utility,Traditional,"Cushion covers, Laptop sleeves / utility pouches",Office handbag,Decorative organizers,Moderate embroidery,No mirror work,Earth tones,Daily use,Below 500,2000-4000,500-1500,Strongly yes,Festival combo pack,No,Product images,5,No,Likely
31-40,Female,Metro,Maharashtra,Other,50000-100000,Occasionally,Online marketplaces,Price,Minimal modern,Jackets / shrugs,Sling bag,Table runners,Moderate embroidery,Light mirror work,Earth tones,Office use,Above 2000,Above 4000,1500-3000,Strongly yes,Free shipping,Yes,Product images,1,Yes,Very unlikely
21-30,Male,Tier 3 / Rural,Rajasthan,Other,Below 25000,Occasionally,Retail stores,Design,Minimal modern,"Gift sets, Handbags, Laptop sleeves / utility pouches",Office handbag,Wall décor textile,Minimal embroidery,Light mirror work,Black / neutral,Office use,Below 500,Below 1000,1500-3000,Sometimes,Flat discount,Yes,Brand story,1,No,Very unlikely
41-50,Male,Tier 2,West Bengal,Salaried Employee,Above 200000,Frequently,Retail stores,Brand,Minimal modern,Gift sets,Office handbag,Decorative organizers,Moderate embroidery,No mirror work,Pastel shades,Daily use,Above 2000,Above 4000,1500-3000,No,Festival combo pack,No,Reviews,2,Yes,Likely
21-30,Male,Tier 2,Maharashtra,Business Owner,100000-200000,Never,During travel,Authenticity,Fusion,"Laptop sleeves / utility pouches, Cushion covers",Tote bag,Table runners,Moderate embroidery,Strong mirror work,Bright colors,Festive use,Below 500,Below 1000,500-1500,No,Flat discount,Yes,Product images,5,No,Likely
Below 20,Female,Tier 2,Tamil Nadu,Business Owner,Below 25000,Rarely,Online marketplaces,Price,Traditional,"Cushion covers, Laptop sleeves / utility pouches, Gift sets",Clutch,Table runners,Minimal embroidery,No mirror work,Earth tones,Daily use,Below 500,1000-2000,500-1500,Sometimes,Flat discount,No,Return policy,3,No,Unlikely
Below 20,Male,Tier 3 / Rural,Telangana,Homemaker,Above 200000,Rarely,Online marketplaces,Brand,Fusion,Laptop sleeves / utility pouches,Clutch,Table runners,Heavy embroidery,No mirror work,Bright colors,Office use,1000-2000,Below 1000,500-1500,Sometimes,Free shipping,Yes,Reviews,4,No,Unsure
41-50,Male,Metro,Gujarat,Homemaker,100000-200000,Frequently,Instagram stores,Authenticity,Minimal modern,"Handbags, Cushion covers",Office handbag,Cushion covers,Heavy embroidery,Light mirror work,Earth tones,Daily use,Below 500,1000-2000,Above 3000,No,Free shipping,Yes,Return policy,3,Yes,Unlikely
Below 20,Male,Metro,Rajasthan,Student,Below 25000,Rarely,Online marketplaces,Design,Depends on product,"Cushion covers, Laptop sleeves / utility pouches",Office handbag,Wall décor textile,Minimal embroidery,Light mirror work,Bright colors,Gifting,Above 2000,2000-4000,Below 500,Strongly yes,Festival combo pack,Depends on reviews,Brand story,1,No,Unsure
31-40,Female,Tier 3 / Rural,Gujarat,Student,Above 200000,Never,During travel,Design,Depends on product,Laptop sleeves / utility pouches,Clutch,Cushion covers,Moderate embroidery,Strong mirror work,Bright colors,Daily use,500-1000,2000-4000,500-1500,Sometimes,Festival combo pack,No,Return policy,3,Yes,Unlikely
41-50,Female,Metro,Maharashtra,Student,100000-200000,Occasionally,Local exhibitions,Utility,Traditional,"Handbags, Gift sets, Laptop sleeves / utility pouches",Tote bag,Cushion covers,Minimal embroidery,No mirror work,Earth tones,Weddings,1000-2000,Below 1000,500-1500,Sometimes,Buy 2 Get 1,Depends on reviews,Brand story,4,No,Likely
Below 20,Female,Tier 2,Tamil Nadu,Homemaker,100000-200000,Never,During travel,Design,Depends on product,Handbags,Tote bag,Table runners,Moderate embroidery,No mirror work,Pastel shades,Weddings,1000-2000,Above 4000,Above 3000,Sometimes,Festival combo pack,Yes,Reviews,2,No,Unlikely
41-50,Male,Tier 1,Delhi,Freelancer,Above 200000,Rarely,Instagram stores,Brand,Minimal modern,Handbags,Sling bag,Decorative organizers,Heavy embroidery,Light mirror work,Bright colors,Gifting,Above 2000,Below 1000,Below 500,Strongly yes,Buy 2 Get 1,Depends on reviews,Product images,4,Yes,Unlikely
31-40,Female,Tier 3 / Rural,Karnataka,Business Owner,Above 200000,Occasionally,Local exhibitions,Brand,Traditional,Gift sets,Tote bag,Table runners,Minimal embroidery,No mirror work,Black / neutral,Gifting,Below 500,Above 4000,1500-3000,Strongly yes,Flat discount,Yes,Product images,5,No,Unsure
41-50,Female,Tier 2,Karnataka,Student,Above 200000,Frequently,During travel,Price,Minimal modern,Handbags,Clutch,Decorative organizers,Minimal embroidery,Strong mirror work,Black / neutral,Festive use,Above 2000,Below 1000,500-1500,Strongly yes,Festival combo pack,Depends on reviews,Return policy,1,Yes,Unlikely
21-30,Female,Tier 3 / Rural,West Bengal,Salaried Employee,25000-50000,Never,Local exhibitions,Authenticity,Fusion,"Gift sets, Jackets / shrugs, Cushion covers",Sling bag,Cushion covers,Heavy embroidery,Light mirror work,Earth tones,Weddings,Above 2000,Below 1000,1500-3000,Sometimes,Flat discount,Yes,Return policy,2,No,Unlikely
31-40,Female,Metro,Telangana,Freelancer,Below 25000,Occasionally,Retail stores,Authenticity,Fusion,"Cushion covers, Jackets / shrugs",Tote bag,Cushion covers,Heavy embroidery,Strong mirror work,Black / neutral,Weddings,500-1000,1000-2000,1500-3000,Sometimes,Free shipping,Yes,Reviews,5,No,Highly likely
Below 20,Female,Tier 1,Gujarat,Homemaker,Above 200000,Frequently,During travel,Brand,Fusion,"Gift sets, Cushion covers",Tote bag,Decorative organizers,Heavy embroidery,No mirror work,Black / neutral,Weddings,Above 2000,Below 1000,Below 500,No,Free shipping,No,Product images,4,No,Unlikely
Below 20,Female,Tier 1,Delhi,Other,Below 25000,Occasionally,Retail stores,Authenticity,Depends on product,"Cushion covers, Gift sets, Laptop sleeves / utility pouches",Office handbag,Cushion covers,Heavy embroidery,Strong mirror work,Earth tones,Weddings,Above 2000,Above 4000,1500-3000,Strongly yes,Festival combo pack,Depends on reviews,Return policy,1,Yes,Likely
31-40,Female,Metro,Telangana,Freelancer,50000-100000,Never,Local exhibitions,Design,Depends on product,"Laptop sleeves / utility pouches, Jackets / shrugs, Handbags",Tote bag,Cushion covers,Minimal embroidery,Strong mirror work,Bright colors,Office use,Above 2000,2000-4000,Above 3000,Strongly yes,Flat discount,Yes,Brand story,2,No,Highly likely
Below 20,Female,Tier 2,Karnataka,Other,100000-200000,Frequently,Local exhibitions,Price,Minimal modern,Jackets / shrugs,Clutch,Wall décor textile,Heavy embroidery,Light mirror work,Bright colors,Daily use,1000-2000,Above 4000,Below 500,Strongly yes,Free shipping,No,Product images,4,Yes,Unlikely
31-40,Male,Tier 3 / Rural,Tamil Nadu,Student,100000-200000,Frequently,Instagram stores,Utility,Minimal modern,Cushion covers,Sling bag,Table runners,Heavy embroidery,Light mirror work,Earth tones,Festive use,1000-2000,Above 4000,1500-3000,No,Festival combo pack,No,Brand story,1,No,Highly likely
Below 20,Male,Tier 1,Telangana,Salaried Employee,Above 200000,Occasionally,Retail stores,Price,Minimal modern,Gift sets,Office handbag,Cushion covers,Minimal embroidery,Strong mirror work,Bright colors,Office use,1000-2000,Above 4000,Above 3000,Sometimes,Festival combo pack,No,Product images,2,Yes,Likely
Above 50,Male,Tier 2,Delhi,Business Owner,50000-100000,Frequently,Local exhibitions,Authenticity,Minimal modern,"Handbags, Laptop sleeves / utility pouches",Office handbag,Cushion covers,Moderate embroidery,Strong mirror work,Pastel shades,Gifting,500-1000,1000-2000,Below 500,No,Free shipping,Yes,Brand story,5,No,Highly likely
Below 20,Female,Metro,Rajasthan,Freelancer,25000-50000,Rarely,Online marketplaces,Utility,Minimal modern,"Laptop sleeves / utility pouches, Gift sets, Cushion covers",Office handbag,Wall décor textile,Minimal embroidery,Light mirror work,Pastel shades,Office use,1000-2000,Below 1000,500-1500,Sometimes,Buy 2 Get 1,No,Reviews,4,Yes,Likely
21-30,Male,Metro,Maharashtra,Homemaker,100000-200000,Never,Online marketplaces,Utility,Fusion,Handbags,Tote bag,Table runners,Minimal embroidery,Strong mirror work,Pastel shades,Weddings,Below 500,Below 1000,Below 500,Strongly yes,Free shipping,Depends on reviews,Brand story,4,No,Highly likely
Below 20,Male,Tier 3 / Rural,Tamil Nadu,Business Owner,Below 25000,Occasionally,Online marketplaces,Authenticity,Traditional,"Cushion covers, Handbags, Gift sets",Sling bag,Wall décor textile,Moderate embroidery,Light mirror work,Bright colors,Office use,Above 2000,Above 4000,Above 3000,No,Flat discount,Depends on reviews,Reviews,3,No,Very unlikely
Above 50,Male,Tier 3 / Rural,West Bengal,Business Owner,Below 25000,Rarely,Instagram stores,Authenticity,Traditional,"Jackets / shrugs, Handbags, Laptop sleeves / utility pouches",Sling bag,Decorative organizers,Minimal embroidery,Strong mirror work,Earth tones,Office use,500-1000,Below 1000,Below 500,Strongly yes,Flat discount,Yes,Brand story,4,Yes,Highly likely
Below 20,Female,Tier 1,Delhi,Student,25000-50000,Occasionally,Online marketplaces,Price,Depends on product,"Gift sets, Laptop sleeves / utility pouches",Clutch,Decorative organizers,Moderate embroidery,No mirror work,Pastel shades,Daily use,1000-2000,2000-4000,Below 500,No,Free shipping,Yes,Return policy,3,No,Unsure
21-30,Male,Tier 3 / Rural,Tamil Nadu,Freelancer,50000-100000,Frequently,Local exhibitions,Design,Traditional,Jackets / shrugs,Office handbag,Cushion covers,Minimal embroidery,Light mirror work,Pastel shades,Weddings,1000-2000,2000-4000,Above 3000,Strongly yes,Free shipping,Depends on reviews,Brand story,4,No,Unlikely
31-40,Female,Tier 3 / Rural,Telangana,Homemaker,25000-50000,Never,Local exhibitions,Utility,Traditional,Jackets / shrugs,Sling bag,Decorative organizers,Moderate embroidery,Light mirror work,Bright colors,Daily use,500-1000,1000-2000,Below 500,No,Free shipping,Depends on reviews,Brand story,5,Yes,Unsure
41-50,Male,Metro,Maharashtra,Homemaker,25000-50000,Rarely,Retail stores,Price,Traditional,"Jackets / shrugs, Cushion covers",Sling bag,Wall décor textile,Moderate embroidery,No mirror work,Bright colors,Festive use,Above 2000,Above 4000,Below 500,No,Festival combo pack,Depends on reviews,Brand story,5,Yes,Likely
Above 50,Female,Tier 1,Tamil Nadu,Homemaker,Above 200000,Rarely,During travel,Utility,Minimal modern,"Laptop sleeves / utility pouches, Cushion covers, Gift sets",Sling bag,Table runners,Heavy embroidery,No mirror work,Bright colors,Gifting,Below 500,1000-2000,Below 500,Strongly yes,Flat discount,No,Reviews,1,No,Very unlikely
Above 50,Female,Tier 3 / Rural,Tamil Nadu,Salaried Employee,Below 25000,Occasionally,Local exhibitions,Authenticity,Fusion,Cushion covers,Tote bag,Wall décor textile,Moderate embroidery,Strong mirror work,Black / neutral,Gifting,500-1000,1000-2000,Below 500,Sometimes,Flat discount,Yes,Reviews,4,Yes,Very unlikely
21-30,Female,Tier 2,West Bengal,Other,25000-50000,Rarely,During travel,Design,Depends on product,"Gift sets, Handbags",Clutch,Cushion covers,Heavy embroidery,No mirror work,Black / neutral,Daily use,1000-2000,Below 1000,Below 500,No,Free shipping,No,Return policy,5,Yes,Unsure
Above 50,Female,Tier 2,West Bengal,Salaried Employee,50000-100000,Never,Retail stores,Utility,Minimal modern,"Laptop sleeves / utility pouches, Jackets / shrugs",Sling bag,Cushion covers,Heavy embroidery,No mirror work,Pastel shades,Weddings,1000-2000,Above 4000,Below 500,Strongly yes,Free shipping,Depends on reviews,Brand story,5,No,Unsure
31-40,Male,Metro,Maharashtra,Other,Below 25000,Rarely,Local exhibitions,Brand,Depends on product,"Handbags, Cushion covers, Gift sets",Office handbag,Table runners,Moderate embroidery,No mirror work,Pastel shades,Daily use,500-1000,Above 4000,Above 3000,Strongly yes,Buy 2 Get 1,Yes,Reviews,5,Yes,Highly likely
31-40,Male,Tier 2,West Bengal,Other,50000-100000,Frequently,Online marketplaces,Authenticity,Depends on product,"Gift sets, Laptop sleeves / utility pouches",Office handbag,Decorative organizers,Heavy embroidery,No mirror work,Earth tones,Weddings,Below 500,Above 4000,Below 500,No,Festival combo pack,Yes,Product images,5,No,Very unlikely
31-40,Female,Metro,West Bengal,Homemaker,Above 200000,Rarely,Retail stores,Brand,Traditional,Cushion covers,Tote bag,Cushion covers,Moderate embroidery,Strong mirror work,,Festive use,Below 500,2000-4000,Above 3000,Strongly yes,Free shipping,No,Brand story,2,No,Unlikely
31-40,Female,Tier 2,Rajasthan,Freelancer,100000-200000,Rarely,Retail stores,Brand,Minimal modern,"Cushion covers, Laptop sleeves / utility pouches, Handbags",Office handbag,Table runners,Minimal embroidery,Strong mirror work,Earth tones,Office use,500-1000,2000-4000,500-1500,Sometimes,Buy 2 Get 1,Yes,Brand story,5,No,Unsure
Below 20,Female,Tier 2,Delhi,Salaried Employee,Above 200000,Occasionally,During travel,Brand,Traditional,"Jackets / shrugs, Handbags, Laptop sleeves / utility pouches",Office handbag,Cushion covers,Moderate embroidery,No mirror work,Earth tones,Daily use,Below 500,Above 4000,1500-3000,Strongly yes,Flat discount,Depends on reviews,Return policy,2,Yes,Unlikely
21-30,Female,Tier 1,Delhi,Homemaker,25000-50000,Frequently,Instagram stores,Design,Traditional,"Handbags, Gift sets",Office handbag,Decorative organizers,Moderate embroidery,Strong mirror work,,Gifting,500-1000,2000-4000,1500-3000,Strongly yes,Festival combo pack,No,Reviews,5,Yes,Unsure
Above 50,Male,Tier 3 / Rural,Tamil Nadu,Freelancer,Above 200000,Rarely,Local exhibitions,Authenticity,Fusion,"Jackets / shrugs, Handbags",Clutch,Cushion covers,Heavy embroidery,Light mirror work,Bright colors,Gifting,500-1000,2000-4000,500-1500,Strongly yes,Flat discount,No,Product images,4,Yes,Unlikely
Below 20,Male,Tier 2,Gujarat,Other,50000-100000,Never,During travel,Brand,Traditional,Cushion covers,Sling bag,Cushion covers,Minimal embroidery,No mirror work,Bright colors,Weddings,Above 2000,Below 1000,1500-3000,Strongly yes,Festival combo pack,Depends on reviews,Product images,3,Yes,Highly likely
Above 50,Male,Tier 2,Karnataka,Freelancer,100000-200000,Never,Local exhibitions,Design,Traditional,Handbags,Office handbag,Cushion covers,Heavy embroidery,Light mirror work,Earth tones,Gifting,1000-2000,Above 4000,Below 500,Strongly yes,Flat discount,Depends on reviews,Return policy,3,Yes,Highly likely
21-30,Male,Tier 3 / Rural,Gujarat,Student,50000-100000,Never,During travel,Brand,Fusion,"Cushion covers, Laptop sleeves / utility pouches",Office handbag,Table runners,Minimal embroidery,Strong mirror work,Pastel shades,Gifting,1000-2000,1000-2000,Below 500,Sometimes,Flat discount,Yes,Brand story,5,Yes,Highly likely
Below 20,Male,Tier 3 / Rural,Delhi,Salaried Employee,25000-50000,Never,Online marketplaces,Utility,Depends on product,"Gift sets, Handbags",Tote bag,Cushion covers,Moderate embroidery,Light mirror work,Black / neutral,Weddings,Above 2000,Below 1000,Above 3000,Strongly yes,Flat discount,Depends on reviews,Brand story,3,No,Unsure
31-40,Male,Tier 3 / Rural,Tamil Nadu,Student,25000-50000,Rarely,Retail stores,Utility,Minimal modern,Gift sets,Tote bag,Wall décor textile,Heavy embroidery,Light mirror work,Black / neutral,Office use,Above 2000,Below 1000,Below 500,Sometimes,Buy 2 Get 1,Depends on reviews,Reviews,5,Yes,Unlikely
Above 50,Female,Metro,Delhi,Student,Above 200000,Never,Retail stores,Authenticity,Fusion,Handbags,Tote bag,Wall décor textile,Minimal embroidery,Light mirror work,Earth tones,Office use,1000-2000,Below 1000,Below 500,No,Festival combo pack,Depends on reviews,Return policy,3,No,Unlikely
41-50,Prefer not to say,Tier 3 / Rural,Tamil Nadu,Salaried Employee,100000-200000,Rarely,Online marketplaces,Utility,Traditional,"Jackets / shrugs, Handbags",Sling bag,Table runners,Heavy embroidery,Light mirror work,Black / neutral,Festive use,Above 2000,2000-4000,500-1500,No,Buy 2 Get 1,No,Brand story,2,No,Very unlikely
31-40,Male,Tier 1,Tamil Nadu,Freelancer,Above 200000,Rarely,Retail stores,Authenticity,Fusion,Handbags,Tote bag,Decorative organizers,Heavy embroidery,Light mirror work,Black / neutral,Daily use,Above 2000,Below 1000,Above 3000,No,Free shipping,No,Brand story,5,No,Unlikely
21-30,Female,Tier 1,Karnataka,Student,100000-200000,Never,During travel,Authenticity,Traditional,Jackets / shrugs,Office handbag,Cushion covers,Heavy embroidery,Light mirror work,Black / neutral,Festive use,1000-2000,Above 4000,Above 3000,No,Free shipping,No,Reviews,5,Yes,Unlikely
21-30,Male,Metro,Tamil Nadu,Freelancer,Above 200000,Never,Retail stores,Authenticity,Minimal modern,Laptop sleeves / utility pouches,Clutch,Table runners,Heavy embroidery,No mirror work,Earth tones,Weddings,500-1000,2000-4000,Above 3000,Strongly yes,Free shipping,Yes,Product images,2,No,Unlikely
21-30,Female,Tier 3 / Rural,Delhi,Student,50000-100000,Never,Instagram stores,Price,Fusion,"Cushion covers, Gift sets, Jackets / shrugs",Clutch,Table runners,Moderate embroidery,Light mirror work,Pastel shades,Festive use,1000-2000,Above 4000,1500-3000,No,Festival combo pack,No,Reviews,2,Yes,Unlikely
21-30,Female,Tier 1,Karnataka,Other,25000-50000,Occasionally,Instagram stores,Design,Minimal modern,"Laptop sleeves / utility pouches, Gift sets",Tote bag,Table runners,Minimal embroidery,Light mirror work,Earth tones,Weddings,1000-2000,1000-2000,1500-3000,Sometimes,Free shipping,Depends on reviews,Reviews,2,Yes,Unsure
Below 20,Female,Tier 2,Karnataka,Homemaker,25000-50000,Occasionally,During travel,Design,Fusion,"Gift sets, Laptop sleeves / utility pouches",Sling bag,Cushion covers,Minimal embroidery,Light mirror work,Earth tones,Gifting,500-1000,Below 1000,1500-3000,Sometimes,Festival combo pack,Depends on reviews,Brand story,2,No,Unsure
Below 20,Female,Tier 2,Gujarat,Business Owner,25000-50000,Frequently,Instagram stores,Authenticity,Traditional,Laptop sleeves / utility pouches,Office handbag,Decorative organizers,Moderate embroidery,No mirror work,Bright colors,Festive use,1000-2000,Above 4000,1500-3000,Sometimes,Festival combo pack,No,Return policy,1,No,Unsure
41-50,Female,Tier 3 / Rural,Delhi,Student,100000-200000,Rarely,Retail stores,Authenticity,Fusion,"Handbags, Jackets / shrugs",Clutch,Cushion covers,Heavy embroidery,No mirror work,Black / neutral,Festive use,Above 2000,Below 1000,1500-3000,No,Free shipping,No,Return policy,2,Yes,Unsure
31-40,Male,Metro,Rajasthan,Other,Above 200000,Frequently,Local exhibitions,Utility,Traditional,Handbags,Clutch,Wall décor textile,Minimal embroidery,No mirror work,Bright colors,Gifting,Above 2000,1000-2000,500-1500,Sometimes,Free shipping,Depends on reviews,Product images,2,Yes,Highly likely
41-50,Male,Metro,Telangana,Salaried Employee,Above 200000,Rarely,Online marketplaces,Design,Minimal modern,"Laptop sleeves / utility pouches, Jackets / shrugs, Handbags",Clutch,Table runners,Heavy embroidery,No mirror work,Black / neutral,Office use,Above 2000,Above 4000,1500-3000,Sometimes,Free shipping,Yes,Return policy,2,Yes,Highly likely
31-40,Male,Tier 3 / Rural,Rajasthan,Homemaker,Above 200000,Frequently,Local exhibitions,Brand,Depends on product,Handbags,Tote bag,Table runners,Moderate embroidery,Light mirror work,Earth tones,Office use,1000-2000,Above 4000,500-1500,No,Free shipping,Yes,Product images,1,No,Very unlikely
21-30,Prefer not to say,Tier 2,Gujarat,Homemaker,100000-200000,Frequently,Local exhibitions,Price,Depends on product,"Handbags, Gift sets",Clutch,Decorative organizers,Moderate embroidery,No mirror work,Black / neutral,Office use,1000-2000,Above 4000,Above 3000,Strongly yes,Buy 2 Get 1,Yes,Product images,1,Yes,Unlikely
Above 50,Female,Tier 2,Tamil Nadu,Homemaker,Above 200000,Frequently,Retail stores,Brand,Traditional,"Jackets / shrugs, Handbags",Tote bag,Wall décor textile,Heavy embroidery,No mirror work,Pastel shades,Festive use,500-1000,1000-2000,Below 500,Strongly yes,Festival combo pack,Yes,Reviews,3,No,Highly likely
41-50,Male,Tier 2,Telangana,Freelancer,100000-200000,Never,Local exhibitions,Price,Fusion,"Cushion covers, Handbags",Office handbag,Table runners,Minimal embroidery,No mirror work,Earth tones,Daily use,1000-2000,1000-2000,1500-3000,Sometimes,Free shipping,Yes,Reviews,4,Yes,Unsure
31-40,Female,Tier 1,West Bengal,Salaried Employee,,Frequently,Retail stores,Brand,Fusion,"Cushion covers, Handbags",Tote bag,Wall décor textile,Minimal embroidery,Strong mirror work,Pastel shades,Daily use,500-1000,Above 4000,Below 500,Strongly yes,Free shipping,Depends on reviews,Brand story,4,No,Likely
21-30,Female,Tier 3 / Rural,Karnataka,Homemaker,100000-200000,Rarely,Retail stores,Design,Traditional,"Cushion covers, Handbags",Tote bag,Wall décor textile,Minimal embroidery,No mirror work,Earth tones,Festive use,Below 500,1000-2000,500-1500,Strongly yes,Buy 2 Get 1,Depends on reviews,Reviews,4,Yes,Unsure
21-30,Male,Tier 1,Maharashtra,Freelancer,Below 25000,Frequently,Retail stores,Design,Minimal modern,"Handbags, Gift sets, Laptop sleeves / utility pouches",Office handbag,Cushion covers,Moderate embroidery,Strong mirror work,Black / neutral,Gifting,Below 500,2000-4000,Above 3000,No,Flat discount,No,Reviews,5,No,Unsure
Below 20,Male,Metro,Telangana,Other,100000-200000,Occasionally,Online marketplaces,Utility,Fusion,"Cushion covers, Handbags, Laptop sleeves / utility pouches",Sling bag,Decorative organizers,Moderate embroidery,Light mirror work,Earth tones,Daily use,1000-2000,2000-4000,500-1500,No,Free shipping,Depends on reviews,Brand story,5,Yes,Highly likely
Below 20,Female,Metro,Karnataka,Other,50000-100000,Rarely,Local exhibitions,Price,Depends on product,"Jackets / shrugs, Laptop sleeves / utility pouches, Cushion covers",Sling bag,Decorative organizers,Moderate embroidery,No mirror work,Pastel shades,Weddings,500-1000,Below 1000,1500-3000,Strongly yes,Festival combo pack,Yes,Product images,3,Yes,Likely
21-30,Male,Tier 3 / Rural,West Bengal,Business Owner,25000-50000,Frequently,During travel,Price,Depends on product,"Handbags, Cushion covers, Laptop sleeves / utility pouches",Sling bag,Wall décor textile,Heavy embroidery,No mirror work,Pastel shades,Office use,1000-2000,1000-2000,1500-3000,No,Festival combo pack,Yes,Return policy,2,No,Unsure
41-50,Female,Tier 3 / Rural,West Bengal,Other,100000-200000,Occasionally,Local exhibitions,Brand,Depends on product,"Cushion covers, Handbags, Laptop sleeves / utility pouches",Sling bag,Table runners,Heavy embroidery,No mirror work,Pastel shades,Festive use,1000-2000,2000-4000,Above 3000,Strongly yes,Flat discount,No,Product images,1,No,Unsure
Below 20,Prefer not to say,Tier 1,West Bengal,Student,100000-200000,Never,During travel,Design,Minimal modern,Handbags,Clutch,Decorative organizers,Moderate embroidery,Strong mirror work,Pastel shades,Weddings,500-1000,Above 4000,500-1500,Strongly yes,Free shipping,Depends on reviews,Brand story,4,No,Unsure
31-40,Male,Metro,West Bengal,Salaried Employee,50000-100000,Rarely,Online marketplaces,Design,Depends on product,"Cushion covers, Jackets / shrugs, Gift sets",Clutch,Cushion covers,Heavy embroidery,No mirror work,Pastel shades,Daily use,Above 2000,1000-2000,Below 500,Sometimes,Buy 2 Get 1,Depends on reviews,Brand story,1,Yes,Highly likely
Below 20,Male,Metro,Tamil Nadu,Student,Above 200000,Rarely,Retail stores,Price,Depends on product,Handbags,Tote bag,Decorative organizers,Minimal embroidery,No mirror work,Bright colors,Weddings,500-1000,2000-4000,1500-3000,Strongly yes,Free shipping,No,Product images,5,Yes,Unsure
21-30,Female,Tier 2,Tamil Nadu,Other,50000-100000,Rarely,Online marketplaces,Utility,Traditional,Cushion covers,Clutch,Table runners,Moderate embroidery,No mirror work,Bright colors,Daily use,Above 2000,1000-2000,500-1500,No,Festival combo pack,Depends on reviews,Brand story,3,Yes,Highly likely
Below 20,Male,Tier 1,Karnataka,Student,Above 200000,Occasionally,Online marketplaces,Design,Minimal modern,"Laptop sleeves / utility pouches, Gift sets, Jackets / shrugs",Office handbag,Table runners,Heavy embroidery,No mirror work,Bright colors,Office use,500-1000,Below 1000,Below 500,No,Flat discount,Depends on reviews,Return policy,2,Yes,Very unlikely
21-30,Male,Tier 1,Delhi,Salaried Employee,25000-50000,Occasionally,Retail stores,Authenticity,Minimal modern,Gift sets,Sling bag,Cushion covers,Minimal embroidery,Strong mirror work,Bright colors,Office use,Below 500,Above 4000,Below 500,Strongly yes,Free shipping,No,Return policy,1,Yes,Unlikely
Below 20,Male,Metro,Rajasthan,Student,50000-100000,Frequently,During travel,Design,Depends on product,"Laptop sleeves / utility pouches, Jackets / shrugs, Handbags",Tote bag,Decorative organizers,Minimal embroidery,Strong mirror work,Bright colors,Office use,1000-2000,Below 1000,500-1500,No,Buy 2 Get 1,Yes,Product images,5,No,Highly likely
21-30,Female,Tier 2,Telangana,Freelancer,Below 25000,Occasionally,Retail stores,Design,Depends on product,"Jackets / shrugs, Cushion covers, Gift sets",Tote bag,Table runners,Heavy embroidery,No mirror work,Black / neutral,Gifting,Above 2000,2000-4000,Above 3000,Strongly yes,Free shipping,Depends on reviews,Brand story,4,No,Unlikely
Above 50,Male,Metro,Rajasthan,Other,100000-200000,Occasionally,Online marketplaces,Utility,Fusion,Jackets / shrugs,Clutch,Decorative organizers,Minimal embroidery,Strong mirror work,Black / neutral,Daily use,1000-2000,1000-2000,Above 3000,Strongly yes,Free shipping,No,Brand story,4,Yes,Unlikely
41-50,Female,Tier 2,Gujarat,Salaried Employee,25000-50000,Frequently,During travel,Utility,Traditional,Laptop sleeves / utility pouches,Office handbag,Wall décor textile,Minimal embroidery,Light mirror work,Pastel shades,Weddings,Above 2000,Below 1000,Below 500,Sometimes,Festival combo pack,No,Reviews,3,Yes,Highly likely
21-30,Female,Metro,Karnataka,Homemaker,Above 200000,Rarely,Online marketplaces,Utility,Depends on product,"Gift sets, Cushion covers",Sling bag,Decorative organizers,Moderate embroidery,No mirror work,Bright colors,Daily use,500-1000,2000-4000,500-1500,Sometimes,Festival combo pack,Yes,Reviews,1,Yes,Unsure
31-40,Female,Metro,Telangana,Student,Above 200000,Occasionally,During travel,Brand,Minimal modern,Handbags,Office handbag,Wall décor textile,Minimal embroidery,No mirror work,Earth tones,Weddings,1000-2000,1000-2000,Below 500,Sometimes,Festival combo pack,No,Reviews,3,No,Unsure
41-50,Female,Metro,Gujarat,Freelancer,100000-200000,Rarely,Instagram stores,Design,Fusion,"Gift sets, Jackets / shrugs, Handbags",Tote bag,Cushion covers,Heavy embroidery,No mirror work,Pastel shades,Office use,Below 500,Below 1000,1500-3000,Strongly yes,Buy 2 Get 1,Depends on reviews,Brand story,4,No,Likely
Above 50,Female,Tier 3 / Rural,Maharashtra,Student,25000-50000,Rarely,Local exhibitions,Price,Minimal modern,Handbags,Sling bag,Cushion covers,Heavy embroidery,Strong mirror work,Black / neutral,Weddings,Above 2000,2000-4000,Above 3000,No,Buy 2 Get 1,Yes,Return policy,1,No,Unsure
21-30,Female,Tier 1,Telangana,Other,25000-50000,Frequently,Local exhibitions,Utility,Minimal modern,"Handbags, Gift sets, Jackets / shrugs",Sling bag,Decorative organizers,Heavy embroidery,Light mirror work,Pastel shades,Office use,Above 2000,2000-4000,1500-3000,Sometimes,Flat discount,No,Product images,1,No,Likely
21-30,Male,Tier 3 / Rural,West Bengal,Homemaker,Above 200000,Rarely,Online marketplaces,Brand,Depends on product,Laptop sleeves / utility pouches,Clutch,Decorative organizers,Minimal embroidery,No mirror work,Bright colors,Weddings,Above 2000,Above 4000,Below 500,Strongly yes,Festival combo pack,Depends on reviews,Reviews,5,No,Very unlikely
41-50,Female,Tier 1,Maharashtra,Freelancer,50000-100000,Occasionally,Local exhibitions,Price,Fusion,"Laptop sleeves / utility pouches, Cushion covers, Gift sets",Office handbag,Decorative organizers,Moderate embroidery,No mirror work,Earth tones,Gifting,1000-2000,Above 4000,500-1500,Strongly yes,Buy 2 Get 1,Depends on reviews,Brand story,2,No,Very unlikely
21-30,Male,Tier 2,West Bengal,Freelancer,100000-200000,Frequently,During travel,Utility,Minimal modern,"Handbags, Cushion covers",Clutch,Cushion covers,Moderate embroidery,No mirror work,Pastel shades,Office use,Above 2000,Below 1000,1500-3000,Sometimes,Festival combo pack,No,Brand story,2,No,Unsure
Above 50,Female,Tier 3 / Rural,Karnataka,Salaried Employee,100000-200000,Occasionally,Retail stores,Utility,Fusion,"Handbags, Jackets / shrugs, Gift sets",Office handbag,Cushion covers,Moderate embroidery,Strong mirror work,Earth tones,Daily use,Above 2000,2000-4000,500-1500,No,Festival combo pack,No,Brand story,5,No,Likely
31-40,Female,Tier 3 / Rural,Delhi,Student,Above 200000,Never,Online marketplaces,Brand,Fusion,"Cushion covers, Handbags, Laptop sleeves / utility pouches",Office handbag,Cushion covers,Heavy embroidery,No mirror work,Bright colors,Office use,1000-2000,Below 1000,Above 3000,No,Festival combo pack,Depends on reviews,Product images,3,Yes,Unsure
Below 20,Female,Tier 1,Tamil Nadu,Freelancer,25000-50000,Never,Online marketplaces,Utility,Depends on product,Handbags,Clutch,Wall décor textile,Heavy embroidery,Light mirror work,Black / neutral,Office use,1000-2000,Above 4000,1500-3000,Sometimes,Flat discount,Depends on reviews,Brand story,3,Yes,Unsure
Below 20,Male,Tier 2,Maharashtra,Other,25000-50000,Frequently,Local exhibitions,Design,Fusion,Laptop sleeves / utility pouches,Clutch,Table runners,Heavy embroidery,No mirror work,Black / neutral,Weddings,500-1000,Above 4000,Above 3000,Sometimes,Flat discount,Depends on reviews,Return policy,3,No,Highly likely
41-50,Female,Tier 2,Rajasthan,Business Owner,50000-100000,Occasionally,During travel,Utility,Traditional,"Laptop sleeves / utility pouches, Handbags",Office handbag,Decorative organizers,Moderate embroidery,Strong mirror work,Pastel shades,Daily use,Above 2000,1000-2000,500-1500,Sometimes,Buy 2 Get 1,No,Brand story,2,No,Unlikely
Below 20,Female,Tier 1,West Bengal,Salaried Employee,100000-200000,Frequently,Retail stores,Price,Traditional,"Gift sets, Jackets / shrugs, Cushion covers",Sling bag,Table runners,Minimal embroidery,No mirror work,Earth tones,Gifting,Above 2000,Below 1000,1500-3000,Strongly yes,Buy 2 Get 1,Yes,Reviews,1,No,Highly likely
21-30,Male,Tier 2,West Bengal,Salaried Employee,100000-200000,Occasionally,During travel,Utility,Fusion,Jackets / shrugs,Office handbag,Wall décor textile,Moderate embroidery,No mirror work,Bright colors,Weddings,Above 2000,Below 1000,Above 3000,No,Flat discount,Depends on reviews,Brand story,2,Yes,Unsure
Above 50,Female,Tier 3 / Rural,Delhi,Other,Above 200000,Never,Instagram stores,Price,Minimal modern,"Cushion covers, Handbags",Tote bag,Cushion covers,Heavy embroidery,Light mirror work,Earth tones,Office use,Above 2000,2000-4000,Below 500,No,Flat discount,Yes,Reviews,1,Yes,Likely
Above 50,Female,Tier 3 / Rural,Tamil Nadu,Freelancer,100000-200000,Occasionally,Instagram stores,Brand,Depends on product,Gift sets,Clutch,Cushion covers,Moderate embroidery,Light mirror work,Black / neutral,Office use,Above 2000,Below 1000,500-1500,Strongly yes,Free shipping,No,Brand story,5,Yes,Unlikely
Above 50,Male,Tier 2,Delhi,Salaried Employee,25000-50000,Rarely,Instagram stores,Brand,Fusion,"Laptop sleeves / utility pouches, Handbags, Gift sets",Tote bag,Decorative organizers,Minimal embroidery,Light mirror work,Pastel shades,Festive use,1000-2000,2000-4000,Below 500,No,Buy 2 Get 1,Depends on reviews,Reviews,1,No,Unsure
31-40,Female,Tier 3 / Rural,West Bengal,Student,100000-200000,Never,Local exhibitions,Utility,Traditional,"Gift sets, Jackets / shrugs",Sling bag,Wall décor textile,Minimal embroidery,No mirror work,Bright colors,Gifting,Below 500,2000-4000,1500-3000,No,Flat discount,No,Reviews,4,Yes,Unlikely
Below 20,Male,Metro,Gujarat,Homemaker,25000-50000,Never,Online marketplaces,Price,Traditional,"Jackets / shrugs, Cushion covers, Handbags",Tote bag,Wall décor textile,Heavy embroidery,Light mirror work,Black / neutral,Gifting,1000-2000,2000-4000,1500-3000,Sometimes,Buy 2 Get 1,No,Return policy,5,No,Highly likely
41-50,Male,Metro,Tamil Nadu,Other,100000-200000,Occasionally,Local exhibitions,Design,Traditional,"Gift sets, Cushion covers",Clutch,Cushion covers,Moderate embroidery,No mirror work,Black / neutral,Gifting,Below 500,1000-2000,1500-3000,No,Festival combo pack,Depends on reviews,Brand story,3,Yes,Unsure
Below 20,Male,Tier 3 / Rural,Rajasthan,Freelancer,50000-100000,Occasionally,Online marketplaces,Authenticity,Traditional,"Jackets / shrugs, Handbags",Tote bag,Wall décor textile,Minimal embroidery,No mirror work,Earth tones,Gifting,500-1000,Below 1000,Below 500,No,Flat discount,No,Brand story,4,No,Likely
31-40,Male,Tier 2,West Bengal,Freelancer,Above 200000,Frequently,Local exhibitions,Design,Depends on product,"Laptop sleeves / utility pouches, Cushion covers",Clutch,Decorative organizers,Moderate embroidery,No mirror work,Earth tones,Office use,Below 500,Above 4000,500-1500,No,Flat discount,Depends on reviews,Product images,2,No,Unsure
21-30,Male,Tier 3 / Rural,Karnataka,Business Owner,25000-50000,Occasionally,Online marketplaces,Design,Minimal modern,"Gift sets, Laptop sleeves / utility pouches, Jackets / shrugs",Clutch,Table runners,Minimal embroidery,No mirror work,Bright colors,Gifting,Above 2000,1000-2000,Below 500,Sometimes,Flat discount,Yes,Brand story,4,No,Unlikely
Above 50,Female,Tier 2,West Bengal,Student,50000-100000,Rarely,Instagram stores,Price,Depends on product,"Handbags, Laptop sleeves / utility pouches, Jackets / shrugs",Tote bag,Decorative organizers,Minimal embroidery,Light mirror work,Earth tones,Gifting,Below 500,2000-4000,Below 500,No,Festival combo pack,Yes,Reviews,2,No,Likely
31-40,Female,Tier 3 / Rural,Tamil Nadu,Student,Below 25000,Occasionally,Local exhibitions,Design,Minimal modern,Jackets / shrugs,Clutch,Cushion covers,Moderate embroidery,Strong mirror work,Earth tones,Office use,1000-2000,2000-4000,Below 500,No,Buy 2 Get 1,Depends on reviews,Return policy,3,No,Unlikely
Below 20,Female,Tier 1,Maharashtra,Salaried Employee,50000-100000,Never,Local exhibitions,Authenticity,Depends on product,"Jackets / shrugs, Cushion covers, Gift sets",Office handbag,Wall décor textile,Heavy embroidery,Light mirror work,Black / neutral,Gifting,1000-2000,Below 1000,Below 500,Strongly yes,Buy 2 Get 1,Yes,Brand story,1,Yes,Unlikely
Above 50,Female,Metro,Telangana,Freelancer,25000-50000,Rarely,Retail stores,Brand,Fusion,"Laptop sleeves / utility pouches, Handbags, Gift sets",Office handbag,Cushion covers,Moderate embroidery,No mirror work,Black / neutral,Festive use,1000-2000,2000-4000,Above 3000,No,Flat discount,Depends on reviews,Reviews,3,No,Highly likely
Above 50,Female,Tier 3 / Rural,Tamil Nadu,Student,25000-50000,Frequently,Retail stores,Design,Minimal modern,"Gift sets, Jackets / shrugs, Handbags",Sling bag,Decorative organizers,Minimal embroidery,Light mirror work,Black / neutral,Office use,Above 2000,Above 4000,Below 500,Strongly yes,Free shipping,Yes,Brand story,3,Yes,Highly likely
Below 20,Male,Tier 2,Delhi,Business Owner,100000-200000,Rarely,Retail stores,Design,Depends on product,Handbags,Tote bag,Wall décor textile,Minimal embroidery,Strong mirror work,Pastel shades,Gifting,1000-2000,Above 4000,Above 3000,Strongly yes,Flat discount,No,Return policy,3,No,Likely
Above 50,Female,Metro,Telangana,Business Owner,25000-50000,Frequently,Local exhibitions,Price,Depends on product,Jackets / shrugs,Clutch,Wall décor textile,Moderate embroidery,Light mirror work,Black / neutral,Daily use,Above 2000,1000-2000,Below 500,No,Festival combo pack,Depends on reviews,Return policy,2,Yes,Unsure
31-40,Male,Tier 3 / Rural,Rajasthan,Other,50000-100000,Never,Retail stores,Price,Traditional,"Handbags, Jackets / shrugs",Tote bag,Wall décor textile,Moderate embroidery,Strong mirror work,Pastel shades,Daily use,Below 500,2000-4000,Above 3000,No,Flat discount,Depends on reviews,Product images,4,No,Very unlikely
Below 20,Male,Metro,Maharashtra,Business Owner,Below 25000,Frequently,Retail stores,Brand,Depends on product,"Handbags, Laptop sleeves / utility pouches, Gift sets",Office handbag,Decorative organizers,Heavy embroidery,Strong mirror work,Bright colors,Weddings,Below 500,2000-4000,500-1500,No,Buy 2 Get 1,No,Product images,3,No,Unlikely
41-50,Female,Tier 1,Rajasthan,Homemaker,Above 200000,Frequently,Local exhibitions,Price,Fusion,"Cushion covers, Jackets / shrugs",Clutch,Table runners,Minimal embroidery,No mirror work,Black / neutral,Festive use,500-1000,Below 1000,Above 3000,Strongly yes,Festival combo pack,No,Brand story,4,No,Unsure
41-50,Female,Tier 3 / Rural,West Bengal,Other,50000-100000,Rarely,Instagram stores,Price,Minimal modern,Laptop sleeves / utility pouches,Clutch,Wall décor textile,Moderate embroidery,Light mirror work,Bright colors,Weddings,500-1000,1000-2000,500-1500,Strongly yes,Festival combo pack,Yes,Return policy,2,Yes,Very unlikely
Above 50,Female,Tier 1,Rajasthan,Other,100000-200000,Frequently,Retail stores,Authenticity,Minimal modern,"Gift sets, Jackets / shrugs, Handbags",Sling bag,Decorative organizers,Moderate embroidery,Strong mirror work,Earth tones,Weddings,Below 500,2000-4000,Below 500,No,Festival combo pack,Yes,Brand story,4,Yes,Highly likely
Below 20,Male,Tier 1,West Bengal,Student,Below 25000,Frequently,Retail stores,Brand,Traditional,"Cushion covers, Jackets / shrugs, Handbags",Sling bag,Table runners,Minimal embroidery,Light mirror work,Black / neutral,Festive use,500-1000,2000-4000,1500-3000,Sometimes,Flat discount,Depends on reviews,Return policy,5,Yes,Highly likely
31-40,Female,Tier 1,Delhi,Freelancer,100000-200000,Rarely,Retail stores,Authenticity,Fusion,Handbags,Office handbag,Decorative organizers,Moderate embroidery,Light mirror work,Earth tones,Gifting,Below 500,2000-4000,Below 500,Strongly yes,Flat discount,Depends on reviews,Return policy,5,No,Likely
Above 50,Male,Tier 2,West Bengal,Freelancer,Below 25000,Rarely,Instagram stores,Design,Minimal modern,"Handbags, Gift sets, Laptop sleeves / utility pouches",Clutch,Decorative organizers,Minimal embroidery,Light mirror work,Pastel shades,Weddings,Below 500,2000-4000,Above 3000,Strongly yes,Buy 2 Get 1,No,Brand story,1,No,Likely
Below 20,Male,Metro,Telangana,Student,100000-200000,Never,During travel,Authenticity,Fusion,"Laptop sleeves / utility pouches, Jackets / shrugs",Clutch,Table runners,Minimal embroidery,No mirror work,Black / neutral,Gifting,500-1000,Above 4000,1500-3000,No,Free shipping,Depends on reviews,Reviews,1,Yes,Unlikely
31-40,Female,Tier 2,Gujarat,Homemaker,25000-50000,Rarely,Local exhibitions,Design,Depends on product,"Gift sets, Handbags, Cushion covers",Sling bag,Table runners,Minimal embroidery,Strong mirror work,Black / neutral,Office use,1000-2000,1000-2000,500-1500,Sometimes,Festival combo pack,Yes,Return policy,3,Yes,Very unlikely
Above 50,Female,Tier 2,Maharashtra,Other,50000-100000,Occasionally,Instagram stores,Authenticity,Depends on product,"Handbags, Cushion covers",Tote bag,Decorative organizers,Moderate embroidery,Light mirror work,Pastel shades,Festive use,Above 2000,Below 1000,Below 500,No,Free shipping,Yes,Brand story,5,No,Very unlikely
41-50,Female,Tier 2,Tamil Nadu,Homemaker,Below 25000,Never,Online marketplaces,Brand,Traditional,"Cushion covers, Gift sets",Clutch,Table runners,Moderate embroidery,Light mirror work,Pastel shades,Daily use,1000-2000,2000-4000,1500-3000,Sometimes,Free shipping,No,Brand story,5,No,Unsure
21-30,Female,Tier 2,Tamil Nadu,Freelancer,25000-50000,Occasionally,Instagram stores,Utility,Depends on product,"Cushion covers, Handbags, Laptop sleeves / utility pouches",Office handbag,Wall décor textile,Minimal embroidery,Light mirror work,Bright colors,Office use,500-1000,Below 1000,500-1500,No,Flat discount,Yes,Brand story,4,Yes,Likely
Above 50,Female,Metro,Tamil Nadu,Homemaker,Above 200000,Rarely,Local exhibitions,Design,Depends on product,"Jackets / shrugs, Laptop sleeves / utility pouches, Cushion covers",Clutch,Decorative organizers,Minimal embroidery,Light mirror work,Earth tones,Gifting,Above 2000,2000-4000,Below 500,Sometimes,Flat discount,No,Brand story,5,Yes,Unsure
21-30,Female,Metro,Tamil Nadu,Homemaker,25000-50000,Occasionally,During travel,Utility,Depends on product,"Handbags, Laptop sleeves / utility pouches, Cushion covers",Tote bag,Wall décor textile,Minimal embroidery,No mirror work,Bright colors,Gifting,500-1000,2000-4000,Below 500,Sometimes,Buy 2 Get 1,No,Product images,3,Yes,Likely
41-50,Male,Tier 1,Karnataka,Freelancer,50000-100000,Rarely,Local exhibitions,Design,Traditional,"Gift sets, Jackets / shrugs, Laptop sleeves / utility pouches",Clutch,Wall décor textile,Minimal embroidery,Strong mirror work,Bright colors,Festive use,Above 2000,1000-2000,Above 3000,Sometimes,Flat discount,Depends on reviews,Brand story,2,Yes,Likely
21-30,Female,Tier 1,Maharashtra,Homemaker,Above 200000,Occasionally,Online marketplaces,Brand,Depends on product,"Gift sets, Jackets / shrugs",Clutch,Decorative organizers,Moderate embroidery,Light mirror work,Bright colors,Weddings,500-1000,Above 4000,1500-3000,Strongly yes,Buy 2 Get 1,Yes,Brand story,4,No,Unlikely
21-30,Male,Tier 1,West Bengal,Homemaker,50000-100000,Rarely,Local exhibitions,Price,Depends on product,"Jackets / shrugs, Handbags",Office handbag,Cushion covers,Minimal embroidery,Light mirror work,Bright colors,Festive use,1000-2000,1000-2000,500-1500,No,Free shipping,No,Reviews,2,Yes,Very unlikely
41-50,Male,Tier 2,Gujarat,Business Owner,50000-100000,Occasionally,Retail stores,Utility,Depends on product,"Handbags, Cushion covers",Office handbag,Decorative organizers,Minimal embroidery,Strong mirror work,Black / neutral,Office use,Below 500,1000-2000,500-1500,Strongly yes,Festival combo pack,No,Return policy,4,Yes,Likely
Below 20,Male,Tier 2,Telangana,Other,Below 25000,Never,During travel,Utility,Depends on product,"Handbags, Laptop sleeves / utility pouches",Sling bag,Table runners,Minimal embroidery,No mirror work,Bright colors,Festive use,Above 2000,1000-2000,1500-3000,Sometimes,Flat discount,No,Product images,3,No,Unsure
Below 20,Female,Tier 3 / Rural,Maharashtra,Homemaker,Below 25000,Frequently,During travel,Brand,Fusion,"Laptop sleeves / utility pouches, Gift sets",Sling bag,Decorative organizers,Heavy embroidery,Light mirror work,Earth tones,Weddings,1000-2000,Below 1000,1500-3000,Sometimes,Festival combo pack,No,Product images,1,Yes,Highly likely
41-50,Female,Tier 3 / Rural,Karnataka,Salaried Employee,100000-200000,Rarely,Instagram stores,Authenticity,Minimal modern,Gift sets,Office handbag,Cushion covers,Moderate embroidery,Light mirror work,Black / neutral,Daily use,Above 2000,1000-2000,500-1500,Strongly yes,Flat discount,Yes,Reviews,4,No,Likely
Above 50,Female,Tier 1,West Bengal,Freelancer,Below 25000,Never,Online marketplaces,Price,Depends on product,"Jackets / shrugs, Gift sets",Tote bag,Decorative organizers,Minimal embroidery,No mirror work,Earth tones,Festive use,1000-2000,1000-2000,Above 3000,Strongly yes,Festival combo pack,No,Product images,4,Yes,Unsure
41-50,Female,Tier 3 / Rural,Rajasthan,Homemaker,100000-200000,Occasionally,Retail stores,Utility,Traditional,"Handbags, Gift sets",Tote bag,Table runners,Minimal embroidery,Strong mirror work,Pastel shades,Office use,Above 2000,Below 1000,Below 500,Strongly yes,Buy 2 Get 1,No,Reviews,4,Yes,Highly likely
31-40,Male,Tier 3 / Rural,Rajasthan,Salaried Employee,25000-50000,Rarely,Instagram stores,Brand,Fusion,Jackets / shrugs,Office handbag,Decorative organizers,Moderate embroidery,Light mirror work,Black / neutral,Daily use,500-1000,2000-4000,Above 3000,Strongly yes,Festival combo pack,Depends on reviews,Brand story,4,No,Unsure
Below 20,Male,Tier 2,West Bengal,Business Owner,Below 25000,Never,Retail stores,Design,Fusion,Laptop sleeves / utility pouches,Sling bag,Decorative organizers,Moderate embroidery,Strong mirror work,Pastel shades,Gifting,Below 500,2000-4000,Above 3000,Sometimes,Buy 2 Get 1,Yes,Brand story,5,Yes,Very unlikely
Below 20,Female,Tier 3 / Rural,Maharashtra,Salaried Employee,50000-100000,Rarely,Local exhibitions,Authenticity,Minimal modern,"Gift sets, Laptop sleeves / utility pouches",Office handbag,Table runners,Moderate embroidery,Strong mirror work,Bright colors,Weddings,1000-2000,Above 4000,Above 3000,Strongly yes,Buy 2 Get 1,No,Reviews,2,Yes,Unsure
21-30,Female,Tier 3 / Rural,Telangana,Freelancer,50000-100000,Never,Online marketplaces,Brand,Minimal modern,Jackets / shrugs,Office handbag,Cushion covers,Minimal embroidery,Strong mirror work,Earth tones,Daily use,Above 2000,1000-2000,500-1500,Sometimes,Flat discount,Depends on reviews,Product images,5,No,Likely
21-30,Female,Tier 1,Rajasthan,Business Owner,50000-100000,Occasionally,Online marketplaces,Price,Traditional,Cushion covers,Clutch,Table runners,Minimal embroidery,Light mirror work,Pastel shades,Daily use,Below 500,Above 4000,Below 500,No,Festival combo pack,Yes,Reviews,4,No,Very unlikely
Below 20,Male,Tier 1,Karnataka,Salaried Employee,50000-100000,Rarely,Local exhibitions,Brand,Minimal modern,"Laptop sleeves / utility pouches, Jackets / shrugs",Sling bag,Table runners,Minimal embroidery,Light mirror work,Black / neutral,Daily use,Above 2000,Below 1000,Below 500,Strongly yes,Free shipping,Yes,Return policy,2,No,Very unlikely
Below 20,Female,Tier 1,Maharashtra,Freelancer,Above 200000,Frequently,Retail stores,Authenticity,Minimal modern,Cushion covers,Clutch,Cushion covers,Minimal embroidery,Light mirror work,Earth tones,Office use,Below 500,Above 4000,Above 3000,Strongly yes,Buy 2 Get 1,Yes,Product images,4,Yes,Highly likely
Above 50,Female,Metro,Rajasthan,Salaried Employee,50000-100000,Occasionally,During travel,Authenticity,Fusion,"Jackets / shrugs, Cushion covers",Sling bag,Cushion covers,Minimal embroidery,Light mirror work,Bright colors,Office use,1000-2000,1000-2000,Below 500,Strongly yes,Festival combo pack,Depends on reviews,Reviews,1,No,Likely
Below 20,Male,Metro,Telangana,Student,Below 25000,Occasionally,During travel,Utility,Fusion,"Jackets / shrugs, Gift sets, Cushion covers",Clutch,Decorative organizers,Heavy embroidery,Light mirror work,Bright colors,Daily use,1000-2000,1000-2000,Below 500,No,Free shipping,Yes,Product images,2,Yes,Unsure
21-30,Male,Metro,Tamil Nadu,Business Owner,Above 200000,Never,During travel,Price,Fusion,Handbags,Office handbag,Decorative organizers,Minimal embroidery,Strong mirror work,Pastel shades,Weddings,Below 500,1000-2000,500-1500,Strongly yes,Flat discount,Depends on reviews,Brand story,1,Yes,Likely
Above 50,Female,Tier 2,Telangana,Business Owner,Below 25000,Rarely,During travel,Brand,Traditional,"Jackets / shrugs, Laptop sleeves / utility pouches",Office handbag,Table runners,Minimal embroidery,No mirror work,Bright colors,Weddings,500-1000,Above 4000,500-1500,Strongly yes,Free shipping,No,Brand story,2,Yes,Highly likely
41-50,Female,Tier 1,Maharashtra,Freelancer,50000-100000,Occasionally,Retail stores,Brand,Minimal modern,"Handbags, Cushion covers",Sling bag,Decorative organizers,Moderate embroidery,Strong mirror work,Black / neutral,Office use,1000-2000,2000-4000,500-1500,Sometimes,Buy 2 Get 1,No,Reviews,5,No,Unlikely
31-40,Male,Tier 2,Karnataka,Other,Above 200000,Rarely,Instagram stores,Price,Traditional,Cushion covers,Tote bag,Cushion covers,Heavy embroidery,Light mirror work,Black / neutral,Daily use,1000-2000,Above 4000,Above 3000,Strongly yes,Flat discount,No,Product images,4,No,Unsure
31-40,Female,Metro,Rajasthan,Student,50000-100000,Never,Instagram stores,Authenticity,Minimal modern,Handbags,Tote bag,Decorative organizers,Heavy embroidery,Strong mirror work,Black / neutral,Office use,Above 2000,Below 1000,Above 3000,Sometimes,Festival combo pack,Depends on reviews,Return policy,2,No,Unsure
Above 50,Female,Tier 2,Delhi,Homemaker,50000-100000,Occasionally,During travel,Utility,Traditional,Gift sets,Sling bag,Table runners,Minimal embroidery,Strong mirror work,Pastel shades,Gifting,Below 500,1000-2000,1500-3000,Sometimes,Festival combo pack,Depends on reviews,Return policy,5,No,Likely
41-50,Male,Tier 3 / Rural,Karnataka,Other,50000-100000,Occasionally,Online marketplaces,Utility,Fusion,"Handbags, Jackets / shrugs",Tote bag,Decorative organizers,Moderate embroidery,Strong mirror work,Earth tones,Festive use,Above 2000,2000-4000,Above 3000,Strongly yes,Buy 2 Get 1,Depends on reviews,Reviews,2,No,Unlikely
Above 50,Female,Tier 3 / Rural,Delhi,Student,25000-50000,Rarely,Local exhibitions,Authenticity,Traditional,"Laptop sleeves / utility pouches, Gift sets",Sling bag,Cushion covers,Heavy embroidery,Light mirror work,Pastel shades,Daily use,500-1000,1000-2000,Above 3000,No,Flat discount,Yes,Product images,2,No,Very unlikely
41-50,Female,Tier 1,Rajasthan,Student,100000-200000,Rarely,Retail stores,Price,Depends on product,"Gift sets, Laptop sleeves / utility pouches, Cushion covers",Sling bag,Wall décor textile,Minimal embroidery,Strong mirror work,Black / neutral,Daily use,Above 2000,1000-2000,Above 3000,Sometimes,Free shipping,Yes,Return policy,4,Yes,Unsure
Below 20,Female,Metro,Delhi,Student,Above 200000,Never,Instagram stores,Utility,Traditional,"Laptop sleeves / utility pouches, Cushion covers",Office handbag,Cushion covers,Minimal embroidery,Strong mirror work,Black / neutral,Weddings,Below 500,Above 4000,Above 3000,Sometimes,Buy 2 Get 1,Depends on reviews,Return policy,1,No,Unsure
Above 50,Female,Tier 3 / Rural,Telangana,Business Owner,100000-200000,Never,Retail stores,Utility,Minimal modern,Gift sets,Office handbag,Table runners,Moderate embroidery,No mirror work,Bright colors,Office use,Above 2000,1000-2000,1500-3000,Strongly yes,Flat discount,Depends on reviews,Product images,1,No,Very unlikely
41-50,Female,Tier 1,Delhi,Business Owner,Above 200000,Rarely,During travel,Utility,Fusion,"Cushion covers, Jackets / shrugs, Gift sets",Sling bag,Wall décor textile,Moderate embroidery,Strong mirror work,Pastel shades,Weddings,Above 2000,1000-2000,Above 3000,Strongly yes,Free shipping,Depends on reviews,Brand story,4,No,Likely
Below 20,Female,Tier 3 / Rural,West Bengal,Freelancer,Below 25000,Frequently,Instagram stores,Authenticity,Fusion,Cushion covers,Clutch,Wall décor textile,Heavy embroidery,No mirror work,Bright colors,Office use,500-1000,2000-4000,500-1500,No,Buy 2 Get 1,No,Return policy,5,No,Likely
Below 20,Male,Tier 3 / Rural,Tamil Nadu,Salaried Employee,Below 25000,Rarely,Instagram stores,Utility,Fusion,Cushion covers,Sling bag,Decorative organizers,Minimal embroidery,Strong mirror work,Black / neutral,Weddings,500-1000,2000-4000,1500-3000,Strongly yes,Buy 2 Get 1,No,Return policy,2,Yes,Unsure
41-50,Female,Tier 2,Karnataka,Business Owner,100000-200000,Frequently,Instagram stores,Utility,Fusion,"Jackets / shrugs, Handbags, Laptop sleeves / utility pouches",Tote bag,Cushion covers,Heavy embroidery,Strong mirror work,Earth tones,Weddings,Below 500,2000-4000,Below 500,Strongly yes,Buy 2 Get 1,No,Return policy,4,No,Likely
Above 50,Female,Tier 1,Maharashtra,Student,25000-50000,Never,Retail stores,Brand,Depends on product,Laptop sleeves / utility pouches,Tote bag,Wall décor textile,Minimal embroidery,Light mirror work,Pastel shades,Weddings,Above 2000,1000-2000,Below 500,Strongly yes,Festival combo pack,Depends on reviews,Reviews,5,No,Unsure
Above 50,Female,Tier 2,Maharashtra,Student,25000-50000,Never,Online marketplaces,Utility,Fusion,"Laptop sleeves / utility pouches, Jackets / shrugs, Cushion covers",Office handbag,Decorative organizers,Heavy embroidery,Strong mirror work,Pastel shades,Weddings,Above 2000,1000-2000,Below 500,Strongly yes,Festival combo pack,Depends on reviews,Product images,1,No,Likely
Above 50,Male,Metro,Rajasthan,Freelancer,Above 200000,Occasionally,Retail stores,Brand,Minimal modern,"Gift sets, Cushion covers, Jackets / shrugs",Sling bag,Decorative organizers,Heavy embroidery,Strong mirror work,Earth tones,Daily use,1000-2000,Above 4000,Above 3000,Strongly yes,Buy 2 Get 1,Depends on reviews,Reviews,3,No,Unsure
Above 50,Male,Tier 2,Telangana,Student,50000-100000,Frequently,Instagram stores,Brand,Depends on product,"Cushion covers, Gift sets, Handbags",Office handbag,Decorative organizers,Heavy embroidery,Light mirror work,Bright colors,Office use,Above 2000,Above 4000,500-1500,Strongly yes,Flat discount,No,Product images,5,Yes,Highly likely
Below 20,Male,Tier 1,Rajasthan,Freelancer,100000-200000,Occasionally,Instagram stores,Brand,Depends on product,Cushion covers,Tote bag,Table runners,Minimal embroidery,Light mirror work,Bright colors,Gifting,Above 2000,Below 1000,Below 500,Sometimes,Festival combo pack,Depends on reviews,Reviews,1,Yes,Very unlikely
Above 50,Female,Tier 1,Maharashtra,Freelancer,100000-200000,Rarely,Local exhibitions,Price,Minimal modern,"Cushion covers, Handbags, Gift sets",Office handbag,Table runners,Moderate embroidery,Strong mirror work,Earth tones,Festive use,500-1000,2000-4000,500-1500,Strongly yes,Flat discount,Depends on reviews,Product images,4,Yes,Highly likely
31-40,Male,Tier 1,Karnataka,Homemaker,25000-50000,Frequently,Online marketplaces,Utility,Traditional,Cushion covers,Office handbag,Table runners,Minimal embroidery,No mirror work,Pastel shades,Daily use,1000-2000,1000-2000,1500-3000,Sometimes,Festival combo pack,No,Brand story,5,No,Unlikely
41-50,Female,Tier 2,Gujarat,Other,50000-100000,Frequently,Local exhibitions,Authenticity,Fusion,"Handbags, Cushion covers, Laptop sleeves / utility pouches",Office handbag,Decorative organizers,Minimal embroidery,Light mirror work,Pastel shades,Gifting,500-1000,Above 4000,500-1500,No,Festival combo pack,Yes,Reviews,2,No,Unsure
Below 20,Male,Tier 2,Delhi,Business Owner,Below 25000,Rarely,During travel,Utility,Traditional,Handbags,Sling bag,Decorative organizers,Heavy embroidery,Strong mirror work,Pastel shades,Daily use,500-1000,Above 4000,1500-3000,No,Festival combo pack,Yes,Brand story,1,Yes,Unsure
21-30,Female,Tier 1,Karnataka,Salaried Employee,25000-50000,Occasionally,Online marketplaces,Price,Depends on product,"Jackets / shrugs, Gift sets",Office handbag,Decorative organizers,Moderate embroidery,Light mirror work,,Office use,Above 2000,1000-2000,Above 3000,Strongly yes,Free shipping,Depends on reviews,Return policy,3,Yes,Likely
21-30,Male,Tier 2,Rajasthan,Homemaker,50000-100000,Frequently,Instagram stores,Brand,Minimal modern,"Laptop sleeves / utility pouches, Cushion covers, Jackets / shrugs",Tote bag,Decorative organizers,Minimal embroidery,No mirror work,Pastel shades,Daily use,Above 2000,2000-4000,1500-3000,No,Festival combo pack,No,Reviews,3,Yes,Very unlikely
21-30,Female,Tier 2,Karnataka,Business Owner,Below 25000,Rarely,Online marketplaces,Utility,Minimal modern,"Jackets / shrugs, Laptop sleeves / utility pouches, Handbags",Clutch,Table runners,Moderate embroidery,Light mirror work,Earth tones,Daily use,1000-2000,2000-4000,500-1500,No,Free shipping,Depends on reviews,Return policy,4,No,Unlikely
Above 50,Female,Tier 3 / Rural,Karnataka,Student,Above 200000,Occasionally,During travel,Price,Traditional,"Handbags, Gift sets",Clutch,Wall décor textile,Minimal embroidery,Light mirror work,Pastel shades,Festive use,500-1000,Above 4000,Below 500,No,Buy 2 Get 1,No,Product images,2,Yes,Unlikely
Below 20,Female,Tier 2,Delhi,Student,25000-50000,Rarely,During travel,Authenticity,Fusion,"Gift sets, Jackets / shrugs",Sling bag,Decorative organizers,Moderate embroidery,No mirror work,Bright colors,Daily use,Above 2000,Below 1000,Above 3000,Sometimes,Festival combo pack,Yes,Brand story,1,No,Unlikely
41-50,Female,Tier 3 / Rural,Gujarat,Business Owner,25000-50000,Frequently,Instagram stores,Authenticity,Traditional,Cushion covers,Clutch,Cushion covers,Moderate embroidery,No mirror work,Pastel shades,Gifting,Below 500,Below 1000,Below 500,Strongly yes,Flat discount,Yes,Return policy,2,No,Likely
31-40,Male,Tier 2,Rajasthan,Salaried Employee,Above 200000,Occasionally,During travel,Authenticity,Traditional,Gift sets,Tote bag,Table runners,Minimal embroidery,No mirror work,Bright colors,Office use,1000-2000,Below 1000,Above 3000,Strongly yes,Free shipping,Depends on reviews,Return policy,3,Yes,Unlikely
31-40,Female,Tier 1,Rajasthan,Other,Below 25000,Never,Local exhibitions,Brand,Minimal modern,Gift sets,Tote bag,Decorative organizers,Heavy embroidery,Light mirror work,Black / neutral,Festive use,1000-2000,1000-2000,500-1500,No,Flat discount,No,Product images,2,Yes,Unsure
41-50,Female,Tier 1,Gujarat,Freelancer,100000-200000,Frequently,During travel,Price,Minimal modern,Laptop sleeves / utility pouches,Tote bag,Table runners,Heavy embroidery,Strong mirror work,Earth tones,Office use,Below 500,1000-2000,500-1500,No,Festival combo pack,Depends on reviews,Reviews,4,No,Unsure
Below 20,Male,Tier 3 / Rural,West Bengal,Homemaker,25000-50000,Rarely,Instagram stores,Design,Depends on product,"Jackets / shrugs, Cushion covers",Office handbag,Wall décor textile,Minimal embroidery,Strong mirror work,Bright colors,Festive use,500-1000,2000-4000,1500-3000,Sometimes,Festival combo pack,Yes,Return policy,2,No,Likely
21-30,Male,Tier 1,West Bengal,Homemaker,25000-50000,Frequently,Instagram stores,Utility,Traditional,Gift sets,Tote bag,Wall décor textile,Moderate embroidery,No mirror work,Bright colors,Daily use,Below 500,2000-4000,Above 3000,Sometimes,Buy 2 Get 1,No,Brand story,4,No,Very unlikely
Above 50,Female,Tier 2,Gujarat,Salaried Employee,50000-100000,Frequently,Online marketplaces,Authenticity,Fusion,Laptop sleeves / utility pouches,Clutch,Wall décor textile,Heavy embroidery,Strong mirror work,Black / neutral,Gifting,500-1000,Below 1000,Below 500,Sometimes,Festival combo pack,Depends on reviews,Return policy,5,No,Highly likely
31-40,Female,Metro,Gujarat,Freelancer,Below 25000,Rarely,Instagram stores,Utility,Minimal modern,Handbags,Tote bag,Cushion covers,Moderate embroidery,Light mirror work,Bright colors,Weddings,500-1000,Below 1000,Below 500,Strongly yes,Festival combo pack,Yes,Reviews,5,No,Highly likely
Above 50,Female,Tier 2,Maharashtra,Salaried Employee,Above 200000,Occasionally,Retail stores,Brand,Fusion,Gift sets,Clutch,Decorative organizers,Heavy embroidery,No mirror work,Pastel shades,Festive use,500-1000,Above 4000,1500-3000,No,Free shipping,Depends on reviews,Brand story,3,No,Unsure
41-50,Male,Tier 2,Karnataka,Other,Above 200000,Frequently,Online marketplaces,Brand,Fusion,"Gift sets, Laptop sleeves / utility pouches",Clutch,Table runners,Heavy embroidery,Light mirror work,Bright colors,Festive use,1000-2000,Above 4000,1500-3000,Sometimes,Flat discount,Depends on reviews,Product images,4,Yes,Likely
31-40,Male,Metro,Karnataka,Salaried Employee,Below 25000,Rarely,During travel,Brand,Fusion,"Jackets / shrugs, Cushion covers",Office handbag,Cushion covers,Heavy embroidery,No mirror work,Pastel shades,Weddings,Above 2000,1000-2000,Above 3000,Strongly yes,Free shipping,Yes,Product images,3,No,Very unlikely
21-30,Female,Metro,Delhi,Homemaker,25000-50000,Occasionally,Online marketplaces,Utility,Depends on product,Jackets / shrugs,Clutch,Cushion covers,Minimal embroidery,Light mirror work,Bright colors,Weddings,500-1000,Below 1000,Above 3000,Strongly yes,Festival combo pack,No,Product images,2,No,Unlikely
21-30,Male,Metro,Karnataka,Homemaker,50000-100000,Frequently,Instagram stores,Brand,Traditional,"Cushion covers, Laptop sleeves / utility pouches, Gift sets",Tote bag,Cushion covers,Moderate embroidery,Light mirror work,Black / neutral,Festive use,Below 500,2000-4000,Above 3000,Strongly yes,Buy 2 Get 1,Depends on reviews,Brand story,5,Yes,Highly likely
31-40,Female,Tier 3 / Rural,Karnataka,Student,25000-50000,Frequently,Online marketplaces,Authenticity,Minimal modern,Jackets / shrugs,Tote bag,Decorative organizers,Moderate embroidery,No mirror work,Pastel shades,Weddings,1000-2000,1000-2000,500-1500,No,Buy 2 Get 1,Depends on reviews,Reviews,2,Yes,Very unlikely
41-50,Female,Tier 2,Rajasthan,Homemaker,Above 200000,Frequently,Online marketplaces,Design,Traditional,"Cushion covers, Handbags, Gift sets",Clutch,Decorative organizers,Moderate embroidery,No mirror work,Black / neutral,Weddings,Below 500,Above 4000,1500-3000,Strongly yes,Flat discount,Depends on reviews,Product images,2,Yes,Unsure
Below 20,Female,Tier 3 / Rural,Gujarat,Other,25000-50000,Never,Instagram stores,Brand,Depends on product,Cushion covers,Office handbag,Table runners,Heavy embroidery,Strong mirror work,Black / neutral,Gifting,500-1000,2000-4000,Below 500,No,Festival combo pack,Yes,Brand story,5,Yes,Unsure
21-30,Female,Tier 1,Maharashtra,Business Owner,Below 25000,Rarely,During travel,Utility,Minimal modern,"Cushion covers, Jackets / shrugs, Handbags",Office handbag,Table runners,Heavy embroidery,Light mirror work,Pastel shades,Weddings,1000-2000,1000-2000,1500-3000,Sometimes,Flat discount,Depends on reviews,Product images,4,Yes,Likely
Below 20,Female,Tier 1,Karnataka,Salaried Employee,100000-200000,Occasionally,Local exhibitions,Price,Fusion,"Laptop sleeves / utility pouches, Handbags, Gift sets",Clutch,Table runners,Heavy embroidery,Strong mirror work,Pastel shades,Weddings,500-1000,1000-2000,Above 3000,Sometimes,Buy 2 Get 1,Yes,Brand story,5,Yes,Unlikely
21-30,Male,Metro,Gujarat,Homemaker,50000-100000,Rarely,Retail stores,Design,Depends on product,"Cushion covers, Handbags",Sling bag,Table runners,Heavy embroidery,Strong mirror work,Bright colors,Daily use,Below 500,Below 1000,1500-3000,Strongly yes,Festival combo pack,No,Return policy,2,No,Unlikely
Above 50,Female,Tier 1,Karnataka,Homemaker,Below 25000,Occasionally,Online marketplaces,Authenticity,Fusion,"Gift sets, Handbags",Clutch,Decorative organizers,Heavy embroidery,Strong mirror work,Pastel shades,Office use,500-1000,Below 1000,1500-3000,Sometimes,Free shipping,Yes,Brand story,3,No,Likely
41-50,Male,Metro,Tamil Nadu,Other,25000-50000,Rarely,Online marketplaces,Utility,Minimal modern,"Jackets / shrugs, Laptop sleeves / utility pouches",Sling bag,Table runners,Heavy embroidery,Strong mirror work,Black / neutral,Weddings,Above 2000,1000-2000,500-1500,Strongly yes,Flat discount,Depends on reviews,Product images,2,Yes,Unlikely
41-50,Female,Tier 2,Karnataka,Homemaker,Above 200000,Frequently,Retail stores,Brand,Depends on product,"Gift sets, Jackets / shrugs",Tote bag,Table runners,Heavy embroidery,No mirror work,Bright colors,Weddings,Below 500,2000-4000,Below 500,Strongly yes,Free shipping,Yes,Reviews,4,No,Highly likely
Above 50,Female,Tier 1,Gujarat,Homemaker,50000-100000,Occasionally,Online marketplaces,Brand,Fusion,"Gift sets, Laptop sleeves / utility pouches",Tote bag,Decorative organizers,Heavy embroidery,Strong mirror work,Black / neutral,Office use,1000-2000,Above 4000,500-1500,No,Flat discount,No,Reviews,5,No,Unlikely
31-40,Female,Tier 2,Gujarat,Student,100000-200000,Rarely,During travel,Brand,Depends on product,Cushion covers,Tote bag,Cushion covers,Heavy embroidery,Light mirror work,Pastel shades,Gifting,Below 500,2000-4000,Above 3000,Strongly yes,Buy 2 Get 1,Yes,Brand story,4,Yes,Unsure
41-50,Female,Tier 3 / Rural,Karnataka,Salaried Employee,Above 200000,Occasionally,During travel,Price,Depends on product,Handbags,Clutch,Wall décor textile,Heavy embroidery,Strong mirror work,Pastel shades,Daily use,1000-2000,Below 1000,Below 500,Sometimes,Buy 2 Get 1,Depends on reviews,Reviews,1,Yes,Very unlikely
Above 50,Female,Metro,Telangana,Business Owner,25000-50000,Frequently,Online marketplaces,Price,Traditional,"Handbags, Jackets / shrugs, Cushion covers",Tote bag,Decorative organizers,Minimal embroidery,Light mirror work,Black / neutral,Daily use,500-1000,Below 1000,1500-3000,Strongly yes,Free shipping,No,Reviews,5,Yes,Highly likely
Below 20,Female,Tier 3 / Rural,Karnataka,Other,Below 25000,Rarely,During travel,Design,Depends on product,"Laptop sleeves / utility pouches, Cushion covers",Tote bag,Decorative organizers,Heavy embroidery,Light mirror work,Black / neutral,Gifting,500-1000,1000-2000,1500-3000,Sometimes,Flat discount,Depends on reviews,Product images,3,No,Unlikely
31-40,Female,Metro,West Bengal,Salaried Employee,25000-50000,Occasionally,During travel,Price,Minimal modern,"Laptop sleeves / utility pouches, Cushion covers, Handbags",Office handbag,Table runners,Heavy embroidery,Strong mirror work,Earth tones,Office use,500-1000,1000-2000,Above 3000,No,Festival combo pack,Yes,Brand story,2,No,Unlikely
31-40,Male,Metro,Tamil Nadu,Homemaker,50000-100000,Never,Instagram stores,Utility,Depends on product,"Gift sets, Jackets / shrugs",Tote bag,Decorative organizers,Moderate embroidery,Strong mirror work,Earth tones,Gifting,1000-2000,2000-4000,Below 500,Strongly yes,Free shipping,Yes,Return policy,3,No,Unsure
31-40,Male,Tier 3 / Rural,Tamil Nadu,Salaried Employee,100000-200000,Rarely,Retail stores,Authenticity,Traditional,"Jackets / shrugs, Laptop sleeves / utility pouches",Clutch,Decorative organizers,Heavy embroidery,Strong mirror work,Earth tones,Office use,Above 2000,2000-4000,Above 3000,Sometimes,Flat discount,No,Reviews,3,No,Very unlikely
Below 20,Male,Tier 3 / Rural,Delhi,Business Owner,100000-200000,Never,Instagram stores,Brand,Traditional,"Jackets / shrugs, Handbags, Gift sets",Tote bag,Wall décor textile,Moderate embroidery,Light mirror work,Pastel shades,Office use,Above 2000,Above 4000,Below 500,Strongly yes,Free shipping,Depends on reviews,Return policy,5,No,Likely
Above 50,Female,Tier 2,West Bengal,Freelancer,100000-200000,Frequently,Online marketplaces,Utility,Traditional,"Handbags, Cushion covers",Clutch,Decorative organizers,Minimal embroidery,No mirror work,Bright colors,Weddings,Below 500,Below 1000,1500-3000,No,Festival combo pack,Yes,Brand story,5,Yes,Highly likely
21-30,Prefer not to say,Metro,Rajasthan,Homemaker,Above 200000,Frequently,Instagram stores,Utility,Fusion,"Jackets / shrugs, Cushion covers, Laptop sleeves / utility pouches",Tote bag,Wall décor textile,Moderate embroidery,No mirror work,Earth tones,Gifting,500-1000,2000-4000,Above 3000,Sometimes,Free shipping,Yes,Product images,3,No,Unsure
Above 50,Female,Tier 2,Gujarat,Business Owner,50000-100000,Rarely,Online marketplaces,Authenticity,Traditional,"Cushion covers, Laptop sleeves / utility pouches",Sling bag,Decorative organizers,Minimal embroidery,Strong mirror work,Bright colors,Daily use,Below 500,2000-4000,1500-3000,Sometimes,Buy 2 Get 1,No,Brand story,3,Yes,Likely
31-40,Female,Tier 3 / Rural,Delhi,Freelancer,50000-100000,Rarely,During travel,Price,Traditional,"Laptop sleeves / utility pouches, Jackets / shrugs, Handbags",Sling bag,Cushion covers,Moderate embroidery,Strong mirror work,Earth tones,Office use,Above 2000,Above 4000,Below 500,Sometimes,Buy 2 Get 1,No,Return policy,1,No,Unsure
Above 50,Female,Metro,Rajasthan,Other,Below 25000,Occasionally,Instagram stores,Design,Fusion,Gift sets,Office handbag,Decorative organizers,Minimal embroidery,Light mirror work,Earth tones,Office use,1000-2000,1000-2000,Above 3000,Sometimes,Free shipping,Yes,Reviews,2,Yes,Highly likely
31-40,Male,Tier 1,Delhi,Salaried Employee,Above 200000,Occasionally,Online marketplaces,Brand,Minimal modern,"Handbags, Cushion covers, Gift sets",Clutch,Decorative organizers,Minimal embroidery,Light mirror work,Black / neutral,Daily use,1000-2000,Below 1000,Above 3000,No,Flat discount,Depends on reviews,Reviews,5,No,Unsure
31-40,Male,Tier 3 / Rural,Delhi,Homemaker,100000-200000,Rarely,Retail stores,Design,Fusion,"Handbags, Cushion covers",Clutch,Table runners,Minimal embroidery,Strong mirror work,Pastel shades,Office use,Below 500,Above 4000,1500-3000,Sometimes,Flat discount,Depends on reviews,Product images,3,No,Very unlikely
Above 50,Male,Tier 2,Telangana,Student,50000-100000,Frequently,Retail stores,Price,Traditional,"Jackets / shrugs, Handbags",Clutch,Wall décor textile,Heavy embroidery,No mirror work,Bright colors,Daily use,500-1000,1000-2000,1500-3000,No,Festival combo pack,Depends on reviews,Return policy,1,Yes,Unsure
Below 20,Female,Tier 3 / Rural,Rajasthan,Homemaker,25000-50000,Never,During travel,Authenticity,Traditional,Jackets / shrugs,Tote bag,Wall décor textile,Minimal embroidery,Strong mirror work,Bright colors,Festive use,Below 500,1000-2000,1500-3000,No,Free shipping,No,Reviews,1,No,Likely
41-50,Female,Tier 1,Karnataka,Student,25000-50000,Never,Retail stores,Price,Minimal modern,"Handbags, Cushion covers",Sling bag,Table runners,Heavy embroidery,Strong mirror work,Pastel shades,Weddings,500-1000,Below 1000,Below 500,Strongly yes,Buy 2 Get 1,No,Product images,1,Yes,Likely
41-50,Female,Tier 1,Delhi,Freelancer,Above 200000,Never,Local exhibitions,Authenticity,Traditional,"Laptop sleeves / utility pouches, Gift sets",Tote bag,Decorative organizers,Minimal embroidery,Strong mirror work,Pastel shades,Gifting,500-1000,Below 1000,500-1500,No,Free shipping,Depends on reviews,Return policy,1,No,Unsure
Above 50,Male,Tier 2,Gujarat,Student,Below 25000,Occasionally,During travel,Design,Depends on product,Gift sets,Clutch,Table runners,Heavy embroidery,Strong mirror work,Earth tones,Office use,500-1000,Above 4000,Above 3000,Sometimes,Flat discount,Depends on reviews,Brand story,3,Yes,Unsure
31-40,Male,Tier 3 / Rural,Karnataka,Freelancer,Above 200000,Occasionally,During travel,Utility,Depends on product,"Gift sets, Handbags",Sling bag,Table runners,Moderate embroidery,Strong mirror work,Pastel shades,Daily use,500-1000,Above 4000,500-1500,Sometimes,Flat discount,Yes,Reviews,1,No,Highly likely
41-50,Female,Tier 2,Tamil Nadu,Business Owner,Above 200000,Rarely,Instagram stores,Price,Fusion,"Handbags, Laptop sleeves / utility pouches, Gift sets",Sling bag,Table runners,Minimal embroidery,No mirror work,Pastel shades,Gifting,Above 2000,Below 1000,Above 3000,Sometimes,Festival combo pack,Depends on reviews,Brand story,3,Yes,Highly likely
Below 20,Female,Metro,West Bengal,Salaried Employee,100000-200000,Never,During travel,Brand,Traditional,Jackets / shrugs,Clutch,Table runners,Heavy embroidery,No mirror work,Bright colors,Festive use,1000-2000,2000-4000,500-1500,Sometimes,Festival combo pack,Yes,Product images,5,No,Unsure
21-30,Male,Metro,Maharashtra,Freelancer,Above 200000,Never,During travel,Authenticity,Depends on product,"Laptop sleeves / utility pouches, Cushion covers",Tote bag,Cushion covers,Minimal embroidery,Light mirror work,Black / neutral,Festive use,500-1000,Above 4000,Below 500,No,Flat discount,Yes,Product images,4,Yes,Very unlikely
Below 20,Male,Tier 1,Gujarat,Student,Above 200000,Occasionally,Instagram stores,Price,Depends on product,Handbags,Sling bag,Cushion covers,Heavy embroidery,Strong mirror work,Earth tones,Weddings,Below 500,Below 1000,500-1500,No,Flat discount,Depends on reviews,Reviews,4,Yes,Unsure
21-30,Male,Tier 1,Gujarat,Business Owner,100000-200000,Rarely,During travel,Brand,Depends on product,Cushion covers,Sling bag,Decorative organizers,Heavy embroidery,Strong mirror work,Bright colors,Daily use,Above 2000,2000-4000,500-1500,No,Buy 2 Get 1,Yes,Reviews,4,Yes,Likely
41-50,Male,Tier 2,West Bengal,Business Owner,Above 200000,Occasionally,Retail stores,Utility,Traditional,"Laptop sleeves / utility pouches, Handbags",Sling bag,Cushion covers,Minimal embroidery,Strong mirror work,Earth tones,Weddings,Below 500,Below 1000,Below 500,Strongly yes,Free shipping,Yes,Return policy,2,Yes,Unlikely
21-30,Male,Tier 1,Gujarat,Other,Above 200000,Never,Retail stores,Authenticity,Traditional,Cushion covers,Tote bag,Decorative organizers,Heavy embroidery,Strong mirror work,Black / neutral,Office use,Below 500,2000-4000,Above 3000,Sometimes,Flat discount,Depends on reviews,Product images,1,No,Unsure
41-50,Male,Tier 1,Gujarat,Business Owner,25000-50000,Frequently,Online marketplaces,Price,Depends on product,Gift sets,Tote bag,Wall décor textile,Heavy embroidery,Light mirror work,Bright colors,Weddings,500-1000,Below 1000,Below 500,Strongly yes,Buy 2 Get 1,Yes,Reviews,4,No,Very unlikely
Above 50,Female,Tier 2,West Bengal,Business Owner,Below 25000,Occasionally,During travel,Authenticity,Fusion,"Handbags, Jackets / shrugs",Tote bag,Table runners,Minimal embroidery,Light mirror work,Bright colors,Daily use,1000-2000,1000-2000,Above 3000,No,Festival combo pack,Depends on reviews,Brand story,2,Yes,Unlikely
31-40,Female,Tier 2,West Bengal,Homemaker,100000-200000,Occasionally,Local exhibitions,Authenticity,Fusion,Cushion covers,Tote bag,Decorative organizers,Heavy embroidery,Strong mirror work,Bright colors,Gifting,1000-2000,Above 4000,500-1500,Strongly yes,Flat discount,No,Reviews,3,No,Unsure
Below 20,Female,Tier 1,Tamil Nadu,Student,100000-200000,Occasionally,During travel,Brand,Minimal modern,"Handbags, Cushion covers, Laptop sleeves / utility pouches",Clutch,Cushion covers,Minimal embroidery,Strong mirror work,Bright colors,Festive use,Below 500,Below 1000,500-1500,Strongly yes,Buy 2 Get 1,Yes,Brand story,2,No,Very unlikely
Above 50,Female,Tier 1,Maharashtra,Business Owner,100000-200000,Frequently,Retail stores,Price,Minimal modern,"Handbags, Gift sets",Tote bag,Decorative organizers,Heavy embroidery,Strong mirror work,Pastel shades,Daily use,Below 500,Below 1000,Below 500,Sometimes,Free shipping,Depends on reviews,Return policy,2,Yes,Very unlikely
21-30,Male,Tier 1,Gujarat,Business Owner,Below 25000,Occasionally,Online marketplaces,Authenticity,Minimal modern,Laptop sleeves / utility pouches,Sling bag,Decorative organizers,Heavy embroidery,Strong mirror work,Pastel shades,Weddings,1000-2000,Above 4000,Below 500,Sometimes,Festival combo pack,Yes,Reviews,5,Yes,Unsure
Below 20,Male,Tier 2,Delhi,Freelancer,25000-50000,Occasionally,Online marketplaces,Authenticity,Depends on product,Laptop sleeves / utility pouches,Office handbag,Decorative organizers,Minimal embroidery,Light mirror work,Earth tones,Gifting,Below 500,Below 1000,Below 500,Sometimes,Buy 2 Get 1,Depends on reviews,Reviews,3,No,Likely
Below 20,Female,Tier 2,Gujarat,Freelancer,Above 200000,Rarely,During travel,Brand,Depends on product,"Cushion covers, Gift sets",Tote bag,Table runners,Moderate embroidery,Light mirror work,Earth tones,Weddings,500-1000,2000-4000,500-1500,No,Flat discount,Depends on reviews,Reviews,4,Yes,Unsure
31-40,Female,Tier 3 / Rural,Karnataka,Freelancer,,Frequently,During travel,Design,Depends on product,"Handbags, Gift sets",Office handbag,Table runners,Heavy embroidery,Light mirror work,Earth tones,Weddings,Above 2000,2000-4000,Above 3000,Strongly yes,Flat discount,No,Product images,1,No,Unsure
Below 20,Female,Tier 2,Karnataka,Student,Below 25000,Never,Local exhibitions,Price,Traditional,Handbags,Sling bag,Wall décor textile,Moderate embroidery,Light mirror work,Earth tones,Weddings,500-1000,2000-4000,1500-3000,No,Festival combo pack,Depends on reviews,Reviews,4,Yes,Unlikely
31-40,Female,Tier 1,Gujarat,Salaried Employee,Above 200000,Frequently,Local exhibitions,Design,Minimal modern,"Cushion covers, Laptop sleeves / utility pouches, Jackets / shrugs",Sling bag,Cushion covers,Minimal embroidery,Strong mirror work,Earth tones,Daily use,Above 2000,Above 4000,500-1500,Sometimes,Festival combo pack,Depends on reviews,Brand story,1,Yes,Unlikely
Above 50,Male,Tier 2,Rajasthan,Salaried Employee,50000-100000,Frequently,Instagram stores,Utility,Depends on product,"Gift sets, Handbags",Sling bag,Cushion covers,Moderate embroidery,Light mirror work,Black / neutral,Office use,Above 2000,Below 1000,Below 500,No,Free shipping,No,Return policy,4,No,Likely
Below 20,Female,Metro,Rajasthan,Freelancer,50000-100000,Frequently,Online marketplaces,Utility,Traditional,"Handbags, Gift sets",Sling bag,Cushion covers,Heavy embroidery,No mirror work,Black / neutral,Gifting,Above 2000,Above 4000,500-1500,Sometimes,Free shipping,Depends on reviews,Brand story,4,Yes,Highly likely
31-40,Female,Metro,Rajasthan,Student,50000-100000,Frequently,Online marketplaces,Utility,Traditional,Jackets / shrugs,Sling bag,Decorative organizers,Moderate embroidery,No mirror work,Pastel shades,Festive use,Below 500,2000-4000,Above 3000,No,Free shipping,Yes,Brand story,5,No,Highly likely
Below 20,Female,Metro,Karnataka,Freelancer,Below 25000,Never,During travel,Utility,Minimal modern,Handbags,Office handbag,Cushion covers,Moderate embroidery,Strong mirror work,Pastel shades,Gifting,500-1000,2000-4000,500-1500,Strongly yes,Flat discount,No,Product images,4,No,Unsure
41-50,Male,Tier 2,Karnataka,Freelancer,Above 200000,Frequently,Retail stores,Utility,Fusion,"Handbags, Cushion covers, Jackets / shrugs",Office handbag,Wall décor textile,Minimal embroidery,No mirror work,Bright colors,Office use,Above 2000,Below 1000,1500-3000,Sometimes,Flat discount,Depends on reviews,Brand story,3,No,Unsure
Above 50,Male,Tier 3 / Rural,Gujarat,Freelancer,Below 25000,Occasionally,Instagram stores,Authenticity,Fusion,"Jackets / shrugs, Gift sets, Handbags",Office handbag,Wall décor textile,Moderate embroidery,Light mirror work,Bright colors,Gifting,1000-2000,Above 4000,Above 3000,Strongly yes,Buy 2 Get 1,Depends on reviews,Return policy,2,No,Likely
41-50,Female,Metro,Rajasthan,Homemaker,Above 200000,Rarely,Online marketplaces,Utility,Traditional,Laptop sleeves / utility pouches,Office handbag,Decorative organizers,Heavy embroidery,Light mirror work,Black / neutral,Gifting,500-1000,1000-2000,500-1500,Strongly yes,Festival combo pack,Yes,Product images,3,Yes,Very unlikely
41-50,Male,Tier 3 / Rural,Gujarat,Student,50000-100000,Never,During travel,Brand,Traditional,Gift sets,Clutch,Decorative organizers,Heavy embroidery,No mirror work,Black / neutral,Gifting,1000-2000,1000-2000,500-1500,No,Free shipping,Depends on reviews,Reviews,2,Yes,Likely
31-40,Female,Metro,Gujarat,Student,50000-100000,Rarely,Online marketplaces,Brand,Depends on product,"Laptop sleeves / utility pouches, Jackets / shrugs",Clutch,Table runners,Heavy embroidery,Light mirror work,Pastel shades,Gifting,500-1000,Above 4000,Above 3000,No,Festival combo pack,Depends on reviews,Return policy,1,Yes,Unsure
21-30,Female,Metro,Tamil Nadu,Business Owner,100000-200000,Rarely,Instagram stores,Brand,Depends on product,"Jackets / shrugs, Handbags",Tote bag,Wall décor textile,Minimal embroidery,Light mirror work,Black / neutral,Gifting,Below 500,1000-2000,1500-3000,Sometimes,Flat discount,No,Product images,3,Yes,Unsure
Above 50,Male,Metro,Rajasthan,Homemaker,Below 25000,Never,Local exhibitions,Brand,Traditional,"Gift sets, Cushion covers, Laptop sleeves / utility pouches",Office handbag,Decorative organizers,Minimal embroidery,Strong mirror work,Pastel shades,Festive use,Below 500,1000-2000,Below 500,Sometimes,Flat discount,Depends on reviews,Brand story,2,No,Unsure
Above 50,Male,Tier 2,Maharashtra,Business Owner,Below 25000,Occasionally,Online marketplaces,Price,Minimal modern,Handbags,Office handbag,Wall décor textile,Heavy embroidery,Light mirror work,Black / neutral,Gifting,500-1000,2000-4000,Above 3000,Sometimes,Festival combo pack,Depends on reviews,Reviews,2,No,Likely
Below 20,Female,Tier 2,Gujarat,Other,50000-100000,Never,Retail stores,Brand,Minimal modern,"Jackets / shrugs, Laptop sleeves / utility pouches",Tote bag,Cushion covers,Minimal embroidery,Light mirror work,Earth tones,Gifting,1000-2000,1000-2000,1500-3000,Strongly yes,Flat discount,No,Reviews,5,Yes,Very unlikely
Above 50,Male,Tier 1,Maharashtra,Student,100000-200000,Occasionally,During travel,Brand,Traditional,Jackets / shrugs,Clutch,Wall décor textile,Minimal embroidery,Strong mirror work,Earth tones,Weddings,Above 2000,2000-4000,1500-3000,Sometimes,Free shipping,Yes,Reviews,4,Yes,Unlikely
31-40,Male,Tier 1,Karnataka,Student,25000-50000,Frequently,Local exhibitions,Design,Minimal modern,Jackets / shrugs,Clutch,Decorative organizers,Moderate embroidery,Light mirror work,Pastel shades,Office use,1000-2000,Below 1000,Above 3000,Sometimes,Free shipping,Depends on reviews,Brand story,1,Yes,Very unlikely
41-50,Female,Tier 3 / Rural,Telangana,Other,25000-50000,Never,Retail stores,Price,Traditional,Laptop sleeves / utility pouches,Office handbag,Decorative organizers,Moderate embroidery,No mirror work,Earth tones,Gifting,Below 500,Below 1000,Above 3000,No,Buy 2 Get 1,Depends on reviews,Product images,2,No,Unsure
Above 50,Female,Tier 2,Gujarat,Student,Above 200000,Rarely,Retail stores,Brand,Depends on product,"Handbags, Cushion covers, Laptop sleeves / utility pouches",Tote bag,Cushion covers,Minimal embroidery,Strong mirror work,Black / neutral,Office use,Below 500,1000-2000,Below 500,Strongly yes,Festival combo pack,Depends on reviews,Return policy,4,No,Unsure
Below 20,Female,Metro,Karnataka,Student,Below 25000,Frequently,Online marketplaces,Authenticity,Traditional,Jackets / shrugs,Tote bag,Wall décor textile,Minimal embroidery,Strong mirror work,Bright colors,Weddings,500-1000,2000-4000,Below 500,Strongly yes,Festival combo pack,Yes,Return policy,2,Yes,Unlikely
31-40,Male,Tier 3 / Rural,Maharashtra,Student,Above 200000,Never,Instagram stores,Design,Depends on product,Laptop sleeves / utility pouches,Tote bag,Cushion covers,Minimal embroidery,No mirror work,Earth tones,Gifting,1000-2000,1000-2000,500-1500,Strongly yes,Festival combo pack,Depends on reviews,Reviews,4,No,Unlikely
41-50,Male,Tier 3 / Rural,West Bengal,Other,50000-100000,Rarely,During travel,Price,Fusion,Handbags,Sling bag,Cushion covers,Moderate embroidery,No mirror work,Bright colors,Daily use,Below 500,Above 4000,1500-3000,Sometimes,Free shipping,Yes,Return policy,2,No,Likely
31-40,Male,Tier 1,West Bengal,Other,50000-100000,Never,Local exhibitions,Brand,Fusion,"Handbags, Jackets / shrugs",Tote bag,Table runners,Minimal embroidery,Strong mirror work,Pastel shades,Gifting,Above 2000,2000-4000,Above 3000,No,Buy 2 Get 1,No,Return policy,5,Yes,Very unlikely
21-30,Male,Tier 3 / Rural,Telangana,Homemaker,Below 25000,Frequently,Retail stores,Utility,Depends on product,"Jackets / shrugs, Handbags, Cushion covers",Sling bag,Cushion covers,Moderate embroidery,Light mirror work,Earth tones,Office use,500-1000,1000-2000,Below 500,Strongly yes,Buy 2 Get 1,Yes,Return policy,4,No,Likely
Above 50,Male,Tier 1,Maharashtra,Homemaker,Below 25000,Rarely,Retail stores,Brand,Traditional,Laptop sleeves / utility pouches,Office handbag,Table runners,Moderate embroidery,Strong mirror work,Bright colors,Gifting,1000-2000,1000-2000,1500-3000,No,Festival combo pack,No,Product images,5,No,Unsure
41-50,Female,Tier 1,Karnataka,Business Owner,25000-50000,Frequently,During travel,Authenticity,Fusion,"Laptop sleeves / utility pouches, Cushion covers",Tote bag,Cushion covers,Heavy embroidery,No mirror work,Black / neutral,Weddings,1000-2000,Above 4000,500-1500,No,Flat discount,No,Brand story,3,Yes,Unsure
21-30,Female,Tier 2,Gujarat,Other,25000-50000,Occasionally,During travel,Brand,Traditional,"Jackets / shrugs, Gift sets",Tote bag,Decorative organizers,Heavy embroidery,Light mirror work,Earth tones,Weddings,500-1000,Below 1000,Above 3000,Strongly yes,Flat discount,Yes,Return policy,4,No,Unlikely
Above 50,Female,Tier 2,Delhi,Salaried Employee,50000-100000,Rarely,Instagram stores,Brand,Traditional,Laptop sleeves / utility pouches,Tote bag,Decorative organizers,Moderate embroidery,Strong mirror work,Bright colors,Office use,500-1000,Below 1000,500-1500,Strongly yes,Free shipping,Depends on reviews,Brand story,2,No,Likely
31-40,Male,Tier 3 / Rural,Tamil Nadu,Freelancer,100000-200000,Occasionally,Retail stores,Design,Traditional,Gift sets,Clutch,Cushion covers,Minimal embroidery,Strong mirror work,Earth tones,Office use,500-1000,2000-4000,1500-3000,Strongly yes,Festival combo pack,Yes,Product images,3,Yes,Likely
31-40,Female,Metro,Telangana,Business Owner,100000-200000,Occasionally,Instagram stores,Utility,Traditional,Cushion covers,Tote bag,Decorative organizers,Moderate embroidery,Light mirror work,Bright colors,Office use,1000-2000,2000-4000,500-1500,Strongly yes,Flat discount,Yes,Reviews,4,Yes,Unsure
Above 50,Male,Tier 2,Gujarat,Student,50000-100000,Frequently,Online marketplaces,Utility,Fusion,Cushion covers,Clutch,Table runners,Heavy embroidery,Light mirror work,Black / neutral,Festive use,Above 2000,Above 4000,500-1500,Sometimes,Festival combo pack,Depends on reviews,Return policy,3,Yes,Unlikely
41-50,Male,Tier 2,Delhi,Student,25000-50000,Frequently,During travel,Design,Traditional,Laptop sleeves / utility pouches,Clutch,Table runners,Moderate embroidery,Light mirror work,Bright colors,Daily use,1000-2000,2000-4000,500-1500,Sometimes,Flat discount,Yes,Return policy,4,Yes,Likely
Above 50,Female,Tier 3 / Rural,Gujarat,Homemaker,50000-100000,Never,Online marketplaces,Design,Fusion,"Jackets / shrugs, Handbags",Tote bag,Decorative organizers,Moderate embroidery,Strong mirror work,Earth tones,Weddings,Above 2000,Above 4000,1500-3000,Strongly yes,Free shipping,No,Brand story,5,No,Likely
31-40,Male,Metro,Rajasthan,Business Owner,100000-200000,Occasionally,Local exhibitions,Utility,Traditional,Cushion covers,Sling bag,Wall décor textile,Minimal embroidery,No mirror work,Bright colors,Office use,Above 2000,Above 4000,Above 3000,Strongly yes,Buy 2 Get 1,Yes,Return policy,3,Yes,Unlikely
21-30,Female,Tier 1,Karnataka,Salaried Employee,50000-100000,Never,Retail stores,Utility,Depends on product,"Handbags, Cushion covers, Jackets / shrugs",Clutch,Wall décor textile,Heavy embroidery,Light mirror work,Bright colors,Office use,Above 2000,2000-4000,500-1500,No,Free shipping,Depends on reviews,Product images,5,Yes,Unsure
31-40,Female,Tier 2,Maharashtra,Homemaker,100000-200000,Never,Local exhibitions,Design,Traditional,Laptop sleeves / utility pouches,Sling bag,Wall décor textile,Heavy embroidery,Light mirror work,Earth tones,Weddings,Below 500,1000-2000,500-1500,Strongly yes,Free shipping,Yes,Product images,2,Yes,Very unlikely
31-40,Female,Metro,Tamil Nadu,Student,25000-50000,Occasionally,During travel,Utility,Fusion,Gift sets,Office handbag,Wall décor textile,Minimal embroidery,Strong mirror work,Pastel shades,Gifting,500-1000,Above 4000,Above 3000,Strongly yes,Festival combo pack,Depends on reviews,Return policy,3,Yes,Unlikely
Above 50,Prefer not to say,Tier 2,Delhi,Salaried Employee,Above 200000,Never,Instagram stores,Utility,Depends on product,Gift sets,Sling bag,Wall décor textile,Minimal embroidery,Strong mirror work,Bright colors,Gifting,Below 500,2000-4000,500-1500,Sometimes,Flat discount,Yes,Brand story,3,No,Very unlikely
Below 20,Female,Tier 3 / Rural,Maharashtra,Salaried Employee,Below 25000,Occasionally,Online marketplaces,Utility,Fusion,"Gift sets, Laptop sleeves / utility pouches, Jackets / shrugs",Clutch,Wall décor textile,Moderate embroidery,Light mirror work,Earth tones,Gifting,1000-2000,Below 1000,500-1500,Strongly yes,Buy 2 Get 1,Yes,Return policy,3,Yes,Likely
31-40,Female,Tier 3 / Rural,Karnataka,Other,25000-50000,Never,During travel,Utility,Traditional,Laptop sleeves / utility pouches,Sling bag,Table runners,Minimal embroidery,No mirror work,Bright colors,Daily use,Below 500,Above 4000,1500-3000,No,Buy 2 Get 1,Yes,Product images,1,No,Unlikely
Below 20,Male,Tier 1,Telangana,Homemaker,Above 200000,Never,Instagram stores,Utility,Minimal modern,"Jackets / shrugs, Gift sets, Cushion covers",Tote bag,Decorative organizers,Heavy embroidery,No mirror work,Pastel shades,Daily use,500-1000,2000-4000,Below 500,Sometimes,Festival combo pack,Yes,Reviews,2,No,Highly likely
Above 50,Female,Metro,Delhi,Freelancer,Above 200000,Frequently,Local exhibitions,Utility,Fusion,"Gift sets, Jackets / shrugs",Sling bag,Table runners,Minimal embroidery,No mirror work,Earth tones,Gifting,1000-2000,Above 4000,500-1500,Strongly yes,Free shipping,Yes,Brand story,3,No,Likely
21-30,Female,Metro,Rajasthan,Homemaker,Below 25000,Rarely,Online marketplaces,Design,Minimal modern,Cushion covers,Office handbag,Decorative organizers,Minimal embroidery,Light mirror work,Earth tones,Gifting,Above 2000,2000-4000,500-1500,Sometimes,Buy 2 Get 1,Depends on reviews,Reviews,3,No,Very unlikely
41-50,Female,Tier 3 / Rural,Delhi,Salaried Employee,100000-200000,Rarely,Local exhibitions,Design,Fusion,"Handbags, Jackets / shrugs",Clutch,Table runners,Minimal embroidery,No mirror work,Black / neutral,Gifting,Below 500,1000-2000,500-1500,No,Free shipping,Yes,Product images,3,Yes,Unsure
31-40,Male,Tier 2,Telangana,Student,Above 200000,Never,Local exhibitions,Price,Depends on product,"Jackets / shrugs, Gift sets",Tote bag,Wall décor textile,Moderate embroidery,Strong mirror work,Pastel shades,Gifting,Above 2000,Below 1000,Above 3000,Sometimes,Flat discount,Depends on reviews,Brand story,4,Yes,Unlikely
41-50,Female,Tier 3 / Rural,Maharashtra,Salaried Employee,Below 25000,Frequently,Instagram stores,Utility,Traditional,"Laptop sleeves / utility pouches, Handbags, Cushion covers",Sling bag,Table runners,Heavy embroidery,Light mirror work,Earth tones,Office use,1000-2000,Above 4000,1500-3000,Strongly yes,Festival combo pack,Depends on reviews,Brand story,1,No,Likely
Above 50,Female,Tier 2,Tamil Nadu,Other,25000-50000,Rarely,During travel,Design,Traditional,Handbags,Office handbag,Cushion covers,Minimal embroidery,Light mirror work,Bright colors,Daily use,Above 2000,Below 1000,1500-3000,No,Flat discount,Yes,Brand story,4,Yes,Unlikely
Below 20,Female,Tier 2,Delhi,Business Owner,25000-50000,Occasionally,Local exhibitions,Price,Minimal modern,"Gift sets, Laptop sleeves / utility pouches",Tote bag,Cushion covers,Moderate embroidery,No mirror work,Pastel shades,Festive use,1000-2000,2000-4000,1500-3000,No,Flat discount,No,Return policy,4,No,Likely
41-50,Female,Tier 1,Gujarat,Student,25000-50000,Never,Local exhibitions,Utility,Depends on product,"Handbags, Jackets / shrugs, Laptop sleeves / utility pouches",Clutch,Table runners,Heavy embroidery,No mirror work,Earth tones,Office use,500-1000,1000-2000,Above 3000,Sometimes,Buy 2 Get 1,No,Reviews,2,Yes,Unlikely
21-30,Female,Tier 3 / Rural,Delhi,Student,100000-200000,Rarely,During travel,Authenticity,Fusion,"Laptop sleeves / utility pouches, Jackets / shrugs",Office handbag,Table runners,Moderate embroidery,No mirror work,Earth tones,Gifting,Above 2000,2000-4000,Below 500,Strongly yes,Festival combo pack,Yes,Brand story,3,No,Unlikely
41-50,Female,Metro,Maharashtra,Business Owner,Below 25000,Never,Local exhibitions,Design,Traditional,Handbags,Sling bag,Wall décor textile,Minimal embroidery,Light mirror work,Pastel shades,Gifting,Above 2000,1000-2000,Below 500,Strongly yes,Free shipping,No,Reviews,3,No,Very unlikely
21-30,Male,Metro,Rajasthan,Business Owner,50000-100000,Rarely,Instagram stores,Brand,Minimal modern,"Jackets / shrugs, Laptop sleeves / utility pouches, Gift sets",Tote bag,Decorative organizers,Minimal embroidery,No mirror work,Earth tones,Weddings,500-1000,Above 4000,Below 500,Sometimes,Festival combo pack,No,Return policy,2,No,Unlikely
21-30,Female,Tier 3 / Rural,Delhi,Student,Above 200000,Never,Online marketplaces,Price,Traditional,"Handbags, Laptop sleeves / utility pouches, Gift sets",Office handbag,Wall décor textile,Heavy embroidery,Strong mirror work,Bright colors,Festive use,Above 2000,Below 1000,500-1500,Strongly yes,Free shipping,Depends on reviews,Return policy,2,No,Unlikely
31-40,Male,Metro,Telangana,Homemaker,50000-100000,Rarely,During travel,Utility,Depends on product,"Gift sets, Cushion covers, Jackets / shrugs",Tote bag,Decorative organizers,Heavy embroidery,No mirror work,Pastel shades,Weddings,Below 500,Above 4000,1500-3000,Sometimes,Free shipping,Yes,Brand story,2,Yes,Unsure
41-50,Male,Tier 3 / Rural,West Bengal,Homemaker,Below 25000,Occasionally,Instagram stores,Brand,Fusion,"Jackets / shrugs, Laptop sleeves / utility pouches",Sling bag,Cushion covers,Heavy embroidery,Strong mirror work,Earth tones,Office use,Above 2000,Above 4000,1500-3000,Strongly yes,Flat discount,No,Brand story,2,Yes,Very unlikely
31-40,Male,Tier 2,Telangana,Student,Above 200000,Never,Instagram stores,Price,Depends on product,"Gift sets, Laptop sleeves / utility pouches",Sling bag,Wall décor textile,Heavy embroidery,Light mirror work,Pastel shades,Gifting,Below 500,Above 4000,Above 3000,No,Festival combo pack,Depends on reviews,Brand story,1,Yes,Unlikely
Below 20,Male,Tier 3 / Rural,Delhi,Business Owner,Above 200000,Rarely,Local exhibitions,Utility,Fusion,"Gift sets, Cushion covers",Clutch,Table runners,Moderate embroidery,Strong mirror work,Earth tones,Weddings,Above 2000,1000-2000,1500-3000,Strongly yes,Flat discount,No,Reviews,2,No,Unsure
31-40,Male,Tier 2,Delhi,Other,25000-50000,Frequently,Local exhibitions,Authenticity,Depends on product,Cushion covers,Office handbag,Table runners,Minimal embroidery,Strong mirror work,Earth tones,Gifting,500-1000,1000-2000,Above 3000,Sometimes,Flat discount,Yes,Reviews,2,Yes,Unlikely
Above 50,Female,Tier 1,Gujarat,Other,Below 25000,Rarely,Online marketplaces,Brand,Fusion,Handbags,Clutch,Table runners,Moderate embroidery,Light mirror work,Black / neutral,Daily use,Below 500,Above 4000,500-1500,Sometimes,Flat discount,No,Reviews,3,No,Highly likely
Below 20,Female,Tier 3 / Rural,Delhi,Other,Above 200000,Rarely,Retail stores,Brand,Traditional,"Cushion covers, Handbags, Laptop sleeves / utility pouches",Office handbag,Table runners,Minimal embroidery,Light mirror work,Bright colors,Daily use,1000-2000,Below 1000,1500-3000,No,Buy 2 Get 1,Yes,Brand story,1,No,Unlikely
41-50,Female,Tier 2,Delhi,Homemaker,Below 25000,Occasionally,During travel,Authenticity,Depends on product,Cushion covers,Clutch,Cushion covers,Moderate embroidery,No mirror work,Pastel shades,Gifting,Above 2000,1000-2000,Below 500,No,Flat discount,Yes,Product images,1,Yes,Unsure
31-40,Male,Tier 2,Rajasthan,Freelancer,100000-200000,Frequently,Local exhibitions,Design,Minimal modern,Jackets / shrugs,Office handbag,Wall décor textile,Minimal embroidery,No mirror work,Bright colors,Daily use,Below 500,Below 1000,Below 500,No,Flat discount,Yes,Reviews,4,Yes,Highly likely
41-50,Male,Tier 3 / Rural,Rajasthan,Other,Above 200000,Rarely,During travel,Authenticity,Fusion,"Handbags, Laptop sleeves / utility pouches, Cushion covers",Tote bag,Wall décor textile,Moderate embroidery,Strong mirror work,Black / neutral,Weddings,Below 500,Above 4000,500-1500,No,Buy 2 Get 1,No,Product images,5,Yes,Likely
21-30,Female,Metro,Karnataka,Business Owner,Above 200000,Never,During travel,Design,Fusion,Jackets / shrugs,Tote bag,Cushion covers,Moderate embroidery,No mirror work,Earth tones,Gifting,Above 2000,1000-2000,500-1500,Strongly yes,Buy 2 Get 1,Yes,Return policy,1,No,Very unlikely
Above 50,Male,Metro,Maharashtra,Freelancer,Below 25000,Frequently,Online marketplaces,Price,Minimal modern,Cushion covers,Tote bag,Wall décor textile,Heavy embroidery,Light mirror work,Pastel shades,Gifting,Above 2000,Above 4000,500-1500,No,Festival combo pack,Depends on reviews,Product images,2,Yes,Unsure
Above 50,Female,Metro,Tamil Nadu,Business Owner,50000-100000,Frequently,Local exhibitions,Brand,Traditional,"Jackets / shrugs, Cushion covers, Gift sets",Tote bag,Wall décor textile,Minimal embroidery,No mirror work,Earth tones,Weddings,Above 2000,1000-2000,500-1500,Strongly yes,Buy 2 Get 1,Depends on reviews,Brand story,5,Yes,Unsure
41-50,Male,Tier 1,Rajasthan,Business Owner,25000-50000,Frequently,Local exhibitions,Authenticity,Traditional,Gift sets,Sling bag,Wall décor textile,Minimal embroidery,No mirror work,Earth tones,Gifting,Below 500,Above 4000,Above 3000,Strongly yes,Flat discount,Depends on reviews,Return policy,4,No,Highly likely
21-30,Female,Tier 2,Maharashtra,Salaried Employee,Above 200000,Occasionally,Instagram stores,Design,Fusion,"Jackets / shrugs, Gift sets",Clutch,Table runners,Moderate embroidery,Light mirror work,Bright colors,Office use,Below 500,1000-2000,Above 3000,Sometimes,Festival combo pack,No,Brand story,5,Yes,Unsure
Above 50,Female,Tier 1,Maharashtra,Business Owner,100000-200000,Frequently,Online marketplaces,Price,Minimal modern,"Laptop sleeves / utility pouches, Cushion covers, Handbags",Sling bag,Cushion covers,Minimal embroidery,No mirror work,,Gifting,Below 500,Above 4000,Below 500,Sometimes,Flat discount,No,Product images,4,Yes,Likely
21-30,Prefer not to say,Tier 3 / Rural,Karnataka,Student,100000-200000,Never,Instagram stores,Utility,Fusion,Gift sets,Sling bag,Wall décor textile,Moderate embroidery,No mirror work,Pastel shades,Weddings,1000-2000,1000-2000,500-1500,No,Free shipping,Yes,Brand story,3,No,Unsure
Above 50,Female,Tier 3 / Rural,Telangana,Student,Above 200000,Rarely,During travel,Brand,Minimal modern,"Jackets / shrugs, Handbags, Laptop sleeves / utility pouches",Office handbag,Wall décor textile,Minimal embroidery,Strong mirror work,Earth tones,Weddings,Above 2000,2000-4000,1500-3000,Sometimes,Festival combo pack,Depends on reviews,Reviews,4,No,Likely
41-50,Female,Tier 2,Delhi,Student,50000-100000,Rarely,Retail stores,Authenticity,Minimal modern,"Cushion covers, Handbags, Gift sets",Tote bag,Decorative organizers,Heavy embroidery,Light mirror work,Earth tones,Festive use,500-1000,1000-2000,Below 500,No,Festival combo pack,No,Reviews,2,No,Very unlikely
Above 50,Female,Tier 2,West Bengal,Student,50000-100000,Rarely,Local exhibitions,Authenticity,Traditional,Gift sets,Office handbag,Wall décor textile,Heavy embroidery,Strong mirror work,Black / neutral,Gifting,500-1000,Below 1000,Above 3000,No,Flat discount,Depends on reviews,Product images,3,No,Unsure
21-30,Male,Metro,Gujarat,Homemaker,100000-200000,Rarely,During travel,Utility,Traditional,"Laptop sleeves / utility pouches, Jackets / shrugs, Handbags",Clutch,Decorative organizers,Moderate embroidery,No mirror work,Bright colors,Festive use,1000-2000,Below 1000,500-1500,No,Buy 2 Get 1,Yes,Brand story,1,No,Very unlikely
Above 50,Male,Metro,Telangana,Business Owner,Below 25000,Never,During travel,Utility,Minimal modern,"Handbags, Gift sets",Clutch,Cushion covers,Moderate embroidery,Strong mirror work,Earth tones,Gifting,1000-2000,2000-4000,Above 3000,Sometimes,Free shipping,No,Reviews,1,No,Unsure
41-50,Female,Tier 1,Delhi,Other,Above 200000,Occasionally,Online marketplaces,Brand,Traditional,"Laptop sleeves / utility pouches, Jackets / shrugs, Handbags",Sling bag,Table runners,Minimal embroidery,Strong mirror work,Pastel shades,Office use,1000-2000,2000-4000,500-1500,Sometimes,Festival combo pack,Yes,Reviews,2,Yes,Unlikely
Above 50,Female,Tier 1,Gujarat,Other,100000-200000,Frequently,Online marketplaces,Authenticity,Fusion,Handbags,Sling bag,Wall décor textile,Minimal embroidery,Strong mirror work,Bright colors,Weddings,1000-2000,Below 1000,1500-3000,Sometimes,Festival combo pack,Depends on reviews,Product images,2,No,Likely
41-50,Female,Tier 1,Telangana,Freelancer,Below 25000,Frequently,Online marketplaces,Utility,Fusion,Handbags,Clutch,Cushion covers,Heavy embroidery,Strong mirror work,Black / neutral,Festive use,Above 2000,Above 4000,Above 3000,Strongly yes,Buy 2 Get 1,No,Product images,2,Yes,Unlikely
Above 50,Female,Tier 2,Rajasthan,Other,100000-200000,Occasionally,Local exhibitions,Design,Depends on product,Handbags,Tote bag,Table runners,Moderate embroidery,Light mirror work,Bright colors,Festive use,Above 2000,Above 4000,Above 3000,Strongly yes,Festival combo pack,No,Product images,4,No,Unsure
41-50,Female,Tier 1,Delhi,Freelancer,50000-100000,Frequently,Instagram stores,Price,Fusion,"Handbags, Jackets / shrugs, Laptop sleeves / utility pouches",Sling bag,Decorative organizers,Moderate embroidery,Strong mirror work,Bright colors,Festive use,1000-2000,2000-4000,1500-3000,No,Free shipping,Yes,Reviews,1,No,Likely
41-50,Female,Tier 3 / Rural,Gujarat,Business Owner,100000-200000,Never,Online marketplaces,Design,Depends on product,Handbags,Tote bag,Table runners,Moderate embroidery,Strong mirror work,Pastel shades,Gifting,Above 2000,Above 4000,Below 500,Strongly yes,Free shipping,Yes,Product images,5,Yes,Highly likely
Above 50,Male,Tier 1,Maharashtra,Business Owner,100000-200000,Occasionally,Online marketplaces,Authenticity,Depends on product,"Gift sets, Jackets / shrugs",Sling bag,Cushion covers,Moderate embroidery,No mirror work,Earth tones,Festive use,1000-2000,1000-2000,Below 500,Strongly yes,Festival combo pack,Depends on reviews,Return policy,4,No,Unlikely
41-50,Male,Tier 2,Gujarat,Business Owner,Above 200000,Never,During travel,Design,Minimal modern,Cushion covers,Office handbag,Wall décor textile,Minimal embroidery,Strong mirror work,Bright colors,Weddings,500-1000,2000-4000,Below 500,Strongly yes,Festival combo pack,Depends on reviews,Brand story,2,No,Likely
31-40,Female,Tier 2,Rajasthan,Freelancer,25000-50000,Never,Instagram stores,Design,Depends on product,Cushion covers,Clutch,Table runners,Minimal embroidery,Light mirror work,Bright colors,Weddings,500-1000,1000-2000,500-1500,Strongly yes,Flat discount,Depends on reviews,Brand story,4,Yes,Unsure
Below 20,Male,Tier 3 / Rural,Gujarat,Other,50000-100000,Never,Instagram stores,Brand,Minimal modern,"Cushion covers, Gift sets",Clutch,Wall décor textile,Heavy embroidery,Strong mirror work,Bright colors,Festive use,Above 2000,2000-4000,Below 500,No,Buy 2 Get 1,No,Product images,5,Yes,Unsure
31-40,Female,Tier 1,West Bengal,Business Owner,25000-50000,Never,Local exhibitions,Authenticity,Fusion,Handbags,Clutch,Cushion covers,Minimal embroidery,Light mirror work,Black / neutral,Office use,1000-2000,1000-2000,500-1500,Strongly yes,Flat discount,Depends on reviews,Return policy,5,No,Likely
Above 50,Female,Tier 2,Gujarat,Business Owner,25000-50000,Frequently,During travel,Design,Fusion,"Cushion covers, Handbags",Clutch,Table runners,Minimal embroidery,Light mirror work,Bright colors,Office use,Below 500,1000-2000,500-1500,Sometimes,Festival combo pack,Yes,Brand story,3,Yes,Very unlikely
Below 20,Female,Tier 3 / Rural,Maharashtra,Salaried Employee,100000-200000,Frequently,Local exhibitions,Brand,Traditional,"Cushion covers, Laptop sleeves / utility pouches",Sling bag,Table runners,Moderate embroidery,Strong mirror work,Pastel shades,Daily use,500-1000,Below 1000,Below 500,Strongly yes,Buy 2 Get 1,Yes,Reviews,5,Yes,Highly likely
31-40,Female,Tier 3 / Rural,Rajasthan,Business Owner,Below 25000,Never,Local exhibitions,Utility,Traditional,Laptop sleeves / utility pouches,Sling bag,Wall décor textile,Minimal embroidery,No mirror work,Black / neutral,Festive use,1000-2000,2000-4000,Above 3000,No,Flat discount,Depends on reviews,Product images,1,No,Unsure
Below 20,Male,Tier 2,Telangana,Homemaker,100000-200000,Frequently,Instagram stores,Price,Fusion,Handbags,Clutch,Cushion covers,Moderate embroidery,No mirror work,Bright colors,Festive use,1000-2000,1000-2000,500-1500,No,Free shipping,Depends on reviews,Reviews,3,No,Unlikely
41-50,Male,Tier 3 / Rural,Tamil Nadu,Other,50000-100000,Rarely,Local exhibitions,Utility,Traditional,"Jackets / shrugs, Laptop sleeves / utility pouches",Clutch,Wall décor textile,Minimal embroidery,No mirror work,Pastel shades,Gifting,500-1000,1000-2000,500-1500,Sometimes,Free shipping,Yes,Product images,5,No,Unsure
31-40,Male,Tier 1,West Bengal,Student,100000-200000,Occasionally,Retail stores,Design,Minimal modern,"Gift sets, Laptop sleeves / utility pouches",Office handbag,Decorative organizers,Moderate embroidery,No mirror work,Bright colors,Office use,500-1000,1000-2000,500-1500,No,Free shipping,Depends on reviews,Brand story,1,Yes,Unsure
31-40,Female,Tier 2,Rajasthan,Business Owner,100000-200000,Never,Instagram stores,Design,Depends on product,Gift sets,Office handbag,Table runners,Moderate embroidery,No mirror work,Pastel shades,Office use,Below 500,Above 4000,1500-3000,No,Free shipping,Yes,Return policy,3,No,Very unlikely
Below 20,Female,Metro,Gujarat,Salaried Employee,25000-50000,Rarely,Online marketplaces,Brand,Depends on product,"Handbags, Jackets / shrugs, Laptop sleeves / utility pouches",Clutch,Cushion covers,Moderate embroidery,Strong mirror work,Earth tones,Gifting,1000-2000,Below 1000,Above 3000,No,Festival combo pack,Yes,Reviews,4,No,Likely
21-30,Female,Tier 1,Karnataka,Student,Above 200000,Never,Local exhibitions,Brand,Depends on product,"Jackets / shrugs, Handbags",Sling bag,Decorative organizers,Heavy embroidery,Strong mirror work,Pastel shades,Office use,Above 2000,Above 4000,1500-3000,No,Flat discount,Yes,Brand story,5,Yes,Highly likely
21-30,Female,Metro,Karnataka,Student,100000-200000,Occasionally,Retail stores,Utility,Traditional,"Handbags, Laptop sleeves / utility pouches",Office handbag,Decorative organizers,Heavy embroidery,Light mirror work,Bright colors,Festive use,1000-2000,1000-2000,500-1500,Strongly yes,Flat discount,No,Return policy,1,Yes,Unsure
Below 20,Male,Tier 3 / Rural,Telangana,Salaried Employee,25000-50000,Never,Retail stores,Design,Fusion,Laptop sleeves / utility pouches,Sling bag,Cushion covers,Heavy embroidery,Light mirror work,Black / neutral,Weddings,Below 500,Below 1000,1500-3000,Sometimes,Flat discount,Yes,Reviews,2,No,Unlikely
31-40,Female,Tier 1,West Bengal,Business Owner,100000-200000,Rarely,Local exhibitions,Price,Minimal modern,"Jackets / shrugs, Gift sets, Handbags",Tote bag,Wall décor textile,Moderate embroidery,Light mirror work,Black / neutral,Office use,Below 500,2000-4000,Above 3000,No,Buy 2 Get 1,Depends on reviews,Return policy,1,No,Highly likely
Above 50,Female,Tier 1,Gujarat,Business Owner,Below 25000,Rarely,Retail stores,Brand,Traditional,"Jackets / shrugs, Cushion covers",Tote bag,Decorative organizers,Moderate embroidery,Strong mirror work,Bright colors,Office use,Above 2000,2000-4000,1500-3000,Sometimes,Buy 2 Get 1,No,Reviews,3,Yes,Unsure
Below 20,Female,Metro,Delhi,Homemaker,25000-50000,Rarely,Online marketplaces,Brand,Fusion,"Jackets / shrugs, Gift sets, Laptop sleeves / utility pouches",Sling bag,Table runners,Heavy embroidery,No mirror work,Earth tones,Office use,Above 2000,Below 1000,Below 500,Sometimes,Festival combo pack,Depends on reviews,Product images,4,No,Highly likely
31-40,Female,Tier 3 / Rural,Delhi,Student,25000-50000,Rarely,Local exhibitions,Price,Traditional,"Laptop sleeves / utility pouches, Cushion covers",Clutch,Wall décor textile,Minimal embroidery,Light mirror work,Bright colors,Daily use,1000-2000,2000-4000,1500-3000,No,Festival combo pack,No,Product images,1,No,Unsure
21-30,Male,Tier 1,Karnataka,Homemaker,Below 25000,Occasionally,Local exhibitions,Price,Depends on product,Cushion covers,Office handbag,Wall décor textile,Moderate embroidery,Strong mirror work,Earth tones,Festive use,500-1000,2000-4000,1500-3000,Strongly yes,Flat discount,Yes,Brand story,3,No,Likely
Above 50,Female,Tier 1,West Bengal,Salaried Employee,Below 25000,Occasionally,Instagram stores,Authenticity,Fusion,"Cushion covers, Jackets / shrugs",Clutch,Decorative organizers,Heavy embroidery,Strong mirror work,Bright colors,Weddings,Above 2000,2000-4000,Above 3000,No,Buy 2 Get 1,No,Reviews,2,Yes,Unsure
21-30,Female,Tier 1,Rajasthan,Salaried Employee,Below 25000,Never,During travel,Brand,Fusion,Jackets / shrugs,Sling bag,Wall décor textile,Heavy embroidery,Strong mirror work,Pastel shades,Office use,Below 500,Above 4000,1500-3000,Sometimes,Flat discount,Depends on reviews,Return policy,2,Yes,Unsure
Below 20,Female,Tier 1,Telangana,Freelancer,Below 25000,Never,Instagram stores,Price,Depends on product,"Laptop sleeves / utility pouches, Gift sets",Office handbag,Decorative organizers,Moderate embroidery,Strong mirror work,Black / neutral,Daily use,Below 500,2000-4000,Below 500,No,Buy 2 Get 1,Yes,Brand story,1,No,Likely
21-30,Male,Tier 1,Rajasthan,Homemaker,25000-50000,Frequently,Retail stores,Design,Depends on product,"Handbags, Cushion covers, Jackets / shrugs",Sling bag,Decorative organizers,Moderate embroidery,Strong mirror work,Bright colors,Gifting,500-1000,2000-4000,500-1500,No,Festival combo pack,Depends on reviews,Return policy,1,Yes,Very unlikely
21-30,Female,Tier 2,Rajasthan,Other,100000-200000,Frequently,Retail stores,Authenticity,Minimal modern,"Handbags, Jackets / shrugs, Laptop sleeves / utility pouches",Office handbag,Wall décor textile,Minimal embroidery,No mirror work,Bright colors,Gifting,Above 2000,1000-2000,1500-3000,Strongly yes,Free shipping,Yes,Reviews,4,Yes,Unsure
31-40,Male,Metro,Telangana,Business Owner,Below 25000,Occasionally,Retail stores,Utility,Minimal modern,"Handbags, Cushion covers",Clutch,Cushion covers,Heavy embroidery,Light mirror work,Bright colors,Weddings,Above 2000,1000-2000,500-1500,No,Free shipping,Depends on reviews,Return policy,5,No,Likely
Above 50,Male,Tier 2,Maharashtra,Other,Above 200000,Rarely,Local exhibitions,Design,Depends on product,"Handbags, Jackets / shrugs, Gift sets",Office handbag,Wall décor textile,Heavy embroidery,Light mirror work,Bright colors,Office use,Below 500,Below 1000,Below 500,Sometimes,Festival combo pack,Yes,Brand story,4,No,Likely
41-50,Male,Tier 1,Maharashtra,Freelancer,100000-200000,Occasionally,Local exhibitions,Utility,Minimal modern,Jackets / shrugs,Office handbag,Wall décor textile,Heavy embroidery,Strong mirror work,Earth tones,Office use,Below 500,Below 1000,Below 500,No,Free shipping,Yes,Reviews,5,No,Unsure
21-30,Female,Tier 1,West Bengal,Student,100000-200000,Rarely,Online marketplaces,Design,Depends on product,Laptop sleeves / utility pouches,Sling bag,Table runners,Heavy embroidery,No mirror work,Pastel shades,Festive use,1000-2000,Below 1000,1500-3000,Sometimes,Free shipping,Yes,Reviews,1,No,Very unlikely
31-40,Female,Tier 2,Maharashtra,Freelancer,50000-100000,Occasionally,Local exhibitions,Brand,Traditional,"Laptop sleeves / utility pouches, Handbags, Jackets / shrugs",Tote bag,Table runners,Minimal embroidery,No mirror work,Bright colors,Office use,500-1000,1000-2000,Below 500,Sometimes,Free shipping,Yes,Brand story,1,Yes,Likely
21-30,Male,Tier 1,Gujarat,Student,50000-100000,Rarely,Online marketplaces,Design,Minimal modern,Jackets / shrugs,Sling bag,Table runners,Moderate embroidery,Light mirror work,Bright colors,Daily use,Above 2000,Below 1000,1500-3000,No,Buy 2 Get 1,No,Return policy,4,No,Unsure
Above 50,Male,Metro,Gujarat,Freelancer,100000-200000,Never,Instagram stores,Price,Traditional,"Jackets / shrugs, Laptop sleeves / utility pouches, Handbags",Tote bag,Table runners,Moderate embroidery,Strong mirror work,Earth tones,Festive use,1000-2000,1000-2000,Above 3000,No,Festival combo pack,Yes,Brand story,1,Yes,Unlikely
21-30,Male,Tier 1,Gujarat,Business Owner,Below 25000,Frequently,During travel,Utility,Minimal modern,Gift sets,Tote bag,Cushion covers,Moderate embroidery,Light mirror work,Pastel shades,Gifting,500-1000,Above 4000,500-1500,Sometimes,Free shipping,Yes,Product images,1,No,Unlikely
31-40,Male,Metro,Telangana,Freelancer,Below 25000,Frequently,Online marketplaces,Price,Depends on product,"Laptop sleeves / utility pouches, Gift sets",Office handbag,Wall décor textile,Minimal embroidery,Light mirror work,Bright colors,Festive use,Below 500,2000-4000,500-1500,Strongly yes,Festival combo pack,No,Return policy,2,No,Very unlikely
41-50,Female,Tier 2,Karnataka,Salaried Employee,100000-200000,Occasionally,Instagram stores,Price,Fusion,"Cushion covers, Handbags",Office handbag,Decorative organizers,Heavy embroidery,Strong mirror work,Pastel shades,Weddings,Below 500,2000-4000,1500-3000,No,Buy 2 Get 1,No,Product images,1,Yes,Unlikely
41-50,Female,Tier 3 / Rural,Telangana,Other,Above 200000,Occasionally,Local exhibitions,Design,Minimal modern,Gift sets,Clutch,Decorative organizers,Heavy embroidery,No mirror work,Earth tones,Daily use,Above 2000,Below 1000,Above 3000,No,Flat discount,Yes,Brand story,1,Yes,Likely
Above 50,Female,Metro,Delhi,Freelancer,25000-50000,Rarely,Online marketplaces,Design,Minimal modern,"Handbags, Gift sets, Cushion covers",Office handbag,Table runners,Moderate embroidery,Strong mirror work,Pastel shades,Office use,500-1000,Below 1000,1500-3000,Sometimes,Flat discount,No,Reviews,5,Yes,Unsure
41-50,Male,Tier 2,Delhi,Freelancer,100000-200000,Rarely,Local exhibitions,Brand,Fusion,"Jackets / shrugs, Gift sets",Office handbag,Cushion covers,Heavy embroidery,No mirror work,Earth tones,Office use,500-1000,1000-2000,1500-3000,Sometimes,Buy 2 Get 1,Depends on reviews,Return policy,2,Yes,Very unlikely
Above 50,Male,Tier 2,West Bengal,Student,Below 25000,Frequently,Online marketplaces,Utility,Depends on product,"Handbags, Gift sets, Laptop sleeves / utility pouches",Clutch,Wall décor textile,Heavy embroidery,Strong mirror work,Black / neutral,Gifting,Below 500,Above 4000,500-1500,No,Free shipping,Depends on reviews,Reviews,3,Yes,Unsure
21-30,Male,Tier 3 / Rural,Maharashtra,Other,Above 200000,Frequently,During travel,Authenticity,Traditional,"Jackets / shrugs, Cushion covers, Gift sets",Sling bag,Table runners,Moderate embroidery,Light mirror work,Bright colors,Festive use,Above 2000,1000-2000,1500-3000,Strongly yes,Festival combo pack,Yes,Reviews,4,Yes,Highly likely
Above 50,Female,Tier 3 / Rural,Tamil Nadu,Salaried Employee,Above 200000,Never,Retail stores,Design,Depends on product,Handbags,Clutch,Wall décor textile,Moderate embroidery,Light mirror work,Bright colors,Weddings,Below 500,1000-2000,Below 500,No,Festival combo pack,No,Brand story,4,No,Unsure
21-30,Female,Tier 2,Rajasthan,Other,Above 200000,Occasionally,Retail stores,Authenticity,Traditional,Jackets / shrugs,Clutch,Table runners,Heavy embroidery,No mirror work,Earth tones,Office use,500-1000,Above 4000,1500-3000,Strongly yes,Festival combo pack,Yes,Brand story,2,Yes,Highly likely
31-40,Female,Metro,Karnataka,Homemaker,25000-50000,Frequently,Retail stores,Utility,Depends on product,"Gift sets, Laptop sleeves / utility pouches, Jackets / shrugs",Office handbag,Decorative organizers,Minimal embroidery,No mirror work,Pastel shades,Festive use,Below 500,1000-2000,Below 500,Sometimes,Free shipping,No,Product images,1,No,Highly likely
41-50,Female,Metro,Rajasthan,Student,Below 25000,Frequently,Local exhibitions,Design,Minimal modern,"Gift sets, Laptop sleeves / utility pouches, Handbags",Tote bag,Decorative organizers,Minimal embroidery,No mirror work,Bright colors,Weddings,500-1000,Below 1000,Above 3000,Sometimes,Free shipping,No,Brand story,4,No,Likely
41-50,Male,Tier 2,Gujarat,Other,50000-100000,Frequently,Online marketplaces,Utility,Minimal modern,Laptop sleeves / utility pouches,Tote bag,Cushion covers,Moderate embroidery,No mirror work,Bright colors,Festive use,Above 2000,1000-2000,500-1500,Sometimes,Buy 2 Get 1,Depends on reviews,Brand story,2,Yes,Unlikely
Above 50,Female,Tier 2,Telangana,Homemaker,50000-100000,Rarely,Instagram stores,Authenticity,Traditional,Handbags,Clutch,Cushion covers,Heavy embroidery,No mirror work,Bright colors,Daily use,500-1000,Above 4000,1500-3000,No,Buy 2 Get 1,No,Reviews,3,Yes,Unlikely
Below 20,Male,Metro,Gujarat,Salaried Employee,Above 200000,Never,During travel,Authenticity,Minimal modern,"Jackets / shrugs, Handbags, Cushion covers",Sling bag,Cushion covers,Heavy embroidery,No mirror work,Bright colors,Festive use,1000-2000,1000-2000,500-1500,No,Flat discount,No,Reviews,3,No,Unsure
Above 50,Female,Metro,Rajasthan,Other,25000-50000,Never,Online marketplaces,Brand,Traditional,Gift sets,Sling bag,Cushion covers,Minimal embroidery,Strong mirror work,Black / neutral,Weddings,Below 500,2000-4000,Below 500,No,Buy 2 Get 1,Depends on reviews,Return policy,2,No,Unsure
31-40,Male,Tier 2,Telangana,Student,100000-200000,Frequently,Retail stores,Price,Fusion,"Jackets / shrugs, Gift sets",Clutch,Table runners,Heavy embroidery,Strong mirror work,Black / neutral,Daily use,Below 500,2000-4000,500-1500,Sometimes,Flat discount,No,Brand story,5,No,Unsure
21-30,Male,Metro,Gujarat,Business Owner,Below 25000,Occasionally,Instagram stores,Authenticity,Traditional,Jackets / shrugs,Sling bag,Decorative organizers,Moderate embroidery,No mirror work,Earth tones,Weddings,500-1000,Above 4000,1500-3000,No,Festival combo pack,Yes,Brand story,2,Yes,Unsure
Below 20,Male,Tier 3 / Rural,Gujarat,Other,25000-50000,Never,Retail stores,Utility,Depends on product,"Cushion covers, Laptop sleeves / utility pouches",Tote bag,Wall décor textile,Heavy embroidery,Strong mirror work,Earth tones,Gifting,500-1000,Above 4000,Above 3000,Sometimes,Festival combo pack,Depends on reviews,Product images,5,Yes,Unsure
21-30,Female,Tier 1,Gujarat,Student,Above 200000,Occasionally,Local exhibitions,Price,Fusion,"Jackets / shrugs, Handbags",Sling bag,Decorative organizers,Heavy embroidery,Light mirror work,Bright colors,Gifting,Above 2000,Above 4000,Below 500,Strongly yes,Festival combo pack,Depends on reviews,Brand story,4,Yes,Very unlikely
21-30,Female,Tier 3 / Rural,Gujarat,Student,25000-50000,Occasionally,Online marketplaces,Authenticity,Fusion,"Cushion covers, Laptop sleeves / utility pouches, Gift sets",Tote bag,Table runners,Minimal embroidery,Strong mirror work,Pastel shades,Gifting,Above 2000,1000-2000,Below 500,No,Flat discount,Yes,Brand story,1,No,Very unlikely
41-50,Male,Tier 3 / Rural,Tamil Nadu,Business Owner,Below 25000,Frequently,Instagram stores,Brand,Minimal modern,"Laptop sleeves / utility pouches, Jackets / shrugs, Gift sets",Tote bag,Decorative organizers,Heavy embroidery,Strong mirror work,Earth tones,Daily use,1000-2000,1000-2000,Below 500,No,Festival combo pack,Depends on reviews,Brand story,2,Yes,Unlikely
Below 20,Female,Tier 2,Gujarat,Business Owner,100000-200000,Occasionally,Instagram stores,Utility,Traditional,"Gift sets, Handbags",Sling bag,Decorative organizers,Moderate embroidery,Strong mirror work,Black / neutral,Gifting,Above 2000,1000-2000,1500-3000,Strongly yes,Flat discount,No,Product images,5,No,Very unlikely
21-30,Male,Tier 3 / Rural,Rajasthan,Other,50000-100000,Never,Online marketplaces,Brand,Minimal modern,"Handbags, Gift sets, Laptop sleeves / utility pouches",Tote bag,Cushion covers,Moderate embroidery,Strong mirror work,Black / neutral,Gifting,1000-2000,Above 4000,500-1500,Strongly yes,Flat discount,Depends on reviews,Reviews,2,Yes,Unsure
Below 20,Male,Metro,Karnataka,Student,Below 25000,Never,During travel,Authenticity,Depends on product,"Gift sets, Laptop sleeves / utility pouches",Tote bag,Wall décor textile,Heavy embroidery,Strong mirror work,Black / neutral,Gifting,1000-2000,Below 1000,500-1500,No,Buy 2 Get 1,No,Brand story,2,Yes,Likely
31-40,Female,Tier 1,Tamil Nadu,Salaried Employee,100000-200000,Never,Retail stores,Brand,Depends on product,"Cushion covers, Gift sets",Clutch,Cushion covers,Minimal embroidery,Strong mirror work,Earth tones,Daily use,500-1000,Above 4000,Above 3000,Strongly yes,Festival combo pack,No,Brand story,3,Yes,Unlikely
Above 50,Female,Metro,Karnataka,Student,,Frequently,Online marketplaces,Utility,Depends on product,"Laptop sleeves / utility pouches, Jackets / shrugs, Cushion covers",Clutch,Decorative organizers,Minimal embroidery,No mirror work,Pastel shades,Weddings,1000-2000,1000-2000,500-1500,Strongly yes,Free shipping,Yes,Brand story,2,No,Unsure
31-40,Male,Tier 2,Tamil Nadu,Other,25000-50000,Never,During travel,Design,Fusion,Handbags,Tote bag,Decorative organizers,Heavy embroidery,No mirror work,Bright colors,Gifting,Below 500,Above 4000,1500-3000,Sometimes,Buy 2 Get 1,Depends on reviews,Return policy,4,No,Likely
21-30,Male,Tier 3 / Rural,Maharashtra,Freelancer,Above 200000,Occasionally,Instagram stores,Utility,Traditional,"Jackets / shrugs, Cushion covers",Sling bag,Table runners,Heavy embroidery,Light mirror work,Earth tones,Office use,Below 500,2000-4000,1500-3000,Strongly yes,Festival combo pack,Yes,Product images,4,Yes,Likely
41-50,Female,Metro,Telangana,Other,100000-200000,Occasionally,Local exhibitions,Price,Traditional,Cushion covers,Clutch,Wall décor textile,Moderate embroidery,Strong mirror work,Black / neutral,Daily use,Above 2000,1000-2000,Below 500,Sometimes,Festival combo pack,No,Product images,2,Yes,Very unlikely
Above 50,Male,Tier 3 / Rural,West Bengal,Freelancer,Below 25000,Occasionally,During travel,Price,Fusion,"Handbags, Jackets / shrugs",Clutch,Decorative organizers,Moderate embroidery,Strong mirror work,Earth tones,Office use,Above 2000,Above 4000,Below 500,No,Buy 2 Get 1,Yes,Product images,4,No,Highly likely
21-30,Female,Tier 2,Karnataka,Business Owner,Below 25000,Frequently,Retail stores,Authenticity,Minimal modern,"Cushion covers, Jackets / shrugs, Handbags",Tote bag,Cushion covers,Heavy embroidery,Light mirror work,Black / neutral,Festive use,Above 2000,2000-4000,500-1500,No,Festival combo pack,Yes,Brand story,3,Yes,Likely
21-30,Female,Tier 2,Telangana,Student,25000-50000,Never,During travel,Utility,Traditional,"Handbags, Laptop sleeves / utility pouches, Cushion covers",Clutch,Table runners,Heavy embroidery,No mirror work,Black / neutral,Weddings,Below 500,Above 4000,1500-3000,Strongly yes,Buy 2 Get 1,Depends on reviews,Reviews,3,Yes,Unsure
41-50,Male,Tier 2,Delhi,Business Owner,Below 25000,Rarely,Local exhibitions,Brand,Minimal modern,"Laptop sleeves / utility pouches, Gift sets, Handbags",Sling bag,Wall décor textile,Moderate embroidery,Strong mirror work,Pastel shades,Daily use,Above 2000,2000-4000,1500-3000,No,Flat discount,No,Brand story,5,Yes,Likely
Below 20,Male,Tier 2,Telangana,Student,50000-100000,Rarely,Local exhibitions,Utility,Depends on product,"Handbags, Jackets / shrugs",Clutch,Cushion covers,Minimal embroidery,No mirror work,Black / neutral,Daily use,500-1000,Below 1000,Above 3000,No,Free shipping,Depends on reviews,Brand story,5,No,Highly likely
Above 50,Female,Tier 1,Tamil Nadu,Freelancer,100000-200000,Occasionally,During travel,Brand,Minimal modern,"Handbags, Gift sets, Cushion covers",Sling bag,Wall décor textile,Moderate embroidery,Light mirror work,Pastel shades,Festive use,Above 2000,Below 1000,Below 500,No,Festival combo pack,No,Return policy,5,No,Very unlikely
41-50,Female,Tier 3 / Rural,West Bengal,Student,25000-50000,Never,Retail stores,Design,Fusion,Cushion covers,Clutch,Table runners,Moderate embroidery,Light mirror work,Pastel shades,Office use,1000-2000,Below 1000,1500-3000,Strongly yes,Free shipping,Yes,Reviews,4,No,Unlikely
Above 50,Female,Tier 2,Delhi,Other,100000-200000,Frequently,Online marketplaces,Price,Fusion,Laptop sleeves / utility pouches,Sling bag,Decorative organizers,Moderate embroidery,Light mirror work,Black / neutral,Daily use,Below 500,Below 1000,Below 500,Sometimes,Flat discount,Depends on reviews,Brand story,5,Yes,Likely
41-50,Male,Tier 1,Rajasthan,Salaried Employee,Below 25000,Occasionally,Local exhibitions,Utility,Traditional,"Handbags, Cushion covers",Clutch,Decorative organizers,Minimal embroidery,Light mirror work,Black / neutral,Gifting,1000-2000,2000-4000,500-1500,Strongly yes,Festival combo pack,Depends on reviews,Brand story,2,No,Very unlikely
Below 20,Male,Metro,Gujarat,Other,100000-200000,Occasionally,During travel,Price,Traditional,"Laptop sleeves / utility pouches, Handbags",Tote bag,Wall décor textile,Heavy embroidery,Strong mirror work,Earth tones,Office use,500-1000,2000-4000,Below 500,Sometimes,Free shipping,Yes,Brand story,2,No,Very unlikely
41-50,Male,Metro,Tamil Nadu,Freelancer,Above 200000,Rarely,Retail stores,Design,Depends on product,"Gift sets, Laptop sleeves / utility pouches",Tote bag,Decorative organizers,Heavy embroidery,No mirror work,Earth tones,Daily use,1000-2000,Above 4000,Below 500,Strongly yes,Free shipping,Depends on reviews,Return policy,4,Yes,Highly likely
41-50,Male,Tier 3 / Rural,Delhi,Business Owner,100000-200000,Rarely,Instagram stores,Price,Depends on product,"Handbags, Cushion covers",Office handbag,Cushion covers,Heavy embroidery,Strong mirror work,Pastel shades,Gifting,Above 2000,Below 1000,Above 3000,No,Buy 2 Get 1,No,Brand story,2,No,Likely
31-40,Female,Metro,Maharashtra,Business Owner,25000-50000,Occasionally,Retail stores,Brand,Minimal modern,"Jackets / shrugs, Gift sets",Office handbag,Table runners,Minimal embroidery,Strong mirror work,Bright colors,Festive use,Below 500,2000-4000,1500-3000,Strongly yes,Festival combo pack,Depends on reviews,Return policy,3,Yes,Likely
41-50,Female,Metro,Delhi,Freelancer,Below 25000,Frequently,Local exhibitions,Design,Traditional,Handbags,Sling bag,Decorative organizers,Minimal embroidery,Strong mirror work,Earth tones,Festive use,Above 2000,Below 1000,Below 500,Sometimes,Flat discount,Depends on reviews,Return policy,5,No,Highly likely
21-30,Male,Tier 1,Rajasthan,Student,Below 25000,Rarely,Local exhibitions,Authenticity,Depends on product,Laptop sleeves / utility pouches,Clutch,Table runners,Minimal embroidery,Light mirror work,Earth tones,Daily use,Above 2000,1000-2000,Below 500,Strongly yes,Buy 2 Get 1,No,Brand story,3,Yes,Unsure
21-30,Female,Tier 2,Telangana,Salaried Employee,100000-200000,Occasionally,During travel,Price,Fusion,"Handbags, Cushion covers",Tote bag,Decorative organizers,Moderate embroidery,Light mirror work,Black / neutral,Office use,Below 500,Below 1000,Below 500,No,Festival combo pack,No,Brand story,5,Yes,Unlikely
31-40,Male,Tier 3 / Rural,Gujarat,Freelancer,Above 200000,Frequently,Retail stores,Brand,Traditional,"Gift sets, Handbags, Cushion covers",Clutch,Wall décor textile,Heavy embroidery,No mirror work,Black / neutral,Gifting,1000-2000,1000-2000,1500-3000,Strongly yes,Flat discount,Yes,Product images,4,No,Highly likely
21-30,Female,Tier 3 / Rural,Telangana,Freelancer,25000-50000,Rarely,During travel,Utility,Depends on product,"Handbags, Jackets / shrugs",Office handbag,Table runners,Heavy embroidery,Strong mirror work,Black / neutral,Daily use,Below 500,1000-2000,1500-3000,No,Buy 2 Get 1,Depends on reviews,Product images,5,Yes,Unsure
31-40,Prefer not to say,Tier 2,Telangana,Other,100000-200000,Frequently,Local exhibitions,Brand,Traditional,Handbags,Clutch,Decorative organizers,Heavy embroidery,No mirror work,Black / neutral,Weddings,500-1000,Above 4000,500-1500,No,Buy 2 Get 1,Depends on reviews,Brand story,4,Yes,Likely
41-50,Male,Tier 1,Karnataka,Other,100000-200000,Rarely,During travel,Authenticity,Fusion,"Laptop sleeves / utility pouches, Jackets / shrugs",Tote bag,Decorative organizers,Heavy embroidery,Strong mirror work,Earth tones,Festive use,Above 2000,1000-2000,Above 3000,Strongly yes,Festival combo pack,Yes,Return policy,3,No,Unlikely
41-50,Female,Metro,Delhi,Freelancer,50000-100000,Frequently,Online marketplaces,Authenticity,Depends on product,Gift sets,Sling bag,Decorative organizers,Minimal embroidery,No mirror work,Black / neutral,Office use,1000-2000,1000-2000,500-1500,No,Buy 2 Get 1,Yes,Reviews,3,Yes,Very unlikely
31-40,Female,Tier 2,Delhi,Business Owner,50000-100000,Frequently,Local exhibitions,Brand,Minimal modern,"Laptop sleeves / utility pouches, Handbags, Cushion covers",Office handbag,Table runners,Minimal embroidery,Strong mirror work,Pastel shades,Gifting,1000-2000,Below 1000,Below 500,Sometimes,Buy 2 Get 1,No,Brand story,2,Yes,Unsure
31-40,Male,Metro,West Bengal,Other,100000-200000,Frequently,Retail stores,Authenticity,Fusion,Cushion covers,Tote bag,Cushion covers,Minimal embroidery,Strong mirror work,Earth tones,Office use,Below 500,2000-4000,500-1500,No,Flat discount,Depends on reviews,Reviews,3,No,Unsure
41-50,Female,Tier 2,Telangana,Other,25000-50000,Never,During travel,Brand,Depends on product,"Gift sets, Laptop sleeves / utility pouches, Cushion covers",Office handbag,Wall décor textile,Heavy embroidery,Strong mirror work,Bright colors,Gifting,Above 2000,Above 4000,Below 500,Sometimes,Buy 2 Get 1,No,Return policy,2,No,Likely
31-40,Female,Tier 1,Rajasthan,Other,Above 200000,Rarely,Local exhibitions,Design,Traditional,"Handbags, Cushion covers",Tote bag,Cushion covers,Moderate embroidery,Light mirror work,Earth tones,Festive use,Above 2000,Below 1000,500-1500,Sometimes,Flat discount,Yes,Product images,2,No,Unlikely
31-40,Male,Metro,Delhi,Other,25000-50000,Occasionally,During travel,Utility,Traditional,"Gift sets, Jackets / shrugs, Handbags",Clutch,Table runners,Heavy embroidery,Strong mirror work,Black / neutral,Daily use,Above 2000,Below 1000,500-1500,No,Buy 2 Get 1,Depends on reviews,Reviews,4,Yes,Very unlikely
31-40,Female,Tier 1,Gujarat,Other,Above 200000,Frequently,Retail stores,Utility,Traditional,"Gift sets, Laptop sleeves / utility pouches",Office handbag,Table runners,Heavy embroidery,Light mirror work,Black / neutral,Weddings,Below 500,2000-4000,Below 500,No,Festival combo pack,Yes,Brand story,1,No,Likely
21-30,Male,Metro,Delhi,Freelancer,25000-50000,Occasionally,Retail stores,Design,Minimal modern,Gift sets,Tote bag,Table runners,Minimal embroidery,Light mirror work,Pastel shades,Festive use,1000-2000,2000-4000,500-1500,Sometimes,Free shipping,Yes,Reviews,3,No,Likely
31-40,Male,Tier 1,West Bengal,Student,100000-200000,Occasionally,Instagram stores,Price,Minimal modern,"Handbags, Laptop sleeves / utility pouches",Sling bag,Wall décor textile,Heavy embroidery,Strong mirror work,Black / neutral,Weddings,Above 2000,1000-2000,500-1500,Strongly yes,Flat discount,Yes,Reviews,5,No,Likely
Below 20,Female,Tier 1,Karnataka,Student,25000-50000,Rarely,Retail stores,Utility,Depends on product,"Cushion covers, Gift sets",Tote bag,Table runners,Minimal embroidery,Light mirror work,Earth tones,Festive use,1000-2000,Below 1000,1500-3000,Strongly yes,Festival combo pack,No,Product images,3,No,Unsure
41-50,Female,Tier 1,Telangana,Student,Above 200000,Rarely,Instagram stores,Design,Fusion,"Jackets / shrugs, Gift sets, Handbags",Clutch,Wall décor textile,Moderate embroidery,No mirror work,Earth tones,Weddings,Above 2000,Above 4000,Below 500,Sometimes,Festival combo pack,Depends on reviews,Return policy,1,No,Highly likely
Below 20,Prefer not to say,Tier 2,Tamil Nadu,Salaried Employee,100000-200000,Rarely,Retail stores,Design,Traditional,Jackets / shrugs,Clutch,Cushion covers,Heavy embroidery,Light mirror work,Pastel shades,Office use,1000-2000,Above 4000,1500-3000,Strongly yes,Free shipping,Depends on reviews,Reviews,5,No,Unlikely
31-40,Male,Tier 3 / Rural,West Bengal,Other,Above 200000,Never,Retail stores,Brand,Depends on product,"Gift sets, Laptop sleeves / utility pouches, Cushion covers",Clutch,Decorative organizers,Moderate embroidery,Light mirror work,Earth tones,Daily use,1000-2000,Above 4000,Above 3000,Sometimes,Festival combo pack,No,Reviews,3,No,Unsure
Above 50,Female,Tier 3 / Rural,Maharashtra,Homemaker,100000-200000,Occasionally,Retail stores,Brand,Traditional,Jackets / shrugs,Clutch,Wall décor textile,Minimal embroidery,Light mirror work,Black / neutral,Weddings,1000-2000,Above 4000,1500-3000,Strongly yes,Buy 2 Get 1,Depends on reviews,Product images,5,No,Very unlikely
31-40,Female,Tier 3 / Rural,Rajasthan,Homemaker,Above 200000,Rarely,Instagram stores,Brand,Minimal modern,Cushion covers,Clutch,Wall décor textile,Minimal embroidery,No mirror work,Earth tones,Weddings,1000-2000,Below 1000,500-1500,No,Flat discount,No,Reviews,4,No,Very unlikely
21-30,Male,Metro,Tamil Nadu,Other,50000-100000,Rarely,Instagram stores,Utility,Fusion,"Cushion covers, Jackets / shrugs, Handbags",Tote bag,Cushion covers,Moderate embroidery,Strong mirror work,Earth tones,Weddings,Below 500,Above 4000,500-1500,No,Festival combo pack,Depends on reviews,Return policy,2,No,Unlikely
41-50,Male,Metro,West Bengal,Student,Below 25000,Frequently,Local exhibitions,Brand,Fusion,"Cushion covers, Handbags, Gift sets",Office handbag,Decorative organizers,Moderate embroidery,Strong mirror work,Earth tones,Festive use,1000-2000,Above 4000,Below 500,No,Buy 2 Get 1,Depends on reviews,Return policy,5,No,Likely
Below 20,Male,Tier 3 / Rural,Telangana,Other,50000-100000,Never,Instagram stores,Design,Fusion,"Laptop sleeves / utility pouches, Jackets / shrugs, Gift sets",Clutch,Decorative organizers,Heavy embroidery,Strong mirror work,Pastel shades,Festive use,Above 2000,Below 1000,Below 500,Strongly yes,Festival combo pack,Depends on reviews,Return policy,3,Yes,Highly likely
21-30,Female,Tier 3 / Rural,Gujarat,Other,25000-50000,Rarely,Retail stores,Authenticity,Fusion,"Laptop sleeves / utility pouches, Cushion covers",Clutch,Cushion covers,Moderate embroidery,Strong mirror work,Earth tones,Daily use,Below 500,1000-2000,1500-3000,Strongly yes,Buy 2 Get 1,Depends on reviews,Return policy,3,No,Unsure
41-50,Male,Metro,Tamil Nadu,Student,25000-50000,Rarely,Retail stores,Utility,Depends on product,"Laptop sleeves / utility pouches, Cushion covers",Tote bag,Decorative organizers,Heavy embroidery,Strong mirror work,Pastel shades,Office use,500-1000,1000-2000,Below 500,No,Flat discount,Yes,Reviews,5,No,Unlikely
31-40,Male,Tier 3 / Rural,Rajasthan,Business Owner,25000-50000,Rarely,Retail stores,Utility,Traditional,"Laptop sleeves / utility pouches, Gift sets",Tote bag,Cushion covers,Minimal embroidery,Strong mirror work,Pastel shades,Gifting,500-1000,Below 1000,Below 500,No,Festival combo pack,No,Return policy,5,Yes,Highly likely
Above 50,Female,Tier 3 / Rural,West Bengal,Business Owner,100000-200000,Never,Online marketplaces,Design,Minimal modern,"Jackets / shrugs, Handbags, Gift sets",Clutch,Cushion covers,Heavy embroidery,No mirror work,Black / neutral,Office use,1000-2000,Below 1000,Below 500,No,Free shipping,No,Brand story,3,Yes,Unsure
31-40,Female,Tier 1,Telangana,Other,100000-200000,Frequently,Online marketplaces,Authenticity,Minimal modern,"Cushion covers, Handbags",Tote bag,Decorative organizers,Minimal embroidery,No mirror work,Pastel shades,Weddings,1000-2000,Below 1000,1500-3000,Sometimes,Festival combo pack,Yes,Brand story,5,No,Unlikely
31-40,Female,Tier 3 / Rural,Karnataka,Freelancer,100000-200000,Frequently,Retail stores,Brand,Traditional,"Gift sets, Cushion covers, Handbags",Clutch,Decorative organizers,Heavy embroidery,Strong mirror work,Bright colors,Daily use,1000-2000,2000-4000,500-1500,No,Buy 2 Get 1,Yes,Brand story,1,No,Unsure
31-40,Male,Tier 1,Delhi,Salaried Employee,Above 200000,Rarely,During travel,Brand,Minimal modern,"Jackets / shrugs, Cushion covers",Office handbag,Table runners,Minimal embroidery,Strong mirror work,Earth tones,Gifting,1000-2000,1000-2000,Above 3000,No,Flat discount,No,Product images,5,Yes,Unsure
31-40,Female,Tier 3 / Rural,Tamil Nadu,Freelancer,50000-100000,Never,Instagram stores,Brand,Traditional,"Cushion covers, Laptop sleeves / utility pouches, Jackets / shrugs",Tote bag,Wall décor textile,Moderate embroidery,Light mirror work,Black / neutral,Gifting,500-1000,1000-2000,1500-3000,No,Buy 2 Get 1,Yes,Brand story,3,No,Unlikely
31-40,Male,Metro,Telangana,Business Owner,Below 25000,Rarely,During travel,Utility,Traditional,Gift sets,Tote bag,Table runners,Heavy embroidery,No mirror work,Bright colors,Weddings,500-1000,2000-4000,Below 500,Sometimes,Flat discount,Yes,Brand story,4,No,Likely
41-50,Male,Tier 2,Maharashtra,Salaried Employee,Above 200000,Never,Retail stores,Design,Minimal modern,Gift sets,Office handbag,Decorative organizers,Minimal embroidery,Light mirror work,Earth tones,Daily use,1000-2000,2000-4000,Above 3000,Sometimes,Buy 2 Get 1,No,Return policy,3,No,Unsure
21-30,Male,Tier 3 / Rural,Maharashtra,Business Owner,100000-200000,Never,Instagram stores,Price,Fusion,"Cushion covers, Gift sets, Laptop sleeves / utility pouches",Sling bag,Cushion covers,Minimal embroidery,Light mirror work,Black / neutral,Daily use,1000-2000,1000-2000,1500-3000,Sometimes,Buy 2 Get 1,Yes,Product images,4,Yes,Likely
Below 20,Male,Tier 3 / Rural,West Bengal,Business Owner,50000-100000,Never,Local exhibitions,Design,Minimal modern,"Cushion covers, Gift sets, Laptop sleeves / utility pouches",Clutch,Wall décor textile,Moderate embroidery,Strong mirror work,Bright colors,Weddings,1000-2000,2000-4000,500-1500,Sometimes,Flat discount,No,Reviews,4,Yes,Very unlikely
21-30,Female,Tier 3 / Rural,Delhi,Freelancer,25000-50000,Occasionally,Local exhibitions,Design,Depends on product,"Gift sets, Cushion covers",Tote bag,Table runners,Minimal embroidery,No mirror work,Earth tones,Weddings,Above 2000,Below 1000,1500-3000,Sometimes,Flat discount,Yes,Product images,3,Yes,Very unlikely
Below 20,Male,Tier 3 / Rural,West Bengal,Homemaker,Below 25000,Occasionally,Instagram stores,Brand,Minimal modern,"Cushion covers, Jackets / shrugs",Sling bag,Cushion covers,Heavy embroidery,Strong mirror work,Earth tones,Daily use,Below 500,Above 4000,Below 500,Strongly yes,Buy 2 Get 1,No,Product images,1,Yes,Highly likely
31-40,Male,Tier 3 / Rural,Gujarat,Business Owner,Above 200000,Occasionally,Retail stores,Price,Fusion,"Handbags, Gift sets, Cushion covers",Tote bag,Decorative organizers,Moderate embroidery,Strong mirror work,Pastel shades,Festive use,Above 2000,2000-4000,1500-3000,Strongly yes,Free shipping,Yes,Product images,5,No,Highly likely
41-50,Female,Tier 2,West Bengal,Homemaker,100000-200000,Rarely,Online marketplaces,Design,Traditional,"Cushion covers, Handbags, Jackets / shrugs",Tote bag,Wall décor textile,Heavy embroidery,Strong mirror work,Bright colors,Festive use,Below 500,Below 1000,Below 500,Strongly yes,Flat discount,Yes,Reviews,2,No,Unsure
21-30,Female,Metro,West Bengal,Other,100000-200000,Frequently,Instagram stores,Utility,Traditional,"Cushion covers, Jackets / shrugs, Handbags",Sling bag,Cushion covers,Heavy embroidery,Light mirror work,Earth tones,Gifting,500-1000,Above 4000,Above 3000,Strongly yes,Festival combo pack,Depends on reviews,Return policy,3,No,Unlikely
31-40,Female,Metro,Gujarat,Homemaker,25000-50000,Never,Retail stores,Authenticity,Traditional,"Cushion covers, Jackets / shrugs, Handbags",Office handbag,Table runners,Minimal embroidery,No mirror work,Earth tones,Daily use,Above 2000,1000-2000,1500-3000,No,Buy 2 Get 1,Depends on reviews,Product images,2,No,Likely
21-30,Male,Tier 2,Gujarat,Business Owner,Below 25000,Occasionally,Local exhibitions,Brand,Depends on product,Cushion covers,Office handbag,Wall décor textile,Heavy embroidery,No mirror work,Bright colors,Gifting,1000-2000,2000-4000,500-1500,No,Free shipping,Yes,Reviews,2,No,Unlikely
41-50,Male,Tier 2,Karnataka,Salaried Employee,50000-100000,Frequently,Local exhibitions,Utility,Minimal modern,"Handbags, Cushion covers, Laptop sleeves / utility pouches",Tote bag,Table runners,Moderate embroidery,No mirror work,,Daily use,1000-2000,Above 4000,Below 500,No,Flat discount,No,Brand story,5,Yes,Unsure
41-50,Female,Metro,West Bengal,Salaried Employee,Below 25000,Rarely,Retail stores,Design,Fusion,"Gift sets, Cushion covers, Handbags",Office handbag,Decorative organizers,Heavy embroidery,No mirror work,Earth tones,Office use,Above 2000,Below 1000,Above 3000,Strongly yes,Festival combo pack,No,Reviews,3,No,Very unlikely
Above 50,Male,Tier 2,Rajasthan,Student,50000-100000,Rarely,During travel,Authenticity,Depends on product,Jackets / shrugs,Office handbag,Decorative organizers,Minimal embroidery,Strong mirror work,Earth tones,Office use,500-1000,2000-4000,1500-3000,No,Buy 2 Get 1,Yes,Return policy,5,Yes,Unsure
Above 50,Female,Tier 1,Telangana,Business Owner,100000-200000,Rarely,Instagram stores,Brand,Traditional,"Jackets / shrugs, Laptop sleeves / utility pouches, Cushion covers",Tote bag,Table runners,Heavy embroidery,No mirror work,Pastel shades,Office use,Above 2000,Below 1000,500-1500,No,Buy 2 Get 1,Depends on reviews,Return policy,5,No,Very unlikely
41-50,Female,Tier 3 / Rural,Maharashtra,Student,25000-50000,Frequently,Retail stores,Authenticity,Fusion,"Jackets / shrugs, Gift sets",Tote bag,Decorative organizers,Heavy embroidery,Light mirror work,Bright colors,Gifting,500-1000,1000-2000,Below 500,Sometimes,Buy 2 Get 1,Yes,Return policy,4,No,Likely
21-30,Male,Tier 1,Gujarat,Homemaker,Below 25000,Never,Instagram stores,Design,Traditional,"Jackets / shrugs, Cushion covers, Gift sets",Tote bag,Cushion covers,Heavy embroidery,Light mirror work,Black / neutral,Daily use,Below 500,1000-2000,Above 3000,No,Free shipping,No,Product images,3,Yes,Unsure
31-40,Male,Tier 1,Maharashtra,Salaried Employee,Below 25000,Frequently,Online marketplaces,Authenticity,Traditional,"Handbags, Laptop sleeves / utility pouches",Tote bag,Table runners,Heavy embroidery,No mirror work,Bright colors,Gifting,500-1000,Below 1000,1500-3000,No,Festival combo pack,Depends on reviews,Return policy,2,No,Very unlikely
31-40,Female,Tier 3 / Rural,Karnataka,Salaried Employee,100000-200000,Occasionally,Online marketplaces,Price,Traditional,Jackets / shrugs,Sling bag,Cushion covers,Moderate embroidery,Light mirror work,Black / neutral,Gifting,Below 500,Below 1000,Below 500,Sometimes,Flat discount,Yes,Product images,4,Yes,Highly likely
31-40,Female,Metro,Gujarat,Other,100000-200000,Never,Local exhibitions,Design,Traditional,"Cushion covers, Jackets / shrugs, Laptop sleeves / utility pouches",Clutch,Cushion covers,Minimal embroidery,Strong mirror work,Bright colors,Daily use,1000-2000,1000-2000,500-1500,No,Free shipping,Depends on reviews,Product images,5,No,Unsure
Below 20,Male,Tier 1,Telangana,Homemaker,,Occasionally,Retail stores,Utility,Fusion,Handbags,Tote bag,Table runners,Moderate embroidery,Strong mirror work,Pastel shades,Weddings,1000-2000,Below 1000,Above 3000,No,Buy 2 Get 1,No,Brand story,4,No,Unlikely
41-50,Male,Tier 3 / Rural,Gujarat,Business Owner,50000-100000,Frequently,Instagram stores,Utility,Depends on product,"Laptop sleeves / utility pouches, Cushion covers",Office handbag,Decorative organizers,Heavy embroidery,Light mirror work,Black / neutral,Office use,Above 2000,1000-2000,500-1500,Strongly yes,Free shipping,No,Brand story,5,No,Unsure
31-40,Male,Tier 3 / Rural,Maharashtra,Other,50000-100000,Frequently,During travel,Design,Minimal modern,"Cushion covers, Handbags",Sling bag,Table runners,Minimal embroidery,No mirror work,Black / neutral,Festive use,Below 500,2000-4000,Above 3000,Sometimes,Flat discount,Depends on reviews,Brand story,2,Yes,Likely
Below 20,Female,Tier 1,Tamil Nadu,Business Owner,Below 25000,Occasionally,Online marketplaces,Price,Traditional,"Gift sets, Jackets / shrugs, Cushion covers",Office handbag,Decorative organizers,Heavy embroidery,No mirror work,Bright colors,Daily use,500-1000,Above 4000,1500-3000,Sometimes,Festival combo pack,Yes,Product images,2,Yes,Very unlikely
31-40,Female,Tier 3 / Rural,Tamil Nadu,Other,100000-200000,Rarely,During travel,Brand,Minimal modern,"Jackets / shrugs, Gift sets, Cushion covers",Office handbag,Wall décor textile,Minimal embroidery,Light mirror work,Bright colors,Daily use,Above 2000,Above 4000,500-1500,Strongly yes,Buy 2 Get 1,Yes,Return policy,2,No,Likely
Above 50,Female,Tier 3 / Rural,Karnataka,Freelancer,100000-200000,Occasionally,Local exhibitions,Price,Traditional,Handbags,Office handbag,Cushion covers,Moderate embroidery,No mirror work,,Weddings,Below 500,Below 1000,Above 3000,Sometimes,Flat discount,Depends on reviews,Brand story,4,Yes,Highly likely
Below 20,Female,Tier 1,Karnataka,Other,100000-200000,Occasionally,Instagram stores,Utility,Fusion,"Cushion covers, Jackets / shrugs",Sling bag,Table runners,Heavy embroidery,Light mirror work,Earth tones,Weddings,500-1000,Above 4000,1500-3000,Strongly yes,Festival combo pack,Depends on reviews,Brand story,3,No,Unlikely
31-40,Male,Metro,Telangana,Other,25000-50000,Occasionally,Local exhibitions,Price,Traditional,"Gift sets, Cushion covers",Tote bag,Table runners,Moderate embroidery,No mirror work,Pastel shades,Weddings,Below 500,Above 4000,Above 3000,Strongly yes,Free shipping,No,Return policy,5,Yes,Unlikely
31-40,Male,Metro,Gujarat,Homemaker,50000-100000,Occasionally,Instagram stores,Authenticity,Fusion,"Handbags, Laptop sleeves / utility pouches, Gift sets",Office handbag,Cushion covers,Heavy embroidery,Strong mirror work,Bright colors,Festive use,Below 500,Below 1000,Below 500,Strongly yes,Buy 2 Get 1,Yes,Brand story,2,No,Likely
Below 20,Male,Tier 1,Rajasthan,Business Owner,Above 200000,Occasionally,Retail stores,Price,Minimal modern,"Laptop sleeves / utility pouches, Gift sets",Office handbag,Wall décor textile,Minimal embroidery,Strong mirror work,Pastel shades,Office use,1000-2000,2000-4000,1500-3000,Sometimes,Festival combo pack,Depends on reviews,Reviews,3,No,Likely
Below 20,Male,Metro,Gujarat,Salaried Employee,50000-100000,Occasionally,Local exhibitions,Brand,Minimal modern,Cushion covers,Tote bag,Wall décor textile,Heavy embroidery,Light mirror work,Earth tones,Weddings,Above 2000,Below 1000,Above 3000,Strongly yes,Flat discount,No,Reviews,4,No,Unsure
41-50,Female,Tier 3 / Rural,Tamil Nadu,Other,Below 25000,Occasionally,Retail stores,Brand,Depends on product,Laptop sleeves / utility pouches,Tote bag,Wall décor textile,Minimal embroidery,Light mirror work,Pastel shades,Festive use,500-1000,Above 4000,1500-3000,Sometimes,Flat discount,Yes,Product images,5,No,Unsure
Above 50,Male,Tier 3 / Rural,Delhi,Salaried Employee,100000-200000,Frequently,Local exhibitions,Brand,Depends on product,"Jackets / shrugs, Handbags",Office handbag,Wall décor textile,Moderate embroidery,Strong mirror work,Earth tones,Daily use,500-1000,2000-4000,1500-3000,No,Flat discount,No,Product images,4,No,Likely
Above 50,Male,Metro,West Bengal,Other,Above 200000,Frequently,Retail stores,Design,Minimal modern,Gift sets,Sling bag,Cushion covers,Moderate embroidery,No mirror work,Black / neutral,Gifting,Below 500,1000-2000,Above 3000,No,Free shipping,Yes,Reviews,4,Yes,Likely
41-50,Female,Metro,Telangana,Salaried Employee,25000-50000,Occasionally,Retail stores,Design,Minimal modern,Laptop sleeves / utility pouches,Tote bag,Table runners,Minimal embroidery,No mirror work,Pastel shades,Daily use,1000-2000,1000-2000,500-1500,No,Flat discount,Yes,Reviews,2,No,Unlikely
21-30,Female,Tier 3 / Rural,Gujarat,Freelancer,Below 25000,Frequently,Instagram stores,Authenticity,Traditional,"Laptop sleeves / utility pouches, Jackets / shrugs",Office handbag,Wall décor textile,Minimal embroidery,Strong mirror work,Bright colors,Office use,Above 2000,1000-2000,Above 3000,Sometimes,Buy 2 Get 1,Depends on reviews,Product images,4,Yes,Likely
21-30,Female,Tier 2,Gujarat,Student,25000-50000,Never,Instagram stores,Authenticity,Traditional,"Cushion covers, Jackets / shrugs, Laptop sleeves / utility pouches",Office handbag,Table runners,Heavy embroidery,Strong mirror work,Earth tones,Festive use,Above 2000,Above 4000,500-1500,Strongly yes,Festival combo pack,No,Product images,2,No,Unsure
31-40,Female,Tier 2,Delhi,Business Owner,100000-200000,Frequently,Online marketplaces,Brand,Minimal modern,Laptop sleeves / utility pouches,Tote bag,Table runners,Heavy embroidery,Light mirror work,Bright colors,Festive use,Above 2000,2000-4000,Above 3000,No,Flat discount,Depends on reviews,Product images,3,No,Likely
Below 20,Female,Metro,Telangana,Salaried Employee,Above 200000,Frequently,Local exhibitions,Design,Minimal modern,"Laptop sleeves / utility pouches, Cushion covers, Jackets / shrugs",Sling bag,Decorative organizers,Heavy embroidery,No mirror work,Bright colors,Office use,Below 500,Above 4000,500-1500,Sometimes,Free shipping,Depends on reviews,Return policy,3,Yes,Unlikely
41-50,Female,Tier 2,Gujarat,Student,Below 25000,Occasionally,Local exhibitions,Utility,Minimal modern,"Jackets / shrugs, Handbags, Laptop sleeves / utility pouches",Sling bag,Decorative organizers,Moderate embroidery,No mirror work,Bright colors,Daily use,Below 500,Below 1000,1500-3000,Sometimes,Free shipping,No,Brand story,2,No,Very unlikely
41-50,Female,Tier 2,Gujarat,Student,Above 200000,Never,Instagram stores,Utility,Traditional,"Gift sets, Handbags, Cushion covers",Office handbag,Decorative organizers,Heavy embroidery,Strong mirror work,Bright colors,Gifting,Above 2000,2000-4000,Below 500,Sometimes,Flat discount,No,Return policy,1,No,Unlikely
41-50,Female,Tier 1,Rajasthan,Homemaker,25000-50000,Rarely,Local exhibitions,Authenticity,Traditional,Gift sets,Sling bag,Wall décor textile,Heavy embroidery,Strong mirror work,Black / neutral,Gifting,Above 2000,2000-4000,500-1500,No,Free shipping,Yes,Brand story,3,No,Unsure
31-40,Female,Metro,Delhi,Other,25000-50000,Never,During travel,Brand,Traditional,Jackets / shrugs,Office handbag,Cushion covers,Heavy embroidery,Light mirror work,Pastel shades,Gifting,1000-2000,Below 1000,Below 500,Sometimes,Festival combo pack,Yes,Brand story,3,No,Highly likely
Below 20,Male,Tier 3 / Rural,Rajasthan,Salaried Employee,25000-50000,Never,Local exhibitions,Utility,Minimal modern,Gift sets,Sling bag,Wall décor textile,Heavy embroidery,Strong mirror work,Black / neutral,Festive use,500-1000,Below 1000,1500-3000,No,Flat discount,Depends on reviews,Brand story,5,Yes,Unlikely
21-30,Male,Tier 2,Karnataka,Homemaker,Above 200000,Frequently,Retail stores,Utility,Traditional,"Cushion covers, Handbags",Office handbag,Wall décor textile,Heavy embroidery,Strong mirror work,Bright colors,Office use,Below 500,2000-4000,Below 500,Sometimes,Flat discount,Yes,Product images,5,Yes,Likely
41-50,Female,Tier 2,Delhi,Freelancer,50000-100000,Occasionally,Local exhibitions,Design,Fusion,"Laptop sleeves / utility pouches, Handbags",Tote bag,Cushion covers,Heavy embroidery,No mirror work,Bright colors,Daily use,1000-2000,1000-2000,1500-3000,No,Free shipping,No,Reviews,3,No,Unsure
41-50,Female,Tier 1,Telangana,Freelancer,Above 200000,Rarely,Retail stores,Brand,Fusion,Laptop sleeves / utility pouches,Office handbag,Wall décor textile,Minimal embroidery,Light mirror work,Earth tones,Office use,1000-2000,2000-4000,500-1500,Sometimes,Festival combo pack,No,Product images,1,Yes,Highly likely
Below 20,Female,Metro,Tamil Nadu,Salaried Employee,25000-50000,Occasionally,During travel,Design,Fusion,"Handbags, Cushion covers, Laptop sleeves / utility pouches",Office handbag,Wall décor textile,Minimal embroidery,Strong mirror work,Earth tones,Weddings,1000-2000,Below 1000,Above 3000,Sometimes,Free shipping,No,Reviews,4,No,Likely
31-40,Female,Metro,Maharashtra,Other,25000-50000,Occasionally,Retail stores,Authenticity,Minimal modern,"Gift sets, Jackets / shrugs",Sling bag,Decorative organizers,Moderate embroidery,Strong mirror work,,Office use,Below 500,Below 1000,500-1500,Sometimes,Flat discount,No,Reviews,1,Yes,Likely
41-50,Female,Tier 2,Gujarat,Student,25000-50000,Occasionally,Local exhibitions,Price,Traditional,"Cushion covers, Laptop sleeves / utility pouches",Sling bag,Wall décor textile,Moderate embroidery,Strong mirror work,Black / neutral,Daily use,1000-2000,1000-2000,Below 500,Strongly yes,Festival combo pack,Depends on reviews,Return policy,5,No,Unlikely
Above 50,Male,Tier 1,Karnataka,Business Owner,50000-100000,Never,Local exhibitions,Utility,Minimal modern,Handbags,Sling bag,Decorative organizers,Moderate embroidery,Strong mirror work,Earth tones,Weddings,Below 500,1000-2000,1500-3000,Strongly yes,Flat discount,Yes,Reviews,4,Yes,Highly likely
Above 50,Male,Tier 3 / Rural,Telangana,Freelancer,Below 25000,Occasionally,Local exhibitions,Design,Traditional,"Jackets / shrugs, Laptop sleeves / utility pouches, Gift sets",Sling bag,Wall décor textile,Moderate embroidery,No mirror work,Black / neutral,Gifting,1000-2000,2000-4000,Above 3000,No,Buy 2 Get 1,No,Brand story,3,No,Unsure
Above 50,Female,Tier 2,Maharashtra,Salaried Employee,50000-100000,Occasionally,Local exhibitions,Brand,Depends on product,Jackets / shrugs,Tote bag,Decorative organizers,Moderate embroidery,Strong mirror work,Pastel shades,Office use,Below 500,Above 4000,500-1500,Sometimes,Festival combo pack,Yes,Reviews,4,No,Unsure
Below 20,Female,Tier 3 / Rural,Rajasthan,Salaried Employee,Above 200000,Occasionally,Retail stores,Design,Traditional,"Handbags, Laptop sleeves / utility pouches, Gift sets",Office handbag,Wall décor textile,Moderate embroidery,No mirror work,Earth tones,Daily use,Below 500,Above 4000,Above 3000,Strongly yes,Festival combo pack,No,Brand story,4,No,Unlikely
Above 50,Female,Tier 3 / Rural,Rajasthan,Freelancer,25000-50000,Never,Retail stores,Price,Minimal modern,"Gift sets, Handbags",Tote bag,Cushion covers,Heavy embroidery,No mirror work,Black / neutral,Daily use,500-1000,Below 1000,Above 3000,Strongly yes,Festival combo pack,No,Return policy,5,Yes,Unsure
21-30,Male,Tier 2,West Bengal,Business Owner,Below 25000,Occasionally,Online marketplaces,Authenticity,Fusion,Laptop sleeves / utility pouches,Clutch,Table runners,Moderate embroidery,Light mirror work,Earth tones,Daily use,Below 500,1000-2000,1500-3000,Sometimes,Flat discount,No,Product images,3,No,Unsure
Below 20,Female,Tier 2,Maharashtra,Student,Below 25000,Never,Online marketplaces,Utility,Depends on product,Jackets / shrugs,Clutch,Table runners,Minimal embroidery,No mirror work,Pastel shades,Office use,1000-2000,1000-2000,1500-3000,No,Buy 2 Get 1,Depends on reviews,Reviews,1,Yes,Highly likely
Above 50,Female,Metro,Telangana,Salaried Employee,Above 200000,Never,Online marketplaces,Utility,Minimal modern,"Jackets / shrugs, Handbags, Laptop sleeves / utility pouches",Sling bag,Cushion covers,Minimal embroidery,Strong mirror work,Pastel shades,Daily use,Below 500,Below 1000,Below 500,Sometimes,Festival combo pack,No,Return policy,4,Yes,Unsure
31-40,Male,Tier 2,West Bengal,Homemaker,25000-50000,Rarely,Retail stores,Utility,Traditional,"Cushion covers, Gift sets, Laptop sleeves / utility pouches",Tote bag,Table runners,Minimal embroidery,Light mirror work,Black / neutral,Office use,Above 2000,Below 1000,500-1500,Strongly yes,Festival combo pack,Yes,Reviews,5,No,Likely
Below 20,Female,Metro,Gujarat,Other,100000-200000,Never,During travel,Authenticity,Traditional,"Laptop sleeves / utility pouches, Handbags",Clutch,Wall décor textile,Minimal embroidery,No mirror work,Bright colors,Festive use,Above 2000,Above 4000,500-1500,Strongly yes,Flat discount,No,Return policy,1,Yes,Very unlikely
41-50,Female,Tier 2,Maharashtra,Other,Below 25000,Rarely,Instagram stores,Brand,Minimal modern,"Jackets / shrugs, Cushion covers",Sling bag,Table runners,Moderate embroidery,Light mirror work,Black / neutral,Gifting,1000-2000,2000-4000,1500-3000,Strongly yes,Flat discount,Depends on reviews,Return policy,1,No,Likely
Below 20,Male,Tier 2,Maharashtra,Student,50000-100000,Frequently,Retail stores,Brand,Traditional,"Laptop sleeves / utility pouches, Gift sets, Jackets / shrugs",Tote bag,Table runners,Heavy embroidery,No mirror work,Black / neutral,Office use,Below 500,Above 4000,500-1500,Sometimes,Buy 2 Get 1,Yes,Brand story,5,No,Likely
41-50,Female,Tier 1,Tamil Nadu,Homemaker,25000-50000,Occasionally,Local exhibitions,Utility,Traditional,Gift sets,Office handbag,Decorative organizers,Minimal embroidery,Light mirror work,Bright colors,Daily use,1000-2000,Below 1000,1500-3000,Sometimes,Free shipping,Depends on reviews,Reviews,3,No,Very unlikely
Above 50,Male,Tier 2,Telangana,Student,50000-100000,Occasionally,Online marketplaces,Design,Fusion,Cushion covers,Clutch,Table runners,Moderate embroidery,No mirror work,Black / neutral,Daily use,500-1000,1000-2000,1500-3000,Strongly yes,Buy 2 Get 1,Yes,Return policy,1,Yes,Unlikely
21-30,Male,Metro,Rajasthan,Other,Below 25000,Never,Instagram stores,Price,Fusion,"Laptop sleeves / utility pouches, Jackets / shrugs",Tote bag,Decorative organizers,Heavy embroidery,No mirror work,Black / neutral,Office use,Below 500,Above 4000,Below 500,Strongly yes,Buy 2 Get 1,Yes,Return policy,5,Yes,Very unlikely
31-40,Female,Tier 1,Tamil Nadu,Salaried Employee,25000-50000,Occasionally,Retail stores,Brand,Minimal modern,"Laptop sleeves / utility pouches, Jackets / shrugs, Cushion covers",Sling bag,Wall décor textile,Heavy embroidery,No mirror work,Bright colors,Weddings,500-1000,2000-4000,Above 3000,No,Flat discount,Depends on reviews,Product images,2,Yes,Very unlikely
21-30,Female,Tier 1,Gujarat,Homemaker,Above 200000,Rarely,During travel,Authenticity,Fusion,"Gift sets, Jackets / shrugs",Clutch,Wall décor textile,Minimal embroidery,Strong mirror work,Black / neutral,Office use,Above 2000,1000-2000,Below 500,Sometimes,Festival combo pack,Yes,Brand story,3,No,Unlikely
41-50,Female,Tier 2,Maharashtra,Salaried Employee,100000-200000,Never,Local exhibitions,Design,Depends on product,"Cushion covers, Laptop sleeves / utility pouches, Jackets / shrugs",Tote bag,Table runners,Heavy embroidery,Light mirror work,Bright colors,Daily use,Above 2000,2000-4000,Below 500,No,Festival combo pack,Depends on reviews,Brand story,5,No,Highly likely
Below 20,Female,Tier 1,Maharashtra,Salaried Employee,50000-100000,Frequently,Online marketplaces,Design,Traditional,Jackets / shrugs,Sling bag,Decorative organizers,Moderate embroidery,Light mirror work,Black / neutral,Office use,500-1000,Below 1000,500-1500,Strongly yes,Flat discount,Depends on reviews,Brand story,3,No,Likely
Above 50,Male,Tier 1,Gujarat,Business Owner,Below 25000,Never,Instagram stores,Price,Minimal modern,"Laptop sleeves / utility pouches, Cushion covers, Gift sets",Office handbag,Wall décor textile,Moderate embroidery,Light mirror work,Bright colors,Daily use,Below 500,1000-2000,Below 500,Strongly yes,Flat discount,No,Product images,1,Yes,Likely
Below 20,Male,Tier 3 / Rural,Maharashtra,Other,Below 25000,Rarely,Retail stores,Brand,Fusion,Jackets / shrugs,Tote bag,Wall décor textile,Moderate embroidery,Light mirror work,Black / neutral,Office use,Below 500,Above 4000,Below 500,Sometimes,Flat discount,Depends on reviews,Product images,1,No,Unsure
31-40,Female,Tier 3 / Rural,Tamil Nadu,Student,Below 25000,Never,Instagram stores,Price,Depends on product,Gift sets,Sling bag,Table runners,Moderate embroidery,Strong mirror work,Earth tones,Daily use,500-1000,2000-4000,1500-3000,Strongly yes,Buy 2 Get 1,Depends on reviews,Product images,1,Yes,Likely
41-50,Female,Tier 3 / Rural,West Bengal,Business Owner,50000-100000,Rarely,Online marketplaces,Design,Fusion,"Gift sets, Handbags, Laptop sleeves / utility pouches",Sling bag,Decorative organizers,Minimal embroidery,Strong mirror work,Earth tones,Festive use,Above 2000,Below 1000,Below 500,No,Flat discount,Depends on reviews,Return policy,3,Yes,Highly likely
21-30,Female,Tier 1,Karnataka,Student,100000-200000,Rarely,Local exhibitions,Utility,Traditional,Cushion covers,Office handbag,Decorative organizers,Heavy embroidery,Strong mirror work,Black / neutral,Weddings,1000-2000,Above 4000,500-1500,No,Buy 2 Get 1,No,Product images,3,No,Unsure
41-50,Female,Tier 3 / Rural,Gujarat,Freelancer,Below 25000,Rarely,Instagram stores,Authenticity,Minimal modern,Cushion covers,Clutch,Table runners,Minimal embroidery,Strong mirror work,Pastel shades,Gifting,500-1000,1000-2000,1500-3000,Strongly yes,Flat discount,No,Product images,3,Yes,Likely
21-30,Female,Tier 2,Delhi,Freelancer,Above 200000,Occasionally,During travel,Utility,Traditional,Laptop sleeves / utility pouches,Clutch,Table runners,Heavy embroidery,Light mirror work,Black / neutral,Festive use,500-1000,Above 4000,1500-3000,Strongly yes,Festival combo pack,No,Product images,2,Yes,Unsure
Below 20,Female,Metro,Telangana,Other,25000-50000,Frequently,During travel,Price,Fusion,Jackets / shrugs,Clutch,Table runners,Minimal embroidery,No mirror work,Bright colors,Daily use,1000-2000,Below 1000,1500-3000,Strongly yes,Free shipping,No,Brand story,1,No,Unlikely
21-30,Female,Tier 3 / Rural,Telangana,Salaried Employee,25000-50000,Frequently,Instagram stores,Brand,Fusion,Laptop sleeves / utility pouches,Clutch,Wall décor textile,Minimal embroidery,No mirror work,Pastel shades,Daily use,500-1000,Above 4000,1500-3000,Sometimes,Festival combo pack,No,Brand story,4,No,Likely
21-30,Female,Metro,Delhi,Salaried Employee,50000-100000,Never,During travel,Design,Fusion,"Cushion covers, Laptop sleeves / utility pouches",Sling bag,Wall décor textile,Minimal embroidery,No mirror work,Earth tones,Festive use,Above 2000,Below 1000,1500-3000,Sometimes,Buy 2 Get 1,No,Return policy,3,Yes,Unlikely
Above 50,Female,Tier 1,West Bengal,Salaried Employee,Below 25000,Occasionally,Instagram stores,Price,Fusion,"Cushion covers, Handbags, Gift sets",Tote bag,Table runners,Minimal embroidery,No mirror work,Pastel shades,Office use,1000-2000,1000-2000,500-1500,No,Festival combo pack,No,Return policy,4,Yes,Very unlikely
41-50,Female,Tier 1,Delhi,Freelancer,100000-200000,Occasionally,Online marketplaces,Brand,Minimal modern,"Cushion covers, Laptop sleeves / utility pouches, Gift sets",Sling bag,Cushion covers,Moderate embroidery,Strong mirror work,Black / neutral,Weddings,Above 2000,1000-2000,500-1500,No,Buy 2 Get 1,No,Product images,5,No,Unsure
Above 50,Male,Metro,Gujarat,Other,Above 200000,Frequently,Local exhibitions,Brand,Fusion,"Laptop sleeves / utility pouches, Gift sets, Cushion covers",Sling bag,Wall décor textile,Minimal embroidery,No mirror work,Earth tones,Daily use,Below 500,Below 1000,1500-3000,Strongly yes,Festival combo pack,No,Product images,4,Yes,Highly likely
21-30,Male,Metro,Maharashtra,Homemaker,Below 25000,Never,Local exhibitions,Brand,Traditional,"Handbags, Laptop sleeves / utility pouches",Sling bag,Wall décor textile,Moderate embroidery,No mirror work,Bright colors,Festive use,1000-2000,2000-4000,Above 3000,Sometimes,Festival combo pack,No,Return policy,1,No,Likely
21-30,Male,Tier 3 / Rural,Gujarat,Student,Above 200000,Frequently,Local exhibitions,Brand,Fusion,Jackets / shrugs,Office handbag,Table runners,Moderate embroidery,Strong mirror work,Earth tones,Daily use,1000-2000,Above 4000,1500-3000,No,Festival combo pack,Depends on reviews,Product images,1,No,Likely
Above 50,Female,Tier 2,Rajasthan,Other,100000-200000,Frequently,Instagram stores,Authenticity,Minimal modern,"Handbags, Laptop sleeves / utility pouches",Sling bag,Cushion covers,Moderate embroidery,No mirror work,Pastel shades,Office use,1000-2000,Above 4000,500-1500,Sometimes,Free shipping,Depends on reviews,Return policy,1,Yes,Highly likely
21-30,Male,Tier 1,Telangana,Other,,Frequently,During travel,Price,Traditional,Handbags,Office handbag,Cushion covers,Heavy embroidery,No mirror work,Black / neutral,Festive use,500-1000,2000-4000,Below 500,Sometimes,Flat discount,No,Reviews,1,Yes,Very unlikely
31-40,Female,Tier 1,Maharashtra,Other,100000-200000,Frequently,During travel,Price,Fusion,"Gift sets, Handbags",Sling bag,Decorative organizers,Heavy embroidery,No mirror work,Bright colors,Office use,Above 2000,2000-4000,Above 3000,Sometimes,Flat discount,Yes,Brand story,5,Yes,Highly likely
Above 50,Male,Tier 3 / Rural,Maharashtra,Student,50000-100000,Rarely,Retail stores,Price,Minimal modern,"Handbags, Jackets / shrugs",Office handbag,Wall décor textile,Minimal embroidery,Light mirror work,Pastel shades,Festive use,500-1000,1000-2000,1500-3000,Sometimes,Buy 2 Get 1,Yes,Product images,4,Yes,Highly likely
41-50,Female,Tier 3 / Rural,Gujarat,Student,25000-50000,Never,Retail stores,Design,Fusion,Handbags,Sling bag,Cushion covers,Moderate embroidery,Light mirror work,Pastel shades,Weddings,Below 500,Above 4000,1500-3000,Strongly yes,Buy 2 Get 1,No,Return policy,3,No,Likely
Below 20,Female,Tier 2,Tamil Nadu,Other,50000-100000,Never,Local exhibitions,Design,Minimal modern,"Jackets / shrugs, Cushion covers",Tote bag,Decorative organizers,Moderate embroidery,Strong mirror work,Bright colors,Daily use,Below 500,Below 1000,1500-3000,Sometimes,Buy 2 Get 1,No,Return policy,5,No,Very unlikely
Above 50,Male,Metro,Gujarat,Student,25000-50000,Frequently,Instagram stores,Design,Depends on product,"Laptop sleeves / utility pouches, Cushion covers, Jackets / shrugs",Office handbag,Decorative organizers,Minimal embroidery,Light mirror work,Black / neutral,Gifting,500-1000,Below 1000,1500-3000,Strongly yes,Buy 2 Get 1,Depends on reviews,Reviews,1,No,Unsure
41-50,Female,Tier 1,Tamil Nadu,Homemaker,25000-50000,Rarely,Retail stores,Design,Depends on product,"Laptop sleeves / utility pouches, Jackets / shrugs, Handbags",Clutch,Decorative organizers,Heavy embroidery,Light mirror work,Black / neutral,Festive use,Below 500,2000-4000,1500-3000,Sometimes,Flat discount,No,Return policy,4,Yes,Unlikely
21-30,Male,Tier 3 / Rural,Maharashtra,Business Owner,Above 200000,Occasionally,Retail stores,Brand,Fusion,Cushion covers,Clutch,Decorative organizers,Minimal embroidery,Light mirror work,Earth tones,Festive use,500-1000,Below 1000,500-1500,Sometimes,Festival combo pack,Depends on reviews,Reviews,1,No,Unsure
31-40,Female,Tier 1,Maharashtra,Homemaker,Above 200000,Rarely,During travel,Brand,Depends on product,Cushion covers,Office handbag,Decorative organizers,Minimal embroidery,Strong mirror work,Pastel shades,Festive use,1000-2000,2000-4000,Below 500,Sometimes,Free shipping,Depends on reviews,Return policy,4,No,Unlikely
41-50,Female,Tier 1,Telangana,Other,100000-200000,Never,Online marketplaces,Authenticity,Traditional,"Laptop sleeves / utility pouches, Jackets / shrugs, Cushion covers",Clutch,Table runners,Heavy embroidery,Light mirror work,Earth tones,Daily use,1000-2000,Above 4000,500-1500,Strongly yes,Festival combo pack,No,Return policy,1,Yes,Unsure
Above 50,Female,Metro,Tamil Nadu,Business Owner,25000-50000,Frequently,Instagram stores,Design,Minimal modern,Handbags,Clutch,Cushion covers,Moderate embroidery,No mirror work,Earth tones,Weddings,500-1000,Below 1000,500-1500,No,Buy 2 Get 1,Depends on reviews,Brand story,4,No,Highly likely
31-40,Male,Tier 2,West Bengal,Homemaker,Above 200000,Rarely,During travel,Utility,Fusion,Handbags,Sling bag,Decorative organizers,Moderate embroidery,Strong mirror work,Earth tones,Gifting,1000-2000,2000-4000,Above 3000,Strongly yes,Free shipping,Yes,Product images,4,Yes,Unsure
21-30,Female,Tier 1,Gujarat,Business Owner,Below 25000,Never,Instagram stores,Design,Fusion,"Cushion covers, Laptop sleeves / utility pouches, Gift sets",Clutch,Table runners,Minimal embroidery,No mirror work,Bright colors,Gifting,Above 2000,Above 4000,Below 500,Strongly yes,Free shipping,Depends on reviews,Brand story,5,No,Highly likely
21-30,Female,Metro,Maharashtra,Freelancer,50000-100000,Occasionally,Retail stores,Price,Traditional,"Gift sets, Jackets / shrugs, Laptop sleeves / utility pouches",Sling bag,Table runners,Heavy embroidery,Light mirror work,Pastel shades,Weddings,500-1000,Above 4000,500-1500,Sometimes,Buy 2 Get 1,Yes,Reviews,5,Yes,Unsure
31-40,Female,Tier 3 / Rural,Gujarat,Homemaker,Above 200000,Occasionally,Online marketplaces,Brand,Depends on product,Gift sets,Office handbag,Table runners,Heavy embroidery,No mirror work,Black / neutral,Daily use,500-1000,Above 4000,1500-3000,Sometimes,Buy 2 Get 1,Depends on reviews,Product images,1,No,Very unlikely
21-30,Female,Metro,Gujarat,Freelancer,25000-50000,Frequently,Online marketplaces,Price,Traditional,"Laptop sleeves / utility pouches, Handbags, Gift sets",Clutch,Decorative organizers,Minimal embroidery,No mirror work,Black / neutral,Daily use,500-1000,2000-4000,1500-3000,Sometimes,Festival combo pack,Depends on reviews,Return policy,4,Yes,Highly likely
41-50,Female,Metro,Gujarat,Freelancer,50000-100000,Occasionally,Online marketplaces,Utility,Depends on product,Gift sets,Clutch,Table runners,Heavy embroidery,Strong mirror work,Pastel shades,Weddings,Above 2000,2000-4000,500-1500,Strongly yes,Festival combo pack,Depends on reviews,Brand story,2,No,Likely
31-40,Female,Metro,Karnataka,Business Owner,50000-100000,Never,Instagram stores,Price,Traditional,"Gift sets, Cushion covers, Laptop sleeves / utility pouches",Sling bag,Table runners,Heavy embroidery,No mirror work,Black / neutral,Festive use,1000-2000,Below 1000,Above 3000,Strongly yes,Buy 2 Get 1,Yes,Product images,3,No,Unlikely
Above 50,Female,Metro,Maharashtra,Other,50000-100000,Frequently,Online marketplaces,Brand,Depends on product,"Handbags, Jackets / shrugs",Clutch,Wall décor textile,Heavy embroidery,Strong mirror work,Pastel shades,Office use,1000-2000,2000-4000,Below 500,Sometimes,Festival combo pack,Yes,Return policy,1,No,Likely
Below 20,Female,Tier 2,Maharashtra,Homemaker,100000-200000,Occasionally,Instagram stores,Design,Depends on product,Jackets / shrugs,Clutch,Table runners,Minimal embroidery,Light mirror work,Pastel shades,Festive use,Below 500,2000-4000,1500-3000,No,Free shipping,No,Reviews,2,No,Very unlikely
Above 50,Male,Tier 1,Karnataka,Other,50000-100000,Never,Online marketplaces,Design,Traditional,Handbags,Office handbag,Cushion covers,Heavy embroidery,Light mirror work,Pastel shades,Festive use,1000-2000,2000-4000,1500-3000,No,Free shipping,Yes,Reviews,4,No,Unsure
Above 50,Male,Tier 2,Rajasthan,Freelancer,Below 25000,Frequently,Retail stores,Brand,Minimal modern,Handbags,Sling bag,Wall décor textile,Moderate embroidery,Strong mirror work,Pastel shades,Office use,500-1000,2000-4000,1500-3000,Strongly yes,Flat discount,No,Reviews,2,No,Unsure
41-50,Female,Tier 1,Maharashtra,Other,50000-100000,Rarely,During travel,Utility,Minimal modern,"Laptop sleeves / utility pouches, Jackets / shrugs, Cushion covers",Office handbag,Decorative organizers,Heavy embroidery,Light mirror work,Black / neutral,Weddings,500-1000,1000-2000,Below 500,No,Festival combo pack,Yes,Reviews,2,Yes,Unlikely
Below 20,Male,Tier 1,Maharashtra,Freelancer,Above 200000,Rarely,Retail stores,Brand,Minimal modern,"Laptop sleeves / utility pouches, Gift sets, Handbags",Sling bag,Wall décor textile,Heavy embroidery,Light mirror work,Earth tones,Festive use,1000-2000,Above 4000,500-1500,No,Flat discount,No,Return policy,3,No,Very unlikely
41-50,Female,Metro,West Bengal,Freelancer,50000-100000,Occasionally,Online marketplaces,Authenticity,Traditional,Laptop sleeves / utility pouches,Tote bag,Table runners,Moderate embroidery,No mirror work,Black / neutral,Gifting,500-1000,Above 4000,Below 500,Strongly yes,Flat discount,No,Return policy,1,Yes,Highly likely
Below 20,Male,Tier 3 / Rural,Karnataka,Freelancer,Above 200000,Frequently,Online marketplaces,Utility,Minimal modern,"Handbags, Cushion covers",Clutch,Cushion covers,Moderate embroidery,Strong mirror work,Black / neutral,Gifting,1000-2000,Below 1000,Above 3000,Sometimes,Festival combo pack,Depends on reviews,Product images,3,No,Unsure
41-50,Female,Tier 3 / Rural,Tamil Nadu,Salaried Employee,25000-50000,Frequently,During travel,Utility,Minimal modern,"Gift sets, Cushion covers, Laptop sleeves / utility pouches",Tote bag,Wall décor textile,Heavy embroidery,Light mirror work,Black / neutral,Gifting,1000-2000,Below 1000,1500-3000,Strongly yes,Festival combo pack,No,Product images,5,Yes,Unsure
Above 50,Male,Tier 1,Maharashtra,Freelancer,Above 200000,Occasionally,Retail stores,Brand,Minimal modern,"Handbags, Laptop sleeves / utility pouches, Gift sets",Office handbag,Wall décor textile,Heavy embroidery,No mirror work,Black / neutral,Gifting,Below 500,1000-2000,1500-3000,No,Buy 2 Get 1,No,Product images,5,No,Unsure
41-50,Male,Tier 1,Rajasthan,Salaried Employee,Below 25000,Frequently,Instagram stores,Authenticity,Minimal modern,"Jackets / shrugs, Gift sets",Tote bag,Cushion covers,Heavy embroidery,No mirror work,Pastel shades,Festive use,Above 2000,Above 4000,1500-3000,Strongly yes,Free shipping,No,Product images,5,Yes,Unlikely
Below 20,Female,Tier 3 / Rural,Rajasthan,Other,Above 200000,Frequently,Instagram stores,Design,Fusion,"Laptop sleeves / utility pouches, Handbags, Gift sets",Office handbag,Table runners,Minimal embroidery,Light mirror work,Black / neutral,Festive use,Below 500,2000-4000,Below 500,No,Flat discount,No,Reviews,2,Yes,Unlikely
31-40,Female,Tier 3 / Rural,Tamil Nadu,Student,25000-50000,Never,Online marketplaces,Utility,Depends on product,"Jackets / shrugs, Handbags, Cushion covers",Office handbag,Decorative organizers,Heavy embroidery,Light mirror work,Earth tones,Office use,1000-2000,1000-2000,Above 3000,Strongly yes,Free shipping,Yes,Product images,2,No,Unsure
Below 20,Female,Tier 2,Rajasthan,Other,25000-50000,Rarely,Retail stores,Utility,Depends on product,Laptop sleeves / utility pouches,Tote bag,Decorative organizers,Minimal embroidery,Strong mirror work,Pastel shades,Office use,Below 500,1000-2000,Above 3000,Strongly yes,Festival combo pack,No,Reviews,4,Yes,Likely
Below 20,Male,Tier 1,Tamil Nadu,Business Owner,100000-200000,Frequently,Local exhibitions,Brand,Traditional,"Jackets / shrugs, Gift sets",Office handbag,Cushion covers,Heavy embroidery,Light mirror work,Black / neutral,Office use,500-1000,Above 4000,Above 3000,Strongly yes,Festival combo pack,No,Product images,1,Yes,Likely
Above 50,Male,Tier 2,West Bengal,Business Owner,Above 200000,Frequently,Instagram stores,Price,Minimal modern,"Gift sets, Cushion covers",Clutch,Wall décor textile,Moderate embroidery,Strong mirror work,Bright colors,Weddings,500-1000,2000-4000,500-1500,Sometimes,Buy 2 Get 1,Yes,Brand story,1,Yes,Likely
21-30,Male,Tier 3 / Rural,West Bengal,Freelancer,100000-200000,Frequently,Retail stores,Utility,Minimal modern,"Laptop sleeves / utility pouches, Cushion covers",Office handbag,Wall décor textile,Moderate embroidery,No mirror work,Pastel shades,Weddings,500-1000,1000-2000,1500-3000,No,Free shipping,Yes,Return policy,1,Yes,Unsure
Above 50,Male,Tier 3 / Rural,Maharashtra,Salaried Employee,Above 200000,Occasionally,Local exhibitions,Utility,Traditional,Laptop sleeves / utility pouches,Office handbag,Cushion covers,Minimal embroidery,Strong mirror work,Pastel shades,Weddings,Below 500,Below 1000,Above 3000,No,Festival combo pack,No,Reviews,1,Yes,Unlikely
41-50,Female,Tier 2,Telangana,Business Owner,100000-200000,Never,Retail stores,Authenticity,Depends on product,"Jackets / shrugs, Cushion covers",Clutch,Decorative organizers,Moderate embroidery,No mirror work,Bright colors,Gifting,Above 2000,1000-2000,Above 3000,Sometimes,Flat discount,Yes,Reviews,5,No,Unlikely
Above 50,Female,Tier 2,Rajasthan,Student,Above 200000,Frequently,Instagram stores,Price,Minimal modern,"Laptop sleeves / utility pouches, Gift sets, Handbags",Sling bag,Wall décor textile,Heavy embroidery,Strong mirror work,Bright colors,Gifting,1000-2000,2000-4000,Below 500,Sometimes,Buy 2 Get 1,Depends on reviews,Brand story,4,No,Highly likely
21-30,Male,Tier 3 / Rural,Tamil Nadu,Business Owner,25000-50000,Rarely,Local exhibitions,Authenticity,Depends on product,"Jackets / shrugs, Gift sets, Handbags",Sling bag,Cushion covers,Minimal embroidery,Strong mirror work,Pastel shades,Daily use,Below 500,Below 1000,Below 500,Strongly yes,Flat discount,Depends on reviews,Reviews,1,No,Unsure
41-50,Female,Metro,Karnataka,Freelancer,100000-200000,Rarely,Online marketplaces,Utility,Depends on product,"Laptop sleeves / utility pouches, Handbags",Tote bag,Decorative organizers,Heavy embroidery,No mirror work,Black / neutral,Office use,Below 500,2000-4000,1500-3000,Sometimes,Festival combo pack,No,Return policy,5,Yes,Unlikely
31-40,Male,Tier 3 / Rural,Karnataka,Business Owner,Below 25000,Never,Online marketplaces,Utility,Depends on product,"Jackets / shrugs, Gift sets",Tote bag,Wall décor textile,Moderate embroidery,Light mirror work,Pastel shades,Office use,1000-2000,Below 1000,Above 3000,No,Flat discount,No,Product images,5,No,Highly likely
41-50,Female,Tier 1,Rajasthan,Homemaker,25000-50000,Occasionally,Online marketplaces,Utility,Depends on product,Jackets / shrugs,Clutch,Cushion covers,Heavy embroidery,No mirror work,Earth tones,Weddings,Above 2000,2000-4000,1500-3000,Sometimes,Buy 2 Get 1,No,Brand story,4,Yes,Likely
41-50,Male,Tier 2,Delhi,Salaried Employee,100000-200000,Frequently,Online marketplaces,Utility,Fusion,"Handbags, Laptop sleeves / utility pouches, Jackets / shrugs",Clutch,Decorative organizers,Heavy embroidery,No mirror work,Bright colors,Daily use,1000-2000,2000-4000,Above 3000,Strongly yes,Free shipping,No,Return policy,1,Yes,Very unlikely
Above 50,Male,Tier 3 / Rural,Maharashtra,Salaried Employee,100000-200000,Frequently,Online marketplaces,Design,Fusion,"Cushion covers, Laptop sleeves / utility pouches, Gift sets",Tote bag,Decorative organizers,Moderate embroidery,No mirror work,Black / neutral,Weddings,1000-2000,2000-4000,500-1500,No,Free shipping,Depends on reviews,Return policy,3,No,Likely
21-30,Male,Tier 1,Delhi,Freelancer,Above 200000,Frequently,Retail stores,Design,Fusion,"Laptop sleeves / utility pouches, Handbags, Jackets / shrugs",Office handbag,Wall décor textile,Minimal embroidery,Light mirror work,,Gifting,Below 500,2000-4000,Below 500,Strongly yes,Festival combo pack,Depends on reviews,Brand story,5,No,Highly likely
Above 50,Female,Metro,Karnataka,Homemaker,Below 25000,Occasionally,During travel,Design,Fusion,"Cushion covers, Handbags, Jackets / shrugs",Sling bag,Decorative organizers,Minimal embroidery,No mirror work,Earth tones,Festive use,Below 500,2000-4000,1500-3000,No,Free shipping,Depends on reviews,Return policy,1,No,Likely
Below 20,Male,Tier 2,Rajasthan,Freelancer,Below 25000,Never,Instagram stores,Authenticity,Traditional,"Laptop sleeves / utility pouches, Cushion covers",Clutch,Decorative organizers,Heavy embroidery,Light mirror work,Earth tones,Weddings,Below 500,1000-2000,Above 3000,Strongly yes,Festival combo pack,Yes,Reviews,3,No,Unsure
Above 50,Female,Tier 3 / Rural,West Bengal,Student,Below 25000,Never,Retail stores,Authenticity,Traditional,Laptop sleeves / utility pouches,Clutch,Table runners,Heavy embroidery,No mirror work,Bright colors,Gifting,Below 500,1000-2000,Above 3000,Sometimes,Festival combo pack,Yes,Return policy,5,No,Likely
Above 50,Male,Tier 2,Telangana,Freelancer,100000-200000,Frequently,Instagram stores,Brand,Fusion,Laptop sleeves / utility pouches,Office handbag,Decorative organizers,Minimal embroidery,No mirror work,Earth tones,Festive use,1000-2000,Below 1000,Below 500,Strongly yes,Free shipping,Yes,Product images,5,Yes,Unsure
31-40,Female,Tier 2,Delhi,Homemaker,25000-50000,Occasionally,Instagram stores,Price,Fusion,Cushion covers,Sling bag,Decorative organizers,Heavy embroidery,Light mirror work,Black / neutral,Weddings,1000-2000,2000-4000,Below 500,Strongly yes,Festival combo pack,No,Return policy,5,Yes,Unsure
Below 20,Male,Tier 3 / Rural,Gujarat,Salaried Employee,Below 25000,Occasionally,Online marketplaces,Design,Minimal modern,"Gift sets, Cushion covers",Tote bag,Wall décor textile,Heavy embroidery,Strong mirror work,Bright colors,Festive use,500-1000,1000-2000,500-1500,Strongly yes,Festival combo pack,Depends on reviews,Reviews,2,Yes,Unsure
Above 50,Female,Tier 1,Telangana,Other,100000-200000,Never,Retail stores,Design,Traditional,Laptop sleeves / utility pouches,Tote bag,Wall décor textile,Minimal embroidery,Strong mirror work,Black / neutral,Gifting,Above 2000,Above 4000,500-1500,No,Festival combo pack,No,Brand story,3,Yes,Unsure
31-40,Female,Tier 2,Tamil Nadu,Homemaker,Above 200000,Rarely,During travel,Design,Depends on product,"Cushion covers, Laptop sleeves / utility pouches, Handbags",Tote bag,Wall décor textile,Heavy embroidery,Strong mirror work,Earth tones,Festive use,Above 2000,2000-4000,1500-3000,Strongly yes,Festival combo pack,Depends on reviews,Product images,1,No,Unsure
Above 50,Male,Tier 3 / Rural,Telangana,Salaried Employee,50000-100000,Never,Instagram stores,Price,Fusion,"Handbags, Laptop sleeves / utility pouches",Sling bag,Decorative organizers,Heavy embroidery,Light mirror work,Bright colors,Daily use,Above 2000,2000-4000,Above 3000,Strongly yes,Buy 2 Get 1,Depends on reviews,Brand story,2,No,Highly likely
31-40,Male,Metro,Maharashtra,Other,25000-50000,Frequently,Online marketplaces,Utility,Depends on product,"Jackets / shrugs, Handbags",Office handbag,Decorative organizers,Moderate embroidery,No mirror work,Pastel shades,Daily use,1000-2000,2000-4000,1500-3000,Strongly yes,Free shipping,No,Reviews,5,Yes,Highly likely
31-40,Male,Tier 1,Maharashtra,Salaried Employee,50000-100000,Rarely,Retail stores,Design,Depends on product,Gift sets,Tote bag,Decorative organizers,Heavy embroidery,Strong mirror work,Black / neutral,Gifting,Below 500,Above 4000,Below 500,Sometimes,Festival combo pack,No,Reviews,4,No,Unlikely
41-50,Male,Metro,Rajasthan,Business Owner,Above 200000,Occasionally,Local exhibitions,Price,Fusion,"Jackets / shrugs, Handbags",Office handbag,Cushion covers,Moderate embroidery,Strong mirror work,Bright colors,Office use,500-1000,1000-2000,Below 500,Sometimes,Festival combo pack,Yes,Brand story,2,No,Highly likely
21-30,Female,Tier 2,Gujarat,Business Owner,100000-200000,Frequently,Local exhibitions,Brand,Fusion,"Gift sets, Cushion covers",Sling bag,Decorative organizers,Minimal embroidery,Strong mirror work,Earth tones,Gifting,500-1000,2000-4000,Above 3000,Strongly yes,Buy 2 Get 1,Yes,Product images,3,No,Highly likely
Below 20,Male,Tier 1,Rajasthan,Business Owner,50000-100000,Frequently,Online marketplaces,Price,Minimal modern,"Laptop sleeves / utility pouches, Jackets / shrugs",Tote bag,Decorative organizers,Heavy embroidery,No mirror work,Pastel shades,Weddings,500-1000,Above 4000,Above 3000,Strongly yes,Buy 2 Get 1,No,Reviews,4,Yes,Unsure
Below 20,Female,Tier 3 / Rural,Tamil Nadu,Salaried Employee,25000-50000,Never,During travel,Authenticity,Traditional,Laptop sleeves / utility pouches,Tote bag,Table runners,Moderate embroidery,Light mirror work,Bright colors,Festive use,Below 500,2000-4000,500-1500,No,Festival combo pack,Yes,Reviews,5,No,Highly likely
21-30,Male,Tier 1,Maharashtra,Homemaker,Below 25000,Occasionally,Local exhibitions,Brand,Depends on product,Gift sets,Office handbag,Decorative organizers,Heavy embroidery,Strong mirror work,,Festive use,Above 2000,2000-4000,Below 500,Sometimes,Flat discount,Yes,Brand story,4,Yes,Unlikely
21-30,Female,Tier 2,West Bengal,Student,50000-100000,Occasionally,Instagram stores,Utility,Fusion,Laptop sleeves / utility pouches,Clutch,Decorative organizers,Heavy embroidery,Strong mirror work,Black / neutral,Gifting,Below 500,2000-4000,Above 3000,No,Buy 2 Get 1,No,Reviews,3,No,Unsure
Below 20,Male,Metro,Karnataka,Business Owner,100000-200000,Never,Local exhibitions,Authenticity,Depends on product,"Jackets / shrugs, Cushion covers",Tote bag,Decorative organizers,Moderate embroidery,No mirror work,Bright colors,Weddings,Above 2000,1000-2000,1500-3000,No,Festival combo pack,Depends on reviews,Reviews,3,Yes,Unlikely
Below 20,Female,Metro,Tamil Nadu,Salaried Employee,25000-50000,Never,Online marketplaces,Design,Minimal modern,"Handbags, Jackets / shrugs",Sling bag,Cushion covers,Minimal embroidery,Light mirror work,Bright colors,Festive use,500-1000,1000-2000,Below 500,Sometimes,Buy 2 Get 1,Depends on reviews,Reviews,3,Yes,Very unlikely
41-50,Male,Metro,West Bengal,Business Owner,50000-100000,Frequently,During travel,Authenticity,Minimal modern,"Cushion covers, Handbags, Gift sets",Office handbag,Decorative organizers,Heavy embroidery,Light mirror work,Black / neutral,Festive use,Below 500,Above 4000,500-1500,No,Buy 2 Get 1,Depends on reviews,Brand story,2,Yes,Unsure
Below 20,Female,Tier 1,Karnataka,Salaried Employee,Below 25000,Frequently,Retail stores,Utility,Minimal modern,"Handbags, Cushion covers, Jackets / shrugs",Tote bag,Wall décor textile,Moderate embroidery,Light mirror work,Earth tones,Festive use,500-1000,Below 1000,1500-3000,Sometimes,Free shipping,Depends on reviews,Brand story,2,Yes,Unlikely
Below 20,Female,Metro,Telangana,Freelancer,Above 200000,Frequently,Retail stores,Utility,Traditional,"Handbags, Cushion covers, Gift sets",Sling bag,Decorative organizers,Moderate embroidery,Light mirror work,Bright colors,Gifting,500-1000,1000-2000,1500-3000,No,Flat discount,Yes,Product images,1,No,Likely
Above 50,Male,Tier 3 / Rural,Rajasthan,Business Owner,Above 200000,Frequently,During travel,Brand,Depends on product,"Gift sets, Handbags, Cushion covers",Clutch,Decorative organizers,Heavy embroidery,Strong mirror work,Black / neutral,Weddings,1000-2000,1000-2000,1500-3000,No,Buy 2 Get 1,Yes,Reviews,2,Yes,Unsure
21-30,Female,Tier 1,Maharashtra,Student,100000-200000,Occasionally,Retail stores,Brand,Fusion,"Jackets / shrugs, Laptop sleeves / utility pouches, Gift sets",Office handbag,Table runners,Moderate embroidery,Strong mirror work,Bright colors,Gifting,1000-2000,2000-4000,Above 3000,No,Buy 2 Get 1,Yes,Return policy,1,Yes,Highly likely
Below 20,Female,Tier 2,Tamil Nadu,Student,25000-50000,Frequently,Online marketplaces,Price,Traditional,"Gift sets, Cushion covers",Clutch,Cushion covers,Minimal embroidery,Light mirror work,Earth tones,Weddings,Above 2000,1000-2000,Below 500,Sometimes,Free shipping,No,Reviews,4,Yes,Likely
41-50,Female,Tier 1,Maharashtra,Other,25000-50000,Rarely,Local exhibitions,Price,Minimal modern,"Gift sets, Laptop sleeves / utility pouches, Cushion covers",Tote bag,Cushion covers,Heavy embroidery,No mirror work,Bright colors,Daily use,Below 500,1000-2000,Below 500,Sometimes,Buy 2 Get 1,Yes,Product images,5,Yes,Unlikely
Below 20,Female,Metro,Tamil Nadu,Business Owner,100000-200000,Never,During travel,Utility,Fusion,Laptop sleeves / utility pouches,Sling bag,Table runners,Heavy embroidery,Strong mirror work,Earth tones,Gifting,Above 2000,Below 1000,1500-3000,Sometimes,Buy 2 Get 1,No,Brand story,5,Yes,Unsure
41-50,Female,Tier 3 / Rural,Telangana,Freelancer,Below 25000,Rarely,Retail stores,Authenticity,Fusion,"Gift sets, Jackets / shrugs",Clutch,Table runners,Heavy embroidery,Light mirror work,Black / neutral,Festive use,500-1000,Above 4000,Below 500,Strongly yes,Festival combo pack,No,Brand story,3,No,Very unlikely
31-40,Male,Metro,Karnataka,Student,50000-100000,Never,Retail stores,Brand,Fusion,Gift sets,Tote bag,Wall décor textile,Minimal embroidery,Light mirror work,Bright colors,Festive use,500-1000,2000-4000,1500-3000,Strongly yes,Festival combo pack,No,Brand story,1,Yes,Unsure
31-40,Male,Tier 1,Telangana,Homemaker,50000-100000,Rarely,Instagram stores,Authenticity,Minimal modern,"Cushion covers, Gift sets",Office handbag,Cushion covers,Moderate embroidery,Light mirror work,Black / neutral,Office use,500-1000,Below 1000,Above 3000,Strongly yes,Free shipping,No,Return policy,3,No,Likely
41-50,Female,Tier 3 / Rural,Maharashtra,Student,25000-50000,Occasionally,During travel,Design,Depends on product,"Laptop sleeves / utility pouches, Handbags, Gift sets",Clutch,Decorative organizers,Minimal embroidery,Strong mirror work,Bright colors,Daily use,Above 2000,Above 4000,Above 3000,No,Free shipping,Depends on reviews,Reviews,3,Yes,Highly likely
Below 20,Female,Tier 1,Gujarat,Student,50000-100000,Frequently,Instagram stores,Utility,Minimal modern,"Laptop sleeves / utility pouches, Gift sets",Sling bag,Wall décor textile,Minimal embroidery,Strong mirror work,Bright colors,Weddings,Below 500,Above 4000,Below 500,Sometimes,Festival combo pack,Yes,Reviews,1,No,Unlikely
Below 20,Male,Tier 2,Karnataka,Business Owner,50000-100000,Rarely,Online marketplaces,Brand,Traditional,"Jackets / shrugs, Handbags, Gift sets",Sling bag,Table runners,Minimal embroidery,Light mirror work,Earth tones,Office use,Above 2000,1000-2000,1500-3000,Sometimes,Free shipping,No,Reviews,1,No,Unsure
31-40,Female,Tier 2,Tamil Nadu,Other,Below 25000,Occasionally,During travel,Authenticity,Depends on product,"Gift sets, Cushion covers, Handbags",Tote bag,Table runners,Heavy embroidery,Light mirror work,Earth tones,Office use,Below 500,Above 4000,1500-3000,No,Free shipping,Depends on reviews,Return policy,4,No,Highly likely
41-50,Male,Tier 2,Gujarat,Business Owner,50000-100000,Rarely,Instagram stores,Brand,Minimal modern,"Handbags, Gift sets",Clutch,Table runners,Minimal embroidery,Light mirror work,Earth tones,Festive use,Above 2000,Above 4000,Below 500,No,Festival combo pack,No,Brand story,5,Yes,Highly likely
21-30,Female,Tier 3 / Rural,Maharashtra,Freelancer,Below 25000,Rarely,During travel,Authenticity,Minimal modern,"Gift sets, Handbags, Laptop sleeves / utility pouches",Tote bag,Wall décor textile,Moderate embroidery,Light mirror work,Pastel shades,Festive use,Below 500,Above 4000,500-1500,Sometimes,Free shipping,Depends on reviews,Return policy,2,No,Unlikely
Above 50,Male,Tier 2,Delhi,Homemaker,50000-100000,Rarely,During travel,Authenticity,Fusion,"Handbags, Gift sets",Office handbag,Wall décor textile,Minimal embroidery,Strong mirror work,Earth tones,Daily use,500-1000,Below 1000,500-1500,Strongly yes,Free shipping,Depends on reviews,Reviews,3,No,Unsure
Above 50,Female,Tier 1,Tamil Nadu,Other,50000-100000,Occasionally,Local exhibitions,Design,Minimal modern,"Jackets / shrugs, Laptop sleeves / utility pouches",Clutch,Decorative organizers,Minimal embroidery,Light mirror work,Bright colors,Gifting,Above 2000,Above 4000,Above 3000,Strongly yes,Free shipping,Yes,Product images,1,Yes,Unsure
41-50,Male,Metro,West Bengal,Business Owner,50000-100000,Frequently,During travel,Price,Minimal modern,"Laptop sleeves / utility pouches, Handbags, Cushion covers",Office handbag,Cushion covers,Minimal embroidery,No mirror work,Bright colors,Office use,Above 2000,Above 4000,Below 500,No,Flat discount,No,Return policy,3,Yes,Unlikely
Above 50,Female,Tier 3 / Rural,Telangana,Student,Below 25000,Occasionally,Local exhibitions,Brand,Depends on product,Handbags,Sling bag,Wall décor textile,Heavy embroidery,Light mirror work,Earth tones,Daily use,1000-2000,Below 1000,500-1500,Strongly yes,Free shipping,Yes,Brand story,5,No,Likely
31-40,Female,Tier 2,Telangana,Salaried Employee,25000-50000,Rarely,Retail stores,Brand,Depends on product,"Gift sets, Laptop sleeves / utility pouches, Cushion covers",Tote bag,Cushion covers,Heavy embroidery,No mirror work,Pastel shades,Weddings,Above 2000,Below 1000,500-1500,No,Festival combo pack,No,Brand story,1,Yes,Unsure
41-50,Female,Tier 2,Delhi,Salaried Employee,Below 25000,Frequently,During travel,Utility,Minimal modern,Handbags,Tote bag,Cushion covers,Minimal embroidery,No mirror work,Pastel shades,Weddings,1000-2000,Below 1000,500-1500,Strongly yes,Buy 2 Get 1,Yes,Product images,5,No,Unlikely
41-50,Male,Tier 1,West Bengal,Student,100000-200000,Occasionally,Local exhibitions,Utility,Traditional,"Laptop sleeves / utility pouches, Jackets / shrugs, Cushion covers",Office handbag,Table runners,Heavy embroidery,Light mirror work,Earth tones,Gifting,500-1000,Below 1000,500-1500,No,Festival combo pack,No,Product images,3,Yes,Very unlikely
21-30,Male,Tier 1,Maharashtra,Student,Below 25000,Occasionally,Retail stores,Utility,Minimal modern,"Gift sets, Handbags",Office handbag,Decorative organizers,Heavy embroidery,Strong mirror work,Bright colors,Office use,Below 500,Below 1000,Below 500,Strongly yes,Free shipping,No,Return policy,5,Yes,Unlikely
31-40,Male,Tier 3 / Rural,Karnataka,Freelancer,Above 200000,Rarely,Instagram stores,Authenticity,Depends on product,"Handbags, Jackets / shrugs, Gift sets",Office handbag,Table runners,Minimal embroidery,Strong mirror work,Bright colors,Office use,Above 2000,Above 4000,Above 3000,Strongly yes,Flat discount,Yes,Return policy,2,Yes,Unsure
Above 50,Female,Tier 1,West Bengal,Homemaker,Below 25000,Occasionally,Local exhibitions,Authenticity,Fusion,"Cushion covers, Handbags",Sling bag,Decorative organizers,Minimal embroidery,Light mirror work,Pastel shades,Festive use,Below 500,1000-2000,Below 500,Sometimes,Buy 2 Get 1,Depends on reviews,Return policy,3,No,Unsure
Below 20,Female,Tier 1,Maharashtra,Freelancer,50000-100000,Rarely,During travel,Authenticity,Traditional,"Laptop sleeves / utility pouches, Cushion covers",Sling bag,Decorative organizers,Minimal embroidery,No mirror work,Pastel shades,Festive use,500-1000,Below 1000,500-1500,No,Flat discount,Depends on reviews,Product images,1,No,Unlikely
Below 20,Male,Tier 1,Rajasthan,Student,50000-100000,Rarely,Online marketplaces,Design,Traditional,"Laptop sleeves / utility pouches, Jackets / shrugs",Clutch,Table runners,Moderate embroidery,Strong mirror work,Bright colors,Festive use,Above 2000,2000-4000,1500-3000,Sometimes,Festival combo pack,Depends on reviews,Return policy,1,No,Likely
Below 20,Female,Metro,Karnataka,Student,Below 25000,Frequently,During travel,Brand,Depends on product,"Cushion covers, Laptop sleeves / utility pouches",Clutch,Table runners,Heavy embroidery,Strong mirror work,Pastel shades,Daily use,500-1000,1000-2000,1500-3000,Sometimes,Festival combo pack,No,Brand story,4,Yes,Unlikely
Below 20,Female,Tier 1,Rajasthan,Salaried Employee,100000-200000,Never,Retail stores,Utility,Minimal modern,Handbags,Clutch,Table runners,Moderate embroidery,Strong mirror work,Earth tones,Office use,500-1000,Above 4000,1500-3000,Sometimes,Buy 2 Get 1,Depends on reviews,Reviews,3,No,Very unlikely
Above 50,Male,Metro,Tamil Nadu,Freelancer,Above 200000,Frequently,During travel,Brand,Minimal modern,"Gift sets, Handbags",Clutch,Table runners,Heavy embroidery,No mirror work,Pastel shades,Gifting,500-1000,Above 4000,1500-3000,No,Flat discount,No,Brand story,2,Yes,Unlikely
41-50,Male,Tier 1,Tamil Nadu,Homemaker,50000-100000,Occasionally,Instagram stores,Price,Traditional,"Gift sets, Handbags, Jackets / shrugs",Office handbag,Table runners,Heavy embroidery,Strong mirror work,Pastel shades,Gifting,Above 2000,Above 4000,500-1500,Strongly yes,Flat discount,Yes,Product images,4,Yes,Likely
31-40,Female,Tier 1,Maharashtra,Salaried Employee,50000-100000,Frequently,Online marketplaces,Utility,Fusion,Handbags,Tote bag,Wall décor textile,Minimal embroidery,No mirror work,Earth tones,Daily use,1000-2000,Above 4000,1500-3000,Strongly yes,Buy 2 Get 1,No,Brand story,5,Yes,Highly likely
21-30,Female,Tier 3 / Rural,Rajasthan,Homemaker,Below 25000,Occasionally,Instagram stores,Utility,Minimal modern,"Jackets / shrugs, Laptop sleeves / utility pouches, Gift sets",Tote bag,Wall décor textile,Heavy embroidery,Strong mirror work,Earth tones,Weddings,Above 2000,1000-2000,Above 3000,Sometimes,Flat discount,Yes,Reviews,1,No,Unlikely
41-50,Female,Metro,Gujarat,Student,Above 200000,Frequently,Local exhibitions,Utility,Minimal modern,Handbags,Sling bag,Cushion covers,Minimal embroidery,Light mirror work,Black / neutral,Weddings,Below 500,Above 4000,1500-3000,Strongly yes,Flat discount,Depends on reviews,Return policy,3,Yes,Highly likely
21-30,Male,Metro,Maharashtra,Homemaker,Above 200000,Frequently,Online marketplaces,Brand,Fusion,"Laptop sleeves / utility pouches, Jackets / shrugs",Sling bag,Decorative organizers,Heavy embroidery,No mirror work,Pastel shades,Daily use,Below 500,2000-4000,500-1500,Strongly yes,Free shipping,Depends on reviews,Product images,5,Yes,Likely
31-40,Female,Tier 1,Maharashtra,Homemaker,100000-200000,Rarely,Online marketplaces,Price,Fusion,Handbags,Sling bag,Cushion covers,Heavy embroidery,Strong mirror work,Earth tones,Office use,Below 500,Above 4000,Above 3000,Strongly yes,Buy 2 Get 1,Yes,Return policy,3,Yes,Highly likely
Below 20,Female,Tier 1,Maharashtra,Homemaker,25000-50000,Rarely,Local exhibitions,Design,Minimal modern,"Handbags, Cushion covers, Laptop sleeves / utility pouches",Clutch,Wall décor textile,Minimal embroidery,Light mirror work,Black / neutral,Weddings,Below 500,2000-4000,Below 500,No,Festival combo pack,Yes,Reviews,3,No,Likely
Below 20,Female,Tier 3 / Rural,Telangana,Other,50000-100000,Occasionally,Local exhibitions,Design,Minimal modern,"Laptop sleeves / utility pouches, Cushion covers",Clutch,Table runners,Moderate embroidery,Strong mirror work,Earth tones,Festive use,Below 500,Above 4000,Below 500,Strongly yes,Flat discount,No,Product images,3,Yes,Unlikely
Above 50,Male,Metro,West Bengal,Other,25000-50000,Frequently,Local exhibitions,Price,Depends on product,"Laptop sleeves / utility pouches, Handbags",Sling bag,Cushion covers,Minimal embroidery,No mirror work,Bright colors,Gifting,500-1000,2000-4000,500-1500,No,Festival combo pack,No,Brand story,3,No,Unsure
31-40,Female,Tier 2,Telangana,Freelancer,50000-100000,Never,During travel,Price,Fusion,Laptop sleeves / utility pouches,Sling bag,Decorative organizers,Moderate embroidery,Light mirror work,Pastel shades,Daily use,Below 500,1000-2000,1500-3000,Sometimes,Festival combo pack,Yes,Reviews,1,No,Likely
Below 20,Female,Tier 2,Karnataka,Business Owner,50000-100000,Occasionally,During travel,Authenticity,Depends on product,Gift sets,Tote bag,Wall décor textile,Heavy embroidery,Light mirror work,Bright colors,Daily use,1000-2000,Above 4000,Above 3000,No,Festival combo pack,Depends on reviews,Brand story,5,Yes,Very unlikely
31-40,Male,Tier 1,Karnataka,Other,Above 200000,Frequently,During travel,Utility,Depends on product,Cushion covers,Clutch,Wall décor textile,Moderate embroidery,Strong mirror work,Earth tones,Daily use,Below 500,1000-2000,Above 3000,Sometimes,Flat discount,No,Brand story,2,Yes,Very unlikely
21-30,Female,Tier 2,Karnataka,Student,Below 25000,Rarely,Instagram stores,Authenticity,Minimal modern,"Cushion covers, Jackets / shrugs, Laptop sleeves / utility pouches",Sling bag,Table runners,Minimal embroidery,No mirror work,Pastel shades,Office use,1000-2000,1000-2000,500-1500,Sometimes,Flat discount,No,Product images,2,Yes,Highly likely
21-30,Male,Metro,Maharashtra,Student,Above 200000,Rarely,Instagram stores,Brand,Minimal modern,"Gift sets, Jackets / shrugs, Handbags",Office handbag,Cushion covers,Minimal embroidery,Strong mirror work,Earth tones,Daily use,1000-2000,1000-2000,1500-3000,Strongly yes,Festival combo pack,Yes,Product images,2,Yes,Highly likely
31-40,Male,Tier 2,Telangana,Other,Above 200000,Never,Local exhibitions,Utility,Depends on product,"Cushion covers, Handbags, Laptop sleeves / utility pouches",Clutch,Cushion covers,Moderate embroidery,Light mirror work,Pastel shades,Daily use,Below 500,1000-2000,500-1500,Sometimes,Festival combo pack,Yes,Reviews,5,No,Likely
41-50,Male,Tier 1,Rajasthan,Freelancer,100000-200000,Never,Retail stores,Price,Depends on product,Laptop sleeves / utility pouches,Office handbag,Table runners,Moderate embroidery,Light mirror work,Bright colors,Gifting,Above 2000,Below 1000,Below 500,Sometimes,Festival combo pack,Yes,Return policy,4,Yes,Unsure
Above 50,Female,Tier 2,Gujarat,Homemaker,25000-50000,Rarely,Instagram stores,Utility,Minimal modern,"Laptop sleeves / utility pouches, Gift sets",Sling bag,Cushion covers,Heavy embroidery,No mirror work,Pastel shades,Gifting,500-1000,Above 4000,Below 500,No,Festival combo pack,Yes,Reviews,2,No,Unlikely
Above 50,Male,Tier 2,Rajasthan,Business Owner,50000-100000,Never,During travel,Price,Traditional,Cushion covers,Tote bag,Table runners,Moderate embroidery,No mirror work,Black / neutral,Festive use,500-1000,1000-2000,Above 3000,No,Free shipping,Yes,Brand story,5,No,Likely
Above 50,Female,Metro,Karnataka,Salaried Employee,25000-50000,Frequently,Retail stores,Design,Fusion,Handbags,Office handbag,Decorative organizers,Moderate embroidery,Strong mirror work,Bright colors,Festive use,500-1000,Below 1000,500-1500,Strongly yes,Buy 2 Get 1,Yes,Return policy,3,Yes,Highly likely
41-50,Female,Tier 1,Maharashtra,Other,50000-100000,Frequently,Local exhibitions,Brand,Minimal modern,"Handbags, Laptop sleeves / utility pouches",Clutch,Cushion covers,Minimal embroidery,Strong mirror work,Earth tones,Weddings,Above 2000,1000-2000,Above 3000,No,Free shipping,No,Brand story,1,Yes,Unsure
41-50,Female,Metro,Karnataka,Freelancer,50000-100000,Never,During travel,Price,Traditional,"Handbags, Jackets / shrugs, Cushion covers",Tote bag,Decorative organizers,Moderate embroidery,No mirror work,Earth tones,Daily use,Below 500,1000-2000,1500-3000,Strongly yes,Flat discount,No,Reviews,3,No,Unlikely
21-30,Female,Tier 3 / Rural,Gujarat,Business Owner,Below 25000,Occasionally,Online marketplaces,Utility,Depends on product,Handbags,Sling bag,Decorative organizers,Moderate embroidery,Strong mirror work,Pastel shades,Daily use,Below 500,1000-2000,Above 3000,Sometimes,Free shipping,Yes,Brand story,2,Yes,Likely
Below 20,Female,Tier 3 / Rural,Telangana,Freelancer,Above 200000,Frequently,Instagram stores,Brand,Fusion,Gift sets,Sling bag,Decorative organizers,Minimal embroidery,No mirror work,Pastel shades,Daily use,1000-2000,Below 1000,Above 3000,Strongly yes,Buy 2 Get 1,No,Product images,4,No,Likely
Below 20,Male,Tier 1,Tamil Nadu,Business Owner,,Frequently,During travel,Authenticity,Fusion,"Cushion covers, Handbags, Gift sets",Tote bag,Table runners,Moderate embroidery,Light mirror work,Earth tones,Gifting,Above 2000,Below 1000,1500-3000,No,Free shipping,Yes,Return policy,3,Yes,Unlikely
Above 50,Female,Metro,Maharashtra,Salaried Employee,25000-50000,Occasionally,Online marketplaces,Utility,Minimal modern,"Handbags, Laptop sleeves / utility pouches",Office handbag,Cushion covers,Minimal embroidery,No mirror work,Black / neutral,Office use,Above 2000,2000-4000,Below 500,Sometimes,Festival combo pack,Depends on reviews,Reviews,2,No,Unsure
Below 20,Female,Tier 3 / Rural,Telangana,Freelancer,25000-50000,Never,Retail stores,Utility,Traditional,"Jackets / shrugs, Gift sets",Office handbag,Cushion covers,Minimal embroidery,No mirror work,Black / neutral,Gifting,Below 500,Below 1000,1500-3000,Sometimes,Buy 2 Get 1,Yes,Reviews,1,No,Unsure
41-50,Female,Tier 2,Karnataka,Salaried Employee,Below 25000,Occasionally,Retail stores,Price,Fusion,"Gift sets, Laptop sleeves / utility pouches",Sling bag,Wall décor textile,Moderate embroidery,Strong mirror work,Bright colors,Daily use,500-1000,1000-2000,Above 3000,Strongly yes,Buy 2 Get 1,Depends on reviews,Reviews,2,No,Unlikely
41-50,Female,Tier 1,Maharashtra,Salaried Employee,Above 200000,Frequently,Online marketplaces,Price,Minimal modern,"Jackets / shrugs, Gift sets",Sling bag,Wall décor textile,Moderate embroidery,No mirror work,Black / neutral,Gifting,Below 500,Above 4000,Below 500,No,Free shipping,No,Brand story,2,No,Unsure
Below 20,Female,Metro,Rajasthan,Salaried Employee,Above 200000,Never,Online marketplaces,Brand,Minimal modern,"Handbags, Jackets / shrugs",Office handbag,Table runners,Moderate embroidery,Light mirror work,Earth tones,Office use,500-1000,Above 4000,Below 500,No,Buy 2 Get 1,No,Product images,5,No,Unsure
41-50,Male,Metro,Telangana,Other,25000-50000,Frequently,Local exhibitions,Price,Fusion,Jackets / shrugs,Tote bag,Table runners,Heavy embroidery,Light mirror work,Bright colors,Office use,Below 500,Above 4000,500-1500,Strongly yes,Flat discount,Depends on reviews,Brand story,4,No,Highly likely
Below 20,Male,Tier 1,Delhi,Salaried Employee,50000-100000,Occasionally,Retail stores,Brand,Depends on product,"Laptop sleeves / utility pouches, Gift sets",Clutch,Table runners,Minimal embroidery,Light mirror work,Earth tones,Daily use,500-1000,1000-2000,1500-3000,Sometimes,Flat discount,Depends on reviews,Brand story,3,Yes,Likely
31-40,Male,Tier 1,Gujarat,Student,Below 25000,Occasionally,During travel,Price,Depends on product,Cushion covers,Office handbag,Cushion covers,Minimal embroidery,Strong mirror work,Earth tones,Weddings,1000-2000,2000-4000,Below 500,Sometimes,Festival combo pack,Depends on reviews,Brand story,3,Yes,Unsure
21-30,Male,Metro,Rajasthan,Business Owner,Below 25000,Frequently,Local exhibitions,Authenticity,Traditional,Laptop sleeves / utility pouches,Tote bag,Cushion covers,Minimal embroidery,No mirror work,Black / neutral,Festive use,Below 500,Below 1000,1500-3000,Strongly yes,Free shipping,No,Product images,4,Yes,Unsure
41-50,Male,Tier 1,Rajasthan,Business Owner,Above 200000,Occasionally,Local exhibitions,Price,Minimal modern,"Jackets / shrugs, Handbags, Laptop sleeves / utility pouches",Office handbag,Wall décor textile,Moderate embroidery,Strong mirror work,Pastel shades,Festive use,1000-2000,Above 4000,1500-3000,Strongly yes,Buy 2 Get 1,No,Brand story,4,No,Unsure
31-40,Male,Tier 1,Karnataka,Homemaker,Below 25000,Frequently,Online marketplaces,Authenticity,Minimal modern,"Laptop sleeves / utility pouches, Handbags",Sling bag,Wall décor textile,Moderate embroidery,Light mirror work,Earth tones,Daily use,500-1000,Above 4000,Above 3000,Strongly yes,Festival combo pack,Depends on reviews,Return policy,4,No,Unsure
Above 50,Female,Tier 1,Rajasthan,Other,25000-50000,Occasionally,Instagram stores,Brand,Minimal modern,"Gift sets, Jackets / shrugs, Cushion covers",Tote bag,Decorative organizers,Heavy embroidery,Strong mirror work,Pastel shades,Office use,Above 2000,1000-2000,Below 500,Strongly yes,Festival combo pack,No,Brand story,5,Yes,Highly likely
Above 50,Female,Tier 1,Tamil Nadu,Homemaker,100000-200000,Rarely,Retail stores,Design,Traditional,Cushion covers,Clutch,Wall décor textile,Heavy embroidery,Strong mirror work,Bright colors,Weddings,Above 2000,1000-2000,1500-3000,Strongly yes,Free shipping,No,Brand story,4,Yes,Unlikely
21-30,Female,Tier 1,Rajasthan,Salaried Employee,Above 200000,Never,Local exhibitions,Brand,Minimal modern,Jackets / shrugs,Office handbag,Table runners,Moderate embroidery,Light mirror work,Black / neutral,Office use,Above 2000,1000-2000,1500-3000,Sometimes,Flat discount,No,Product images,2,No,Very unlikely
41-50,Male,Tier 1,West Bengal,Salaried Employee,100000-200000,Occasionally,Retail stores,Price,Traditional,"Laptop sleeves / utility pouches, Handbags",Sling bag,Table runners,Moderate embroidery,No mirror work,Bright colors,Gifting,Above 2000,2000-4000,Above 3000,Sometimes,Free shipping,No,Reviews,2,Yes,Unsure
21-30,Male,Tier 1,Delhi,Other,100000-200000,Rarely,Local exhibitions,Price,Depends on product,"Handbags, Gift sets",Clutch,Cushion covers,Heavy embroidery,No mirror work,Earth tones,Weddings,500-1000,Above 4000,500-1500,Sometimes,Flat discount,Yes,Brand story,3,No,Unsure
Below 20,Female,Tier 3 / Rural,Rajasthan,Business Owner,100000-200000,Occasionally,Retail stores,Brand,Depends on product,Laptop sleeves / utility pouches,Office handbag,Decorative organizers,Heavy embroidery,No mirror work,Earth tones,Gifting,1000-2000,1000-2000,Above 3000,No,Flat discount,No,Brand story,5,No,Very unlikely
Below 20,Male,Tier 3 / Rural,Maharashtra,Other,Above 200000,Rarely,Instagram stores,Authenticity,Minimal modern,"Cushion covers, Handbags, Gift sets",Clutch,Wall décor textile,Moderate embroidery,No mirror work,Pastel shades,Festive use,500-1000,Below 1000,Below 500,Sometimes,Free shipping,Yes,Reviews,4,Yes,Likely
21-30,Female,Tier 1,Telangana,Freelancer,25000-50000,Never,Retail stores,Utility,Minimal modern,"Cushion covers, Laptop sleeves / utility pouches",Sling bag,Table runners,Heavy embroidery,Strong mirror work,Earth tones,Daily use,Below 500,Above 4000,500-1500,Sometimes,Free shipping,No,Product images,2,No,Highly likely
21-30,Female,Metro,Maharashtra,Salaried Employee,25000-50000,Rarely,Instagram stores,Authenticity,Fusion,Jackets / shrugs,Sling bag,Wall décor textile,Heavy embroidery,No mirror work,Earth tones,Gifting,Below 500,Below 1000,Below 500,Sometimes,Free shipping,Depends on reviews,Return policy,1,Yes,Unsure
Above 50,Female,Tier 3 / Rural,Karnataka,Other,100000-200000,Rarely,Instagram stores,Authenticity,Minimal modern,Handbags,Sling bag,Wall décor textile,Moderate embroidery,Light mirror work,Bright colors,Gifting,1000-2000,2000-4000,Below 500,Strongly yes,Free shipping,Depends on reviews,Return policy,5,No,Unlikely
41-50,Female,Tier 2,Tamil Nadu,Other,50000-100000,Occasionally,Local exhibitions,Authenticity,Traditional,Handbags,Clutch,Table runners,Heavy embroidery,Light mirror work,Pastel shades,Office use,Above 2000,1000-2000,Above 3000,Strongly yes,Buy 2 Get 1,Yes,Return policy,2,No,Unsure
Above 50,Male,Tier 3 / Rural,Gujarat,Student,100000-200000,Rarely,During travel,Design,Fusion,"Jackets / shrugs, Gift sets, Laptop sleeves / utility pouches",Clutch,Wall décor textile,Moderate embroidery,No mirror work,Pastel shades,Daily use,Above 2000,1000-2000,Below 500,Sometimes,Flat discount,No,Return policy,4,No,Likely
21-30,Female,Tier 3 / Rural,Telangana,Business Owner,50000-100000,Rarely,Local exhibitions,Authenticity,Minimal modern,"Jackets / shrugs, Handbags, Laptop sleeves / utility pouches",Clutch,Cushion covers,Minimal embroidery,Strong mirror work,Pastel shades,Festive use,Above 2000,Above 4000,Above 3000,No,Flat discount,Yes,Return policy,4,No,Highly likely
Above 50,Male,Tier 2,West Bengal,Homemaker,100000-200000,Never,Online marketplaces,Brand,Depends on product,"Cushion covers, Handbags, Jackets / shrugs",Sling bag,Wall décor textile,Moderate embroidery,No mirror work,Pastel shades,Daily use,Below 500,1000-2000,1500-3000,No,Flat discount,Depends on reviews,Brand story,2,No,Very unlikely
31-40,Female,Tier 3 / Rural,Maharashtra,Other,50000-100000,Rarely,During travel,Price,Minimal modern,"Cushion covers, Laptop sleeves / utility pouches",Tote bag,Decorative organizers,Heavy embroidery,No mirror work,Bright colors,Gifting,Below 500,Below 1000,Above 3000,Strongly yes,Festival combo pack,Yes,Reviews,1,No,Very unlikely
Above 50,Female,Tier 3 / Rural,Rajasthan,Freelancer,100000-200000,Never,Retail stores,Price,Fusion,"Jackets / shrugs, Laptop sleeves / utility pouches, Gift sets",Tote bag,Cushion covers,Heavy embroidery,Strong mirror work,Earth tones,Daily use,1000-2000,2000-4000,500-1500,Sometimes,Flat discount,Yes,Brand story,2,Yes,Highly likely
41-50,Male,Metro,Gujarat,Student,Above 200000,Never,Online marketplaces,Design,Minimal modern,"Laptop sleeves / utility pouches, Gift sets, Cushion covers",Office handbag,Table runners,Heavy embroidery,Strong mirror work,Black / neutral,Gifting,Above 2000,1000-2000,1500-3000,Strongly yes,Buy 2 Get 1,No,Reviews,3,Yes,Likely
21-30,Male,Tier 1,Maharashtra,Business Owner,100000-200000,Rarely,Online marketplaces,Utility,Minimal modern,"Laptop sleeves / utility pouches, Cushion covers, Gift sets",Sling bag,Wall décor textile,Minimal embroidery,Light mirror work,Bright colors,Festive use,Above 2000,Above 4000,Above 3000,Sometimes,Buy 2 Get 1,No,Brand story,4,Yes,Unsure
Below 20,Male,Tier 2,Rajasthan,Student,50000-100000,Never,Local exhibitions,Utility,Minimal modern,"Handbags, Gift sets",Clutch,Decorative organizers,Heavy embroidery,Light mirror work,Earth tones,Gifting,1000-2000,Below 1000,Above 3000,Sometimes,Free shipping,Depends on reviews,Product images,1,No,Unlikely
Below 20,Male,Tier 1,Telangana,Freelancer,Above 200000,Never,During travel,Brand,Fusion,Jackets / shrugs,Office handbag,Wall décor textile,Minimal embroidery,Strong mirror work,Earth tones,Weddings,1000-2000,Above 4000,1500-3000,Sometimes,Buy 2 Get 1,Depends on reviews,Product images,2,Yes,Unsure
Below 20,Female,Metro,Karnataka,Other,Above 200000,Rarely,During travel,Authenticity,Traditional,Laptop sleeves / utility pouches,Sling bag,Wall décor textile,Moderate embroidery,No mirror work,Pastel shades,Daily use,Above 2000,Above 4000,1500-3000,No,Free shipping,No,Return policy,1,No,Likely
21-30,Female,Metro,Gujarat,Other,Above 200000,Never,Retail stores,Price,Minimal modern,"Handbags, Gift sets",Tote bag,Table runners,Moderate embroidery,Strong mirror work,Earth tones,Office use,Above 2000,Above 4000,Above 3000,No,Buy 2 Get 1,Yes,Reviews,4,Yes,Very unlikely
Above 50,Male,Tier 2,Rajasthan,Student,Above 200000,Occasionally,Local exhibitions,Price,Minimal modern,Cushion covers,Clutch,Decorative organizers,Heavy embroidery,Light mirror work,Earth tones,Gifting,500-1000,1000-2000,500-1500,Strongly yes,Free shipping,No,Product images,3,Yes,Unsure
Below 20,Female,Tier 3 / Rural,Rajasthan,Homemaker,100000-200000,Frequently,During travel,Price,Fusion,"Cushion covers, Laptop sleeves / utility pouches, Gift sets",Office handbag,Table runners,Minimal embroidery,Strong mirror work,Bright colors,Festive use,1000-2000,Below 1000,Above 3000,No,Free shipping,No,Return policy,2,No,Unlikely
21-30,Male,Tier 3 / Rural,Rajasthan,Other,100000-200000,Occasionally,Online marketplaces,Authenticity,Fusion,"Gift sets, Cushion covers, Handbags",Clutch,Decorative organizers,Minimal embroidery,Light mirror work,Pastel shades,Daily use,1000-2000,2000-4000,Above 3000,Strongly yes,Free shipping,Yes,Reviews,5,Yes,Unsure
21-30,Female,Tier 3 / Rural,Tamil Nadu,Homemaker,50000-100000,Rarely,Instagram stores,Brand,Fusion,Gift sets,Sling bag,Wall décor textile,Moderate embroidery,Light mirror work,Black / neutral,Office use,500-1000,1000-2000,1500-3000,Strongly yes,Flat discount,Depends on reviews,Brand story,5,Yes,Likely
Below 20,Male,Tier 3 / Rural,Telangana,Salaried Employee,25000-50000,Rarely,Online marketplaces,Authenticity,Fusion,Laptop sleeves / utility pouches,Tote bag,Cushion covers,Moderate embroidery,Light mirror work,Bright colors,Gifting,1000-2000,2000-4000,Above 3000,Sometimes,Festival combo pack,Depends on reviews,Return policy,4,Yes,Likely
Above 50,Male,Tier 2,Karnataka,Salaried Employee,100000-200000,Rarely,Instagram stores,Utility,Minimal modern,"Handbags, Jackets / shrugs",Office handbag,Table runners,Heavy embroidery,No mirror work,Earth tones,Festive use,Below 500,2000-4000,Below 500,Sometimes,Flat discount,No,Brand story,3,Yes,Unsure
Above 50,Female,Tier 1,Delhi,Business Owner,100000-200000,Never,During travel,Price,Minimal modern,"Handbags, Cushion covers",Office handbag,Wall décor textile,Moderate embroidery,No mirror work,Bright colors,Festive use,500-1000,Above 4000,1500-3000,Strongly yes,Free shipping,Yes,Brand story,3,No,Unsure
Above 50,Male,Tier 3 / Rural,Tamil Nadu,Business Owner,Above 200000,Frequently,Online marketplaces,Brand,Depends on product,"Cushion covers, Gift sets, Handbags",Clutch,Decorative organizers,Heavy embroidery,Light mirror work,Black / neutral,Weddings,500-1000,Below 1000,500-1500,No,Buy 2 Get 1,Yes,Reviews,2,Yes,Likely
31-40,Female,Tier 2,Rajasthan,Business Owner,Above 200000,Frequently,Local exhibitions,Price,Minimal modern,Cushion covers,Tote bag,Table runners,Minimal embroidery,Light mirror work,Pastel shades,Festive use,Above 2000,1000-2000,500-1500,Strongly yes,Free shipping,Yes,Reviews,2,Yes,Unsure
21-30,Female,Tier 3 / Rural,West Bengal,Business Owner,25000-50000,Occasionally,Online marketplaces,Design,Fusion,"Handbags, Jackets / shrugs",Clutch,Decorative organizers,Minimal embroidery,Light mirror work,Black / neutral,Daily use,Below 500,1000-2000,500-1500,No,Flat discount,No,Product images,5,Yes,Very unlikely
21-30,Male,Tier 2,Gujarat,Freelancer,50000-100000,Occasionally,Instagram stores,Utility,Minimal modern,"Laptop sleeves / utility pouches, Cushion covers, Handbags",Sling bag,Table runners,Moderate embroidery,Light mirror work,Bright colors,Weddings,Above 2000,2000-4000,Above 3000,No,Festival combo pack,No,Reviews,1,No,Unsure
31-40,Male,Tier 3 / Rural,Rajasthan,Business Owner,Below 25000,Occasionally,During travel,Price,Minimal modern,"Gift sets, Handbags",Clutch,Decorative organizers,Moderate embroidery,No mirror work,Earth tones,Daily use,Above 2000,2000-4000,1500-3000,Sometimes,Free shipping,Depends on reviews,Return policy,1,Yes,Highly likely
31-40,Male,Tier 2,Delhi,Homemaker,25000-50000,Frequently,Online marketplaces,Design,Traditional,Handbags,Office handbag,Decorative organizers,Minimal embroidery,Light mirror work,Black / neutral,Festive use,Above 2000,Below 1000,Below 500,Strongly yes,Buy 2 Get 1,Depends on reviews,Brand story,3,No,Likely
Above 50,Female,Tier 1,Maharashtra,Student,25000-50000,Frequently,Online marketplaces,Design,Fusion,Laptop sleeves / utility pouches,Tote bag,Decorative organizers,Minimal embroidery,No mirror work,Bright colors,Weddings,Below 500,1000-2000,500-1500,Strongly yes,Flat discount,No,Reviews,4,Yes,Very unlikely
31-40,Male,Tier 2,Karnataka,Salaried Employee,100000-200000,Rarely,Instagram stores,Brand,Traditional,Gift sets,Sling bag,Cushion covers,Minimal embroidery,Strong mirror work,Earth tones,Festive use,Above 2000,Above 4000,Above 3000,Strongly yes,Flat discount,No,Product images,2,Yes,Unsure
Below 20,Male,Metro,Karnataka,Other,Below 25000,Frequently,Online marketplaces,Authenticity,Minimal modern,"Jackets / shrugs, Handbags, Gift sets",Office handbag,Cushion covers,Moderate embroidery,No mirror work,Bright colors,Office use,Below 500,2000-4000,500-1500,No,Buy 2 Get 1,No,Product images,4,No,Very unlikely
Above 50,Female,Tier 1,Maharashtra,Business Owner,Above 200000,Frequently,Instagram stores,Brand,Fusion,"Cushion covers, Handbags, Jackets / shrugs",Clutch,Cushion covers,Heavy embroidery,Light mirror work,Pastel shades,Daily use,1000-2000,Above 4000,Above 3000,No,Flat discount,Yes,Brand story,2,No,Unsure
21-30,Male,Tier 1,Maharashtra,Freelancer,25000-50000,Never,Retail stores,Utility,Depends on product,"Gift sets, Cushion covers, Jackets / shrugs",Clutch,Wall décor textile,Heavy embroidery,No mirror work,Earth tones,Weddings,Below 500,1000-2000,Above 3000,Sometimes,Free shipping,Depends on reviews,Product images,5,Yes,Unlikely
41-50,Female,Metro,Telangana,Freelancer,50000-100000,Frequently,Local exhibitions,Design,Minimal modern,"Gift sets, Laptop sleeves / utility pouches",Office handbag,Cushion covers,Minimal embroidery,Light mirror work,Pastel shades,Gifting,1000-2000,Below 1000,Above 3000,Strongly yes,Flat discount,Depends on reviews,Return policy,3,Yes,Very unlikely
Above 50,Male,Tier 1,Karnataka,Homemaker,50000-100000,Never,Retail stores,Price,Fusion,"Handbags, Laptop sleeves / utility pouches",Office handbag,Wall décor textile,Heavy embroidery,Strong mirror work,Earth tones,Festive use,1000-2000,2000-4000,Below 500,Strongly yes,Festival combo pack,No,Product images,4,Yes,Highly likely
Above 50,Male,Tier 3 / Rural,Tamil Nadu,Salaried Employee,25000-50000,Never,Retail stores,Authenticity,Fusion,"Jackets / shrugs, Gift sets, Laptop sleeves / utility pouches",Clutch,Table runners,Heavy embroidery,No mirror work,Pastel shades,Festive use,500-1000,Above 4000,Below 500,Strongly yes,Flat discount,Yes,Brand story,3,No,Likely
Below 20,Female,Tier 3 / Rural,Telangana,Other,25000-50000,Rarely,Retail stores,Authenticity,Minimal modern,"Cushion covers, Gift sets",Office handbag,Decorative organizers,Heavy embroidery,No mirror work,Bright colors,Festive use,500-1000,Below 1000,500-1500,No,Festival combo pack,Yes,Return policy,1,No,Very unlikely
21-30,Female,Tier 1,Telangana,Other,25000-50000,Never,Retail stores,Utility,Depends on product,"Gift sets, Handbags",Tote bag,Table runners,Moderate embroidery,Strong mirror work,Black / neutral,Festive use,1000-2000,Above 4000,Below 500,Sometimes,Festival combo pack,Depends on reviews,Reviews,4,Yes,Unlikely
41-50,Male,Tier 2,Gujarat,Other,50000-100000,Frequently,Online marketplaces,Price,Depends on product,"Jackets / shrugs, Laptop sleeves / utility pouches",Sling bag,Wall décor textile,Moderate embroidery,Light mirror work,Bright colors,Weddings,Above 2000,Below 1000,Above 3000,Sometimes,Buy 2 Get 1,Depends on reviews,Brand story,1,No,Highly likely
21-30,Male,Tier 3 / Rural,Tamil Nadu,Homemaker,25000-50000,Occasionally,Retail stores,Authenticity,Traditional,Handbags,Clutch,Wall décor textile,Heavy embroidery,Strong mirror work,Bright colors,Office use,1000-2000,Above 4000,Below 500,Sometimes,Buy 2 Get 1,Depends on reviews,Return policy,1,No,Likely
21-30,Male,Metro,Gujarat,Salaried Employee,50000-100000,Rarely,Online marketplaces,Design,Fusion,"Jackets / shrugs, Cushion covers",Office handbag,Table runners,Minimal embroidery,Light mirror work,Bright colors,Gifting,1000-2000,Below 1000,Below 500,Sometimes,Flat discount,Depends on reviews,Return policy,2,Yes,Unlikely
31-40,Female,Tier 2,Karnataka,Freelancer,Below 25000,Frequently,Local exhibitions,Authenticity,Fusion,"Gift sets, Cushion covers",Sling bag,Wall décor textile,Heavy embroidery,Light mirror work,Bright colors,Weddings,Below 500,2000-4000,500-1500,Strongly yes,Free shipping,Depends on reviews,Return policy,4,No,Likely
Above 50,Female,Tier 3 / Rural,Karnataka,Freelancer,25000-50000,Frequently,Retail stores,Price,Depends on product,Gift sets,Sling bag,Wall décor textile,Moderate embroidery,Strong mirror work,Earth tones,Office use,500-1000,2000-4000,Above 3000,Strongly yes,Buy 2 Get 1,Yes,Return policy,3,Yes,Very unlikely
Below 20,Female,Tier 2,Rajasthan,Freelancer,25000-50000,Rarely,Instagram stores,Brand,Depends on product,"Jackets / shrugs, Gift sets, Handbags",Tote bag,Cushion covers,Heavy embroidery,Strong mirror work,Earth tones,Weddings,500-1000,Above 4000,500-1500,No,Flat discount,Yes,Reviews,1,No,Likely
41-50,Female,Metro,Maharashtra,Other,100000-200000,Rarely,Instagram stores,Design,Depends on product,Cushion covers,Sling bag,Wall décor textile,Heavy embroidery,Light mirror work,Black / neutral,Festive use,Above 2000,Below 1000,500-1500,Strongly yes,Festival combo pack,Depends on reviews,Return policy,5,Yes,Unsure
31-40,Female,Tier 1,Tamil Nadu,Other,100000-200000,Frequently,Local exhibitions,Authenticity,Fusion,"Jackets / shrugs, Handbags, Gift sets",Sling bag,Table runners,Heavy embroidery,Strong mirror work,Earth tones,Weddings,Below 500,Above 4000,500-1500,Strongly yes,Free shipping,Yes,Brand story,1,No,Highly likely
Above 50,Male,Tier 3 / Rural,Karnataka,Homemaker,50000-100000,Rarely,Local exhibitions,Design,Traditional,"Handbags, Cushion covers, Laptop sleeves / utility pouches",Office handbag,Decorative organizers,Minimal embroidery,No mirror work,Black / neutral,Office use,500-1000,2000-4000,Above 3000,Sometimes,Free shipping,Yes,Reviews,3,No,Unsure
Below 20,Male,Tier 3 / Rural,West Bengal,Freelancer,50000-100000,Never,Local exhibitions,Utility,Traditional,"Gift sets, Cushion covers, Handbags",Sling bag,Decorative organizers,Minimal embroidery,No mirror work,Pastel shades,Festive use,500-1000,2000-4000,1500-3000,Sometimes,Free shipping,No,Reviews,3,Yes,Unsure
41-50,Male,Metro,Gujarat,Other,25000-50000,Occasionally,Online marketplaces,Brand,Traditional,"Gift sets, Laptop sleeves / utility pouches",Office handbag,Table runners,Minimal embroidery,No mirror work,Pastel shades,Festive use,Below 500,Below 1000,1500-3000,Sometimes,Flat discount,Yes,Product images,3,Yes,Unlikely
41-50,Male,Metro,Karnataka,Homemaker,50000-100000,Occasionally,During travel,Design,Traditional,"Cushion covers, Handbags",Clutch,Wall décor textile,Moderate embroidery,Light mirror work,Bright colors,Weddings,500-1000,1000-2000,Above 3000,Strongly yes,Flat discount,Depends on reviews,Reviews,1,No,Unsure
Above 50,Female,Tier 2,Rajasthan,Freelancer,Above 200000,Frequently,During travel,Design,Minimal modern,"Jackets / shrugs, Cushion covers, Gift sets",Sling bag,Decorative organizers,Moderate embroidery,No mirror work,Pastel shades,Office use,Above 2000,2000-4000,Below 500,Strongly yes,Free shipping,No,Reviews,2,No,Likely
Below 20,Female,Tier 1,Tamil Nadu,Salaried Employee,Below 25000,Never,Online marketplaces,Brand,Fusion,"Handbags, Jackets / shrugs",Tote bag,Table runners,Minimal embroidery,Light mirror work,Black / neutral,Office use,500-1000,2000-4000,Above 3000,Sometimes,Free shipping,Depends on reviews,Brand story,5,Yes,Unsure
41-50,Female,Metro,Tamil Nadu,Other,Below 25000,Never,Local exhibitions,Utility,Depends on product,Laptop sleeves / utility pouches,Clutch,Wall décor textile,Minimal embroidery,Light mirror work,Black / neutral,Weddings,Below 500,Above 4000,500-1500,Strongly yes,Festival combo pack,No,Return policy,4,No,Very unlikely
41-50,Male,Tier 1,Rajasthan,Homemaker,25000-50000,Rarely,Instagram stores,Utility,Traditional,Jackets / shrugs,Tote bag,Table runners,Moderate embroidery,Strong mirror work,Earth tones,Daily use,Above 2000,1000-2000,1500-3000,No,Festival combo pack,No,Product images,3,No,Unsure
21-30,Female,Tier 2,West Bengal,Other,Above 200000,Frequently,Instagram stores,Design,Traditional,Cushion covers,Tote bag,Cushion covers,Moderate embroidery,No mirror work,Pastel shades,Festive use,Below 500,1000-2000,Above 3000,Sometimes,Flat discount,Yes,Reviews,4,Yes,Likely
Below 20,Female,Tier 3 / Rural,Delhi,Homemaker,50000-100000,Frequently,During travel,Utility,Minimal modern,Laptop sleeves / utility pouches,Tote bag,Cushion covers,Heavy embroidery,Strong mirror work,Bright colors,Gifting,500-1000,Below 1000,500-1500,No,Buy 2 Get 1,Depends on reviews,Brand story,3,No,Unlikely
21-30,Female,Tier 1,Telangana,Business Owner,Below 25000,Rarely,Online marketplaces,Design,Depends on product,Gift sets,Clutch,Wall décor textile,Minimal embroidery,Light mirror work,Earth tones,Weddings,500-1000,Above 4000,Below 500,Sometimes,Free shipping,No,Brand story,1,No,Unlikely
41-50,Female,Metro,Delhi,Homemaker,25000-50000,Never,Local exhibitions,Price,Traditional,Jackets / shrugs,Office handbag,Wall décor textile,Minimal embroidery,Light mirror work,Earth tones,Weddings,1000-2000,Below 1000,Above 3000,No,Festival combo pack,No,Reviews,2,Yes,Unlikely
41-50,Male,Tier 1,Tamil Nadu,Freelancer,Below 25000,Never,During travel,Price,Traditional,Laptop sleeves / utility pouches,Clutch,Wall décor textile,Heavy embroidery,No mirror work,Earth tones,Gifting,Below 500,Below 1000,Above 3000,Strongly yes,Buy 2 Get 1,Yes,Reviews,5,Yes,Unsure
Above 50,Male,Tier 3 / Rural,Gujarat,Freelancer,25000-50000,Never,Online marketplaces,Authenticity,Minimal modern,"Jackets / shrugs, Handbags, Laptop sleeves / utility pouches",Clutch,Wall décor textile,Heavy embroidery,Light mirror work,Earth tones,Office use,500-1000,Above 4000,Below 500,Sometimes,Flat discount,Depends on reviews,Product images,5,No,Unlikely
Below 20,Male,Metro,West Bengal,Student,Below 25000,Occasionally,Local exhibitions,Brand,Depends on product,"Jackets / shrugs, Cushion covers",Tote bag,Table runners,Moderate embroidery,Strong mirror work,Black / neutral,Office use,1000-2000,Below 1000,1500-3000,Strongly yes,Festival combo pack,Depends on reviews,Reviews,1,No,Unlikely
41-50,Male,Metro,Delhi,Freelancer,100000-200000,Never,Online marketplaces,Price,Fusion,"Laptop sleeves / utility pouches, Gift sets, Cushion covers",Clutch,Cushion covers,Heavy embroidery,Strong mirror work,Bright colors,Daily use,500-1000,Above 4000,Below 500,Strongly yes,Flat discount,Yes,Product images,1,Yes,Unlikely
Above 50,Female,Metro,Tamil Nadu,Other,25000-50000,Never,Instagram stores,Utility,Fusion,"Cushion covers, Gift sets, Laptop sleeves / utility pouches",Clutch,Cushion covers,Heavy embroidery,Strong mirror work,Bright colors,Festive use,500-1000,2000-4000,Below 500,Strongly yes,Free shipping,Yes,Product images,1,No,Unlikely
31-40,Female,Tier 3 / Rural,West Bengal,Freelancer,25000-50000,Frequently,During travel,Design,Depends on product,"Laptop sleeves / utility pouches, Gift sets, Cushion covers",Tote bag,Table runners,Minimal embroidery,Light mirror work,Pastel shades,Weddings,Above 2000,Above 4000,Above 3000,Sometimes,Free shipping,Depends on reviews,Product images,1,Yes,Unsure
31-40,Female,Tier 2,Delhi,Homemaker,Below 25000,Rarely,Online marketplaces,Design,Depends on product,"Jackets / shrugs, Gift sets, Cushion covers",Sling bag,Decorative organizers,Heavy embroidery,Light mirror work,Pastel shades,Daily use,1000-2000,2000-4000,Above 3000,Sometimes,Festival combo pack,Yes,Product images,2,Yes,Unlikely
31-40,Female,Tier 3 / Rural,Rajasthan,Other,100000-200000,Rarely,Instagram stores,Utility,Fusion,"Gift sets, Laptop sleeves / utility pouches",Tote bag,Cushion covers,Minimal embroidery,Light mirror work,Bright colors,Weddings,Above 2000,Above 4000,Below 500,Sometimes,Festival combo pack,No,Return policy,1,No,Highly likely
41-50,Female,Tier 3 / Rural,Telangana,Freelancer,25000-50000,Never,Retail stores,Price,Traditional,"Handbags, Cushion covers, Gift sets",Tote bag,Wall décor textile,Heavy embroidery,Strong mirror work,Pastel shades,Daily use,1000-2000,2000-4000,Above 3000,No,Flat discount,Yes,Return policy,4,Yes,Unsure
31-40,Female,Tier 1,Delhi,Homemaker,25000-50000,Frequently,Local exhibitions,Utility,Depends on product,"Laptop sleeves / utility pouches, Gift sets",Tote bag,Cushion covers,Moderate embroidery,Light mirror work,Black / neutral,Festive use,Above 2000,Above 4000,Below 500,No,Festival combo pack,Yes,Brand story,5,Yes,Likely
31-40,Male,Tier 3 / Rural,Karnataka,Other,100000-200000,Frequently,Instagram stores,Utility,Fusion,"Laptop sleeves / utility pouches, Cushion covers",Clutch,Wall décor textile,Moderate embroidery,No mirror work,Bright colors,Gifting,Above 2000,2000-4000,Above 3000,No,Festival combo pack,Depends on reviews,Product images,1,No,Unlikely
31-40,Female,Tier 1,Karnataka,Other,50000-100000,Occasionally,Instagram stores,Design,Minimal modern,Handbags,Tote bag,Decorative organizers,Heavy embroidery,Light mirror work,Earth tones,Gifting,1000-2000,2000-4000,Below 500,No,Buy 2 Get 1,Yes,Product images,4,No,Highly likely
31-40,Male,Tier 3 / Rural,Tamil Nadu,Business Owner,50000-100000,Rarely,During travel,Utility,Depends on product,"Handbags, Laptop sleeves / utility pouches, Gift sets",Office handbag,Decorative organizers,Moderate embroidery,Light mirror work,Pastel shades,Office use,1000-2000,Below 1000,1500-3000,Sometimes,Festival combo pack,No,Brand story,4,No,Unsure
31-40,Female,Metro,Telangana,Homemaker,25000-50000,Never,Local exhibitions,Design,Traditional,"Gift sets, Jackets / shrugs, Cushion covers",Tote bag,Table runners,Minimal embroidery,Light mirror work,Pastel shades,Daily use,500-1000,1000-2000,Below 500,Sometimes,Buy 2 Get 1,Depends on reviews,Brand story,3,Yes,Likely
Above 50,Male,Tier 1,West Bengal,Business Owner,Below 25000,Occasionally,Local exhibitions,Utility,Minimal modern,"Gift sets, Handbags",Sling bag,Cushion covers,Minimal embroidery,No mirror work,Earth tones,Weddings,Below 500,Above 4000,1500-3000,No,Free shipping,No,Product images,3,Yes,Unsure
Below 20,Female,Metro,Karnataka,Business Owner,50000-100000,Never,Retail stores,Brand,Depends on product,"Laptop sleeves / utility pouches, Cushion covers, Handbags",Sling bag,Table runners,Minimal embroidery,Strong mirror work,Pastel shades,Gifting,Below 500,1000-2000,Below 500,Strongly yes,Festival combo pack,Yes,Product images,5,No,Unsure
Below 20,Female,Metro,West Bengal,Homemaker,Below 25000,Occasionally,Online marketplaces,Design,Fusion,"Gift sets, Jackets / shrugs, Cushion covers",Sling bag,Decorative organizers,Heavy embroidery,Strong mirror work,Bright colors,Gifting,Below 500,Above 4000,1500-3000,Strongly yes,Festival combo pack,Yes,Product images,2,Yes,Likely
31-40,Female,Tier 1,West Bengal,Salaried Employee,25000-50000,Frequently,Local exhibitions,Utility,Depends on product,"Gift sets, Cushion covers, Jackets / shrugs",Office handbag,Table runners,Moderate embroidery,No mirror work,Pastel shades,Gifting,500-1000,1000-2000,500-1500,Strongly yes,Flat discount,No,Return policy,4,Yes,Highly likely
31-40,Female,Tier 2,Rajasthan,Student,Above 200000,Rarely,Online marketplaces,Design,Minimal modern,"Laptop sleeves / utility pouches, Cushion covers",Tote bag,Wall décor textile,Minimal embroidery,Strong mirror work,Earth tones,Daily use,1000-2000,Above 4000,Below 500,No,Free shipping,Yes,Reviews,5,Yes,Likely
31-40,Female,Tier 3 / Rural,Karnataka,Homemaker,25000-50000,Never,Instagram stores,Price,Minimal modern,Handbags,Office handbag,Decorative organizers,Minimal embroidery,No mirror work,Bright colors,Office use,500-1000,Above 4000,Above 3000,No,Festival combo pack,Yes,Reviews,3,No,Unsure
31-40,Male,Metro,Maharashtra,Homemaker,Above 200000,Occasionally,Local exhibitions,Design,Minimal modern,"Jackets / shrugs, Gift sets, Handbags",Office handbag,Decorative organizers,Moderate embroidery,Strong mirror work,Black / neutral,Office use,500-1000,Above 4000,Below 500,Sometimes,Free shipping,Yes,Reviews,3,No,Unlikely
31-40,Female,Metro,Telangana,Salaried Employee,100000-200000,Frequently,Instagram stores,Authenticity,Traditional,"Laptop sleeves / utility pouches, Jackets / shrugs, Gift sets",Tote bag,Decorative organizers,Heavy embroidery,No mirror work,Black / neutral,Daily use,Below 500,Below 1000,Below 500,Strongly yes,Festival combo pack,No,Brand story,2,Yes,Unsure
21-30,Male,Tier 3 / Rural,Rajasthan,Other,50000-100000,Occasionally,Retail stores,Design,Depends on product,"Gift sets, Jackets / shrugs",Tote bag,Cushion covers,Minimal embroidery,No mirror work,Bright colors,Weddings,Below 500,Below 1000,500-1500,Sometimes,Buy 2 Get 1,Yes,Product images,3,No,Highly likely
41-50,Male,Metro,Rajasthan,Student,50000-100000,Rarely,Online marketplaces,Brand,Traditional,Handbags,Tote bag,Decorative organizers,Minimal embroidery,Strong mirror work,Earth tones,Weddings,Below 500,2000-4000,1500-3000,No,Buy 2 Get 1,Yes,Product images,5,Yes,Highly likely
21-30,Male,Metro,Tamil Nadu,Homemaker,25000-50000,Rarely,Local exhibitions,Price,Minimal modern,"Jackets / shrugs, Cushion covers, Gift sets",Clutch,Wall décor textile,Heavy embroidery,Strong mirror work,Bright colors,Office use,1000-2000,Below 1000,1500-3000,No,Festival combo pack,Yes,Reviews,5,Yes,Likely
Below 20,Female,Tier 2,Telangana,Business Owner,25000-50000,Occasionally,Local exhibitions,Price,Minimal modern,"Jackets / shrugs, Handbags, Gift sets",Tote bag,Table runners,Moderate embroidery,Light mirror work,Earth tones,Gifting,500-1000,Below 1000,1500-3000,Strongly yes,Free shipping,Yes,Brand story,2,No,Unsure
41-50,Male,Tier 3 / Rural,Telangana,Student,Below 25000,Never,Online marketplaces,Design,Traditional,Gift sets,Office handbag,Wall décor textile,Heavy embroidery,Light mirror work,Black / neutral,Office use,Above 2000,2000-4000,Below 500,Strongly yes,Flat discount,Depends on reviews,Brand story,2,No,Unsure
21-30,Male,Tier 2,Maharashtra,Homemaker,Below 25000,Never,Instagram stores,Authenticity,Traditional,"Cushion covers, Handbags",Office handbag,Table runners,Heavy embroidery,No mirror work,Black / neutral,Weddings,500-1000,1000-2000,Below 500,Sometimes,Free shipping,Depends on reviews,Product images,1,Yes,Unsure
41-50,Male,Metro,Karnataka,Student,25000-50000,Rarely,During travel,Design,Depends on product,Handbags,Clutch,Table runners,Minimal embroidery,Light mirror work,Black / neutral,Festive use,Above 2000,2000-4000,1500-3000,No,Festival combo pack,No,Product images,3,Yes,Likely
41-50,Male,Tier 1,Telangana,Freelancer,50000-100000,Occasionally,Online marketplaces,Authenticity,Depends on product,Cushion covers,Office handbag,Decorative organizers,Minimal embroidery,Light mirror work,Earth tones,Daily use,Above 2000,Above 4000,1500-3000,Sometimes,Flat discount,Depends on reviews,Reviews,2,No,Likely
41-50,Male,Tier 3 / Rural,Maharashtra,Student,50000-100000,Rarely,Online marketplaces,Utility,Fusion,"Cushion covers, Gift sets, Handbags",Clutch,Wall décor textile,Heavy embroidery,Strong mirror work,Black / neutral,Daily use,Above 2000,Below 1000,Above 3000,Sometimes,Buy 2 Get 1,Depends on reviews,Return policy,1,Yes,Unsure
Above 50,Male,Tier 1,Telangana,Salaried Employee,Above 200000,Rarely,Instagram stores,Design,Depends on product,"Jackets / shrugs, Laptop sleeves / utility pouches",Office handbag,Cushion covers,Moderate embroidery,Strong mirror work,Earth tones,Daily use,500-1000,2000-4000,Below 500,Strongly yes,Buy 2 Get 1,No,Reviews,2,No,Unlikely
Above 50,Female,Tier 2,West Bengal,Freelancer,Below 25000,Frequently,Online marketplaces,Brand,Traditional,"Gift sets, Handbags",Sling bag,Table runners,Minimal embroidery,Strong mirror work,Earth tones,Office use,Below 500,2000-4000,Above 3000,Strongly yes,Flat discount,Depends on reviews,Return policy,3,No,Likely
41-50,Female,Tier 1,Rajasthan,Other,50000-100000,Occasionally,During travel,Utility,Minimal modern,"Jackets / shrugs, Laptop sleeves / utility pouches, Gift sets",Sling bag,Decorative organizers,Heavy embroidery,No mirror work,Black / neutral,Festive use,Below 500,Below 1000,500-1500,No,Festival combo pack,Depends on reviews,Product images,3,No,Unlikely
31-40,Male,Tier 3 / Rural,Karnataka,Salaried Employee,50000-100000,Rarely,Local exhibitions,Utility,Fusion,"Jackets / shrugs, Handbags, Laptop sleeves / utility pouches",Tote bag,Decorative organizers,Moderate embroidery,Light mirror work,Earth tones,Weddings,500-1000,Above 4000,1500-3000,Strongly yes,Flat discount,No,Brand story,1,No,Highly likely
41-50,Male,Tier 2,Telangana,Freelancer,50000-100000,Rarely,Instagram stores,Design,Traditional,"Laptop sleeves / utility pouches, Jackets / shrugs",Sling bag,Cushion covers,Minimal embroidery,Light mirror work,Bright colors,Gifting,Below 500,2000-4000,Below 500,Strongly yes,Festival combo pack,No,Reviews,4,No,Unsure
31-40,Female,Tier 3 / Rural,Maharashtra,Other,25000-50000,Never,Local exhibitions,Design,Traditional,"Cushion covers, Gift sets",Sling bag,Table runners,Moderate embroidery,Strong mirror work,Black / neutral,Festive use,Below 500,2000-4000,Below 500,No,Flat discount,Depends on reviews,Return policy,1,Yes,Unsure
31-40,Female,Tier 2,Tamil Nadu,Other,50000-100000,Rarely,Retail stores,Design,Depends on product,Jackets / shrugs,Tote bag,Decorative organizers,Heavy embroidery,No mirror work,Pastel shades,Weddings,1000-2000,Below 1000,Above 3000,Strongly yes,Flat discount,Yes,Brand story,1,No,Unsure
21-30,Male,Tier 2,West Bengal,Freelancer,50000-100000,Frequently,During travel,Authenticity,Minimal modern,"Laptop sleeves / utility pouches, Handbags",Sling bag,Wall décor textile,Moderate embroidery,Strong mirror work,Bright colors,Festive use,Below 500,Below 1000,500-1500,Sometimes,Free shipping,Depends on reviews,Product images,4,No,Unlikely
Below 20,Female,Tier 1,Maharashtra,Freelancer,100000-200000,Never,Local exhibitions,Utility,Minimal modern,Jackets / shrugs,Tote bag,Table runners,Moderate embroidery,Strong mirror work,Black / neutral,Office use,500-1000,Above 4000,500-1500,No,Festival combo pack,No,Reviews,4,No,Unlikely
Below 20,Female,Tier 1,Tamil Nadu,Freelancer,100000-200000,Never,Online marketplaces,Design,Traditional,"Jackets / shrugs, Gift sets",Clutch,Decorative organizers,Heavy embroidery,Light mirror work,Black / neutral,Office use,Below 500,Above 4000,500-1500,No,Free shipping,Yes,Brand story,2,No,Very unlikely
Above 50,Male,Metro,Delhi,Salaried Employee,100000-200000,Occasionally,During travel,Authenticity,Fusion,"Laptop sleeves / utility pouches, Gift sets, Cushion covers",Sling bag,Wall décor textile,Moderate embroidery,Strong mirror work,Earth tones,Gifting,Above 2000,2000-4000,Above 3000,No,Free shipping,Yes,Return policy,3,No,Likely
41-50,Female,Tier 3 / Rural,Delhi,Student,50000-100000,Occasionally,During travel,Price,Minimal modern,Jackets / shrugs,Tote bag,Decorative organizers,Heavy embroidery,Strong mirror work,Pastel shades,Office use,500-1000,2000-4000,Below 500,Strongly yes,Buy 2 Get 1,Yes,Product images,2,No,Very unlikely
21-30,Female,Metro,Rajasthan,Salaried Employee,Below 25000,Rarely,Online marketplaces,Price,Minimal modern,"Gift sets, Cushion covers",Clutch,Table runners,Heavy embroidery,Light mirror work,Earth tones,Office use,1000-2000,Below 1000,500-1500,Sometimes,Buy 2 Get 1,Depends on reviews,Product images,5,No,Very unlikely
41-50,Male,Tier 2,Maharashtra,Freelancer,100000-200000,Occasionally,Retail stores,Utility,Depends on product,"Cushion covers, Jackets / shrugs, Laptop sleeves / utility pouches",Tote bag,Cushion covers,Minimal embroidery,Strong mirror work,Black / neutral,Weddings,Above 2000,Above 4000,Above 3000,Strongly yes,Festival combo pack,No,Brand story,5,Yes,Likely
41-50,Female,Tier 2,Tamil Nadu,Freelancer,25000-50000,Never,Retail stores,Authenticity,Fusion,"Cushion covers, Jackets / shrugs",Sling bag,Cushion covers,Minimal embroidery,Light mirror work,Bright colors,Festive use,500-1000,Above 4000,Below 500,Strongly yes,Free shipping,Depends on reviews,Return policy,5,Yes,Likely
41-50,Male,Tier 3 / Rural,Maharashtra,Freelancer,Below 25000,Rarely,Instagram stores,Brand,Traditional,"Jackets / shrugs, Laptop sleeves / utility pouches",Sling bag,Table runners,Heavy embroidery,Light mirror work,Earth tones,Office use,Below 500,1000-2000,Below 500,Strongly yes,Festival combo pack,Yes,Reviews,3,No,Unsure
31-40,Male,Metro,Maharashtra,Other,Below 25000,Rarely,Retail stores,Design,Fusion,"Laptop sleeves / utility pouches, Cushion covers, Jackets / shrugs",Clutch,Wall décor textile,Heavy embroidery,Light mirror work,Black / neutral,Weddings,Above 2000,1000-2000,Below 500,Sometimes,Buy 2 Get 1,Yes,Return policy,3,Yes,Likely
Above 50,Female,Tier 1,Telangana,Homemaker,25000-50000,Never,Instagram stores,Utility,Fusion,"Cushion covers, Handbags",Office handbag,Wall décor textile,Minimal embroidery,No mirror work,Bright colors,Weddings,500-1000,Below 1000,1500-3000,No,Flat discount,No,Reviews,4,Yes,Unsure
41-50,Female,Tier 3 / Rural,Rajasthan,Student,Above 200000,Frequently,Online marketplaces,Price,Minimal modern,"Cushion covers, Gift sets, Laptop sleeves / utility pouches",Tote bag,Wall décor textile,Minimal embroidery,Strong mirror work,Bright colors,Office use,Above 2000,Below 1000,Above 3000,Sometimes,Buy 2 Get 1,No,Return policy,1,Yes,Unsure
41-50,Female,Metro,West Bengal,Homemaker,25000-50000,Occasionally,During travel,Brand,Fusion,"Jackets / shrugs, Handbags",Tote bag,Decorative organizers,Moderate embroidery,No mirror work,Bright colors,Daily use,Above 2000,Below 1000,500-1500,Sometimes,Festival combo pack,Depends on reviews,Reviews,4,No,Very unlikely
Above 50,Female,Tier 1,Telangana,Salaried Employee,100000-200000,Never,During travel,Utility,Traditional,Jackets / shrugs,Sling bag,Wall décor textile,Heavy embroidery,No mirror work,Pastel shades,Daily use,Below 500,1000-2000,Below 500,Sometimes,Flat discount,Yes,Product images,2,Yes,Unsure
Above 50,Male,Tier 3 / Rural,Maharashtra,Freelancer,50000-100000,Rarely,Online marketplaces,Design,Fusion,"Handbags, Laptop sleeves / utility pouches, Cushion covers",Tote bag,Cushion covers,Moderate embroidery,Light mirror work,,Office use,500-1000,Above 4000,1500-3000,Sometimes,Festival combo pack,No,Reviews,5,No,Unsure
21-30,Female,Tier 2,Telangana,Student,50000-100000,Frequently,Retail stores,Authenticity,Fusion,"Cushion covers, Jackets / shrugs",Office handbag,Wall décor textile,Minimal embroidery,Strong mirror work,Black / neutral,Weddings,Above 2000,2000-4000,Above 3000,Sometimes,Buy 2 Get 1,Depends on reviews,Reviews,2,Yes,Unlikely
31-40,Male,Metro,Gujarat,Salaried Employee,Above 200000,Occasionally,Retail stores,Authenticity,Minimal modern,"Gift sets, Laptop sleeves / utility pouches",Clutch,Decorative organizers,Heavy embroidery,Light mirror work,Bright colors,Gifting,1000-2000,2000-4000,Below 500,Strongly yes,Free shipping,Yes,Product images,2,Yes,Very unlikely
21-30,Male,Metro,West Bengal,Business Owner,Above 200000,Never,Retail stores,Price,Fusion,"Laptop sleeves / utility pouches, Cushion covers, Jackets / shrugs",Office handbag,Wall décor textile,Heavy embroidery,No mirror work,Earth tones,Festive use,500-1000,Below 1000,500-1500,No,Festival combo pack,Yes,Reviews,1,Yes,Very unlikely
21-30,Female,Tier 1,Rajasthan,Business Owner,25000-50000,Frequently,Online marketplaces,Authenticity,Minimal modern,Gift sets,Sling bag,Wall décor textile,Minimal embroidery,No mirror work,Bright colors,Gifting,Below 500,1000-2000,Above 3000,Sometimes,Festival combo pack,No,Reviews,2,No,Likely
31-40,Female,Tier 3 / Rural,Gujarat,Business Owner,50000-100000,Occasionally,During travel,Brand,Traditional,Gift sets,Office handbag,Table runners,Moderate embroidery,Light mirror work,Earth tones,Gifting,Below 500,1000-2000,1500-3000,No,Free shipping,Depends on reviews,Return policy,2,Yes,Unsure
Below 20,Female,Metro,Telangana,Salaried Employee,Above 200000,Frequently,Retail stores,Brand,Fusion,"Jackets / shrugs, Cushion covers",Office handbag,Cushion covers,Minimal embroidery,Light mirror work,Bright colors,Festive use,Below 500,1000-2000,1500-3000,Sometimes,Buy 2 Get 1,No,Reviews,4,No,Likely
21-30,Female,Metro,Karnataka,Student,100000-200000,Never,Instagram stores,Price,Traditional,Handbags,Clutch,Wall décor textile,Heavy embroidery,Strong mirror work,Earth tones,Gifting,Above 2000,Above 4000,1500-3000,Strongly yes,Buy 2 Get 1,Depends on reviews,Return policy,2,Yes,Likely
31-40,Female,Metro,West Bengal,Business Owner,25000-50000,Never,During travel,Authenticity,Fusion,Laptop sleeves / utility pouches,Tote bag,Decorative organizers,Minimal embroidery,Strong mirror work,Black / neutral,Festive use,500-1000,Above 4000,1500-3000,Strongly yes,Festival combo pack,Yes,Brand story,1,No,Highly likely
Below 20,Female,Metro,Delhi,Homemaker,Above 200000,Never,Instagram stores,Brand,Depends on product,"Laptop sleeves / utility pouches, Jackets / shrugs, Cushion covers",Clutch,Wall décor textile,Minimal embroidery,No mirror work,Bright colors,Gifting,1000-2000,2000-4000,Above 3000,Sometimes,Buy 2 Get 1,No,Brand story,1,No,Unsure
21-30,Male,Tier 1,West Bengal,Homemaker,25000-50000,Frequently,Retail stores,Brand,Depends on product,"Handbags, Cushion covers",Office handbag,Wall décor textile,Heavy embroidery,Strong mirror work,Black / neutral,Weddings,500-1000,Below 1000,500-1500,Sometimes,Buy 2 Get 1,Depends on reviews,Brand story,1,No,Unsure
Below 20,Female,Tier 2,Tamil Nadu,Student,Below 25000,Rarely,Online marketplaces,Utility,Minimal modern,"Jackets / shrugs, Handbags, Gift sets",Clutch,Cushion covers,Heavy embroidery,No mirror work,Earth tones,Daily use,Below 500,2000-4000,Below 500,No,Buy 2 Get 1,No,Brand story,5,Yes,Highly likely
41-50,Female,Tier 1,Telangana,Business Owner,100000-200000,Rarely,Instagram stores,Brand,Fusion,Laptop sleeves / utility pouches,Office handbag,Cushion covers,Minimal embroidery,No mirror work,Bright colors,Office use,1000-2000,2000-4000,500-1500,No,Flat discount,Depends on reviews,Brand story,1,No,Unsure
Below 20,Female,Tier 3 / Rural,Gujarat,Other,Below 25000,Rarely,Retail stores,Price,Minimal modern,"Laptop sleeves / utility pouches, Gift sets",Tote bag,Decorative organizers,Moderate embroidery,Strong mirror work,Bright colors,Gifting,Above 2000,Below 1000,Below 500,Strongly yes,Free shipping,No,Product images,4,No,Very unlikely
Above 50,Female,Tier 1,Karnataka,Freelancer,25000-50000,Occasionally,Instagram stores,Brand,Fusion,Handbags,Tote bag,Table runners,Minimal embroidery,Light mirror work,Pastel shades,Weddings,Above 2000,Above 4000,Above 3000,Sometimes,Flat discount,No,Return policy,3,Yes,Unsure
Below 20,Female,Metro,Maharashtra,Homemaker,25000-50000,Frequently,Local exhibitions,Brand,Fusion,"Handbags, Jackets / shrugs, Cushion covers",Sling bag,Table runners,Moderate embroidery,Strong mirror work,Bright colors,Gifting,1000-2000,2000-4000,Above 3000,Strongly yes,Flat discount,Yes,Return policy,1,Yes,Unsure
31-40,Female,Tier 1,Maharashtra,Homemaker,Below 25000,Rarely,Instagram stores,Authenticity,Depends on product,"Cushion covers, Jackets / shrugs, Handbags",Sling bag,Decorative organizers,Heavy embroidery,No mirror work,Black / neutral,Daily use,500-1000,Above 4000,Above 3000,Sometimes,Buy 2 Get 1,No,Product images,5,Yes,Likely
21-30,Female,Tier 3 / Rural,Delhi,Other,25000-50000,Occasionally,Instagram stores,Price,Fusion,"Jackets / shrugs, Laptop sleeves / utility pouches",Office handbag,Decorative organizers,Moderate embroidery,No mirror work,Bright colors,Gifting,Above 2000,1000-2000,Above 3000,Strongly yes,Flat discount,No,Reviews,1,Yes,Highly likely
21-30,Female,Metro,Gujarat,Salaried Employee,100000-200000,Occasionally,Local exhibitions,Brand,Depends on product,Handbags,Sling bag,Wall décor textile,Minimal embroidery,Strong mirror work,Pastel shades,Gifting,1000-2000,Above 4000,500-1500,Sometimes,Buy 2 Get 1,Depends on reviews,Product images,5,No,Highly likely
41-50,Male,Metro,Gujarat,Homemaker,25000-50000,Frequently,During travel,Brand,Traditional,"Gift sets, Handbags",Sling bag,Wall décor textile,Heavy embroidery,Strong mirror work,Bright colors,Gifting,Above 2000,Above 4000,500-1500,Strongly yes,Flat discount,No,Reviews,1,Yes,Very unlikely
Below 20,Prefer not to say,Metro,Rajasthan,Other,Above 200000,Occasionally,During travel,Utility,Traditional,"Gift sets, Laptop sleeves / utility pouches, Handbags",Sling bag,Wall décor textile,Moderate embroidery,No mirror work,Earth tones,Festive use,1000-2000,2000-4000,Below 500,Sometimes,Buy 2 Get 1,No,Brand story,4,No,Unlikely
21-30,Male,Tier 1,West Bengal,Freelancer,100000-200000,Frequently,Retail stores,Price,Depends on product,"Handbags, Gift sets",Tote bag,Table runners,Heavy embroidery,No mirror work,Earth tones,Festive use,Below 500,2000-4000,1500-3000,Strongly yes,Festival combo pack,Yes,Return policy,1,No,Highly likely
21-30,Female,Metro,Karnataka,Other,25000-50000,Occasionally,Local exhibitions,Brand,Traditional,"Cushion covers, Jackets / shrugs",Sling bag,Decorative organizers,Heavy embroidery,Strong mirror work,Earth tones,Weddings,1000-2000,1000-2000,Above 3000,Strongly yes,Flat discount,Depends on reviews,Product images,1,Yes,Highly likely
31-40,Female,Metro,Karnataka,Salaried Employee,Above 200000,Frequently,Instagram stores,Design,Minimal modern,Cushion covers,Sling bag,Decorative organizers,Heavy embroidery,Light mirror work,Pastel shades,Festive use,Below 500,2000-4000,1500-3000,Strongly yes,Flat discount,Depends on reviews,Brand story,2,No,Likely
21-30,Male,Tier 2,Delhi,Salaried Employee,25000-50000,Rarely,Instagram stores,Design,Traditional,"Handbags, Gift sets",Clutch,Decorative organizers,Heavy embroidery,No mirror work,Pastel shades,Festive use,1000-2000,Below 1000,Above 3000,Sometimes,Buy 2 Get 1,Depends on reviews,Brand story,4,No,Highly likely
31-40,Female,Tier 3 / Rural,Maharashtra,Business Owner,Below 25000,Frequently,Local exhibitions,Utility,Depends on product,"Handbags, Jackets / shrugs, Cushion covers",Sling bag,Cushion covers,Minimal embroidery,Strong mirror work,Pastel shades,Weddings,Above 2000,Below 1000,500-1500,Sometimes,Festival combo pack,No,Reviews,3,Yes,Unlikely
Above 50,Female,Tier 3 / Rural,Rajasthan,Salaried Employee,25000-50000,Never,Instagram stores,Design,Minimal modern,"Jackets / shrugs, Laptop sleeves / utility pouches, Cushion covers",Sling bag,Cushion covers,Heavy embroidery,No mirror work,Pastel shades,Daily use,Above 2000,2000-4000,500-1500,No,Festival combo pack,Yes,Return policy,5,No,Unlikely
31-40,Female,Tier 2,Karnataka,Salaried Employee,Below 25000,Never,Local exhibitions,Authenticity,Traditional,"Cushion covers, Jackets / shrugs",Sling bag,Wall décor textile,Moderate embroidery,Strong mirror work,Bright colors,Weddings,Above 2000,Below 1000,1500-3000,No,Festival combo pack,Yes,Return policy,3,Yes,Very unlikely
21-30,Female,Tier 3 / Rural,Delhi,Salaried Employee,Above 200000,Occasionally,Local exhibitions,Utility,Fusion,Handbags,Clutch,Decorative organizers,Heavy embroidery,Light mirror work,Bright colors,Festive use,500-1000,Below 1000,1500-3000,No,Free shipping,Depends on reviews,Product images,1,Yes,Unsure
31-40,Female,Tier 1,Telangana,Other,25000-50000,Frequently,Instagram stores,Design,Minimal modern,"Jackets / shrugs, Gift sets",Office handbag,Table runners,Minimal embroidery,Strong mirror work,Bright colors,Gifting,Above 2000,2000-4000,Below 500,Sometimes,Festival combo pack,Depends on reviews,Brand story,2,No,Unlikely
Above 50,Male,Tier 2,Karnataka,Freelancer,25000-50000,Occasionally,Retail stores,Brand,Traditional,"Gift sets, Handbags, Jackets / shrugs",Tote bag,Cushion covers,Moderate embroidery,Strong mirror work,Black / neutral,Weddings,Below 500,Above 4000,500-1500,Strongly yes,Buy 2 Get 1,Yes,Return policy,2,No,Unsure
21-30,Female,Tier 1,Gujarat,Homemaker,100000-200000,Frequently,Instagram stores,Design,Depends on product,"Jackets / shrugs, Laptop sleeves / utility pouches, Handbags",Office handbag,Table runners,Minimal embroidery,Strong mirror work,Earth tones,Gifting,500-1000,Above 4000,500-1500,Strongly yes,Festival combo pack,No,Product images,1,No,Likely
31-40,Female,Tier 3 / Rural,Maharashtra,Salaried Employee,25000-50000,Frequently,Retail stores,Utility,Minimal modern,"Jackets / shrugs, Gift sets, Cushion covers",Clutch,Wall décor textile,Heavy embroidery,Light mirror work,Black / neutral,Festive use,Above 2000,2000-4000,Below 500,Sometimes,Flat discount,Depends on reviews,Brand story,4,Yes,Likely
21-30,Female,Tier 1,Karnataka,Student,50000-100000,Rarely,During travel,Authenticity,Traditional,Jackets / shrugs,Sling bag,Wall décor textile,Heavy embroidery,Light mirror work,Pastel shades,Daily use,500-1000,2000-4000,Above 3000,No,Free shipping,Yes,Reviews,3,Yes,Unsure
31-40,Male,Tier 1,West Bengal,Homemaker,Above 200000,Never,Instagram stores,Authenticity,Depends on product,"Laptop sleeves / utility pouches, Handbags, Cushion covers",Clutch,Table runners,Moderate embroidery,Strong mirror work,Bright colors,Weddings,Above 2000,Below 1000,500-1500,Sometimes,Festival combo pack,Yes,Reviews,1,Yes,Likely
21-30,Male,Tier 1,Tamil Nadu,Salaried Employee,Below 25000,Never,During travel,Authenticity,Fusion,"Cushion covers, Gift sets",Office handbag,Cushion covers,Heavy embroidery,Strong mirror work,Pastel shades,Office use,1000-2000,1000-2000,Above 3000,Sometimes,Festival combo pack,No,Brand story,2,Yes,Likely
Above 50,Female,Tier 2,West Bengal,Other,Above 200000,Rarely,Instagram stores,Design,Traditional,Laptop sleeves / utility pouches,Tote bag,Wall décor textile,Moderate embroidery,Light mirror work,Earth tones,Daily use,Above 2000,2000-4000,Above 3000,Sometimes,Buy 2 Get 1,Yes,Product images,1,Yes,Likely
41-50,Female,Metro,Maharashtra,Salaried Employee,Below 25000,Occasionally,Online marketplaces,Price,Traditional,"Laptop sleeves / utility pouches, Jackets / shrugs, Handbags",Clutch,Wall décor textile,Moderate embroidery,Light mirror work,Earth tones,Daily use,1000-2000,1000-2000,Below 500,No,Buy 2 Get 1,Yes,Product images,5,Yes,Likely
31-40,Female,Tier 3 / Rural,Delhi,Freelancer,100000-200000,Occasionally,During travel,Authenticity,Fusion,"Handbags, Cushion covers",Clutch,Decorative organizers,Heavy embroidery,Strong mirror work,Earth tones,Daily use,500-1000,Below 1000,Below 500,Sometimes,Buy 2 Get 1,Yes,Product images,5,Yes,Highly likely
Above 50,Prefer not to say,Tier 1,Karnataka,Student,100000-200000,Rarely,Instagram stores,Brand,Minimal modern,"Jackets / shrugs, Laptop sleeves / utility pouches",Sling bag,Table runners,Minimal embroidery,Light mirror work,Earth tones,Daily use,1000-2000,1000-2000,1500-3000,Strongly yes,Festival combo pack,Yes,Return policy,4,No,Likely
Above 50,Female,Tier 2,Telangana,Freelancer,Below 25000,Rarely,Retail stores,Authenticity,Fusion,"Gift sets, Cushion covers, Handbags",Tote bag,Wall décor textile,Heavy embroidery,Strong mirror work,Bright colors,Festive use,Above 2000,Above 4000,500-1500,Strongly yes,Flat discount,Depends on reviews,Return policy,4,Yes,Highly likely
Above 50,Male,Metro,Maharashtra,Salaried Employee,50000-100000,Frequently,Instagram stores,Brand,Traditional,"Cushion covers, Handbags, Jackets / shrugs",Office handbag,Decorative organizers,Moderate embroidery,Light mirror work,Pastel shades,Festive use,500-1000,Below 1000,1500-3000,No,Free shipping,Depends on reviews,Brand story,1,No,Unlikely
Below 20,Male,Tier 3 / Rural,Tamil Nadu,Other,25000-50000,Occasionally,Instagram stores,Utility,Depends on product,"Cushion covers, Jackets / shrugs",Sling bag,Decorative organizers,Moderate embroidery,Light mirror work,Bright colors,Office use,Above 2000,Above 4000,500-1500,Sometimes,Festival combo pack,No,Brand story,2,No,Likely
31-40,Female,Tier 2,Tamil Nadu,Student,100000-200000,Frequently,Local exhibitions,Utility,Fusion,"Gift sets, Laptop sleeves / utility pouches",Tote bag,Table runners,Heavy embroidery,No mirror work,Black / neutral,Gifting,500-1000,Above 4000,Below 500,Sometimes,Flat discount,Yes,Reviews,5,No,Likely
Below 20,Male,Tier 2,Telangana,Salaried Employee,25000-50000,Occasionally,Online marketplaces,Utility,Traditional,Laptop sleeves / utility pouches,Tote bag,Wall décor textile,Minimal embroidery,No mirror work,Black / neutral,Gifting,500-1000,1000-2000,500-1500,Sometimes,Flat discount,Depends on reviews,Brand story,4,No,Likely
31-40,Male,Tier 1,Rajasthan,Student,Above 200000,Occasionally,Local exhibitions,Price,Traditional,Handbags,Sling bag,Wall décor textile,Heavy embroidery,No mirror work,Earth tones,Gifting,Above 2000,2000-4000,500-1500,Sometimes,Flat discount,Depends on reviews,Brand story,2,No,Unsure
21-30,Female,Tier 2,Maharashtra,Business Owner,Above 200000,Never,During travel,Utility,Traditional,"Cushion covers, Laptop sleeves / utility pouches, Gift sets",Sling bag,Wall décor textile,Moderate embroidery,Light mirror work,Pastel shades,Office use,Below 500,Below 1000,1500-3000,Sometimes,Free shipping,Yes,Product images,2,No,Very unlikely
41-50,Female,Tier 1,Gujarat,Business Owner,100000-200000,Rarely,Retail stores,Brand,Depends on product,Jackets / shrugs,Clutch,Decorative organizers,Minimal embroidery,No mirror work,Bright colors,Daily use,Below 500,1000-2000,Below 500,Sometimes,Buy 2 Get 1,Yes,Product images,4,Yes,Unlikely
31-40,Female,Metro,Delhi,Salaried Employee,25000-50000,Frequently,Online marketplaces,Brand,Depends on product,"Laptop sleeves / utility pouches, Handbags",Tote bag,Cushion covers,Heavy embroidery,Light mirror work,Pastel shades,Office use,Below 500,2000-4000,1500-3000,Strongly yes,Buy 2 Get 1,Yes,Product images,4,No,Unsure
Above 50,Female,Tier 3 / Rural,Tamil Nadu,Salaried Employee,25000-50000,Frequently,Local exhibitions,Price,Traditional,"Cushion covers, Laptop sleeves / utility pouches",Sling bag,Table runners,Heavy embroidery,No mirror work,Pastel shades,Festive use,500-1000,Above 4000,1500-3000,No,Festival combo pack,No,Product images,1,Yes,Unsure
31-40,Female,Metro,West Bengal,Student,Above 200000,Occasionally,Local exhibitions,Brand,Minimal modern,"Gift sets, Jackets / shrugs",Clutch,Wall décor textile,Minimal embroidery,Strong mirror work,Bright colors,Office use,1000-2000,2000-4000,Below 500,No,Flat discount,Depends on reviews,Brand story,4,No,Unsure
Above 50,Male,Metro,Gujarat,Student,Below 25000,Occasionally,Online marketplaces,Authenticity,Fusion,"Jackets / shrugs, Handbags, Laptop sleeves / utility pouches",Sling bag,Decorative organizers,Minimal embroidery,Light mirror work,Bright colors,Daily use,500-1000,Above 4000,500-1500,Strongly yes,Flat discount,Depends on reviews,Reviews,2,Yes,Unlikely
41-50,Male,Tier 2,Rajasthan,Other,100000-200000,Occasionally,Local exhibitions,Design,Minimal modern,Handbags,Clutch,Cushion covers,Heavy embroidery,No mirror work,Bright colors,Weddings,1000-2000,Above 4000,Above 3000,Strongly yes,Buy 2 Get 1,No,Return policy,4,Yes,Likely
Above 50,Male,Metro,Tamil Nadu,Homemaker,25000-50000,Rarely,Retail stores,Utility,Fusion,Laptop sleeves / utility pouches,Office handbag,Cushion covers,Heavy embroidery,Light mirror work,Pastel shades,Weddings,Below 500,Below 1000,1500-3000,No,Buy 2 Get 1,Depends on reviews,Reviews,2,Yes,Likely
31-40,Female,Tier 3 / Rural,Maharashtra,Other,50000-100000,Occasionally,Instagram stores,Design,Traditional,"Gift sets, Jackets / shrugs, Laptop sleeves / utility pouches",Office handbag,Wall décor textile,Moderate embroidery,No mirror work,Earth tones,Gifting,Above 2000,2000-4000,Above 3000,Sometimes,Flat discount,Depends on reviews,Product images,5,Yes,Highly likely
31-40,Male,Tier 2,Delhi,Student,25000-50000,Frequently,Retail stores,Price,Traditional,Laptop sleeves / utility pouches,Sling bag,Wall décor textile,Heavy embroidery,Strong mirror work,Earth tones,Gifting,1000-2000,1000-2000,500-1500,Strongly yes,Buy 2 Get 1,No,Return policy,3,No,Highly likely
Below 20,Female,Tier 2,Gujarat,Student,50000-100000,Frequently,Online marketplaces,Design,Fusion,"Laptop sleeves / utility pouches, Jackets / shrugs, Gift sets",Sling bag,Wall décor textile,Minimal embroidery,Strong mirror work,Black / neutral,Gifting,500-1000,1000-2000,1500-3000,No,Flat discount,Depends on reviews,Reviews,3,No,Unsure
Below 20,Female,Tier 1,Tamil Nadu,Freelancer,100000-200000,Rarely,Local exhibitions,Design,Depends on product,Jackets / shrugs,Tote bag,Wall décor textile,Moderate embroidery,Strong mirror work,Pastel shades,Gifting,Below 500,Below 1000,Below 500,Sometimes,Free shipping,Yes,Return policy,2,No,Highly likely
41-50,Male,Tier 2,Karnataka,Student,Above 200000,Frequently,Retail stores,Utility,Traditional,"Cushion covers, Jackets / shrugs, Laptop sleeves / utility pouches",Tote bag,Decorative organizers,Moderate embroidery,Light mirror work,Black / neutral,Weddings,Above 2000,2000-4000,Above 3000,Strongly yes,Festival combo pack,Depends on reviews,Reviews,1,No,Unsure
21-30,Female,Tier 3 / Rural,Tamil Nadu,Freelancer,25000-50000,Occasionally,Retail stores,Price,Depends on product,"Jackets / shrugs, Laptop sleeves / utility pouches, Cushion covers",Tote bag,Decorative organizers,Moderate embroidery,No mirror work,Pastel shades,Daily use,Above 2000,Above 4000,Below 500,Strongly yes,Buy 2 Get 1,Yes,Return policy,3,No,Very unlikely
31-40,Female,Metro,Rajasthan,Freelancer,100000-200000,Rarely,Retail stores,Authenticity,Fusion,"Gift sets, Handbags",Clutch,Table runners,Heavy embroidery,No mirror work,Pastel shades,Office use,Below 500,1000-2000,Below 500,No,Festival combo pack,Depends on reviews,Reviews,1,No,Likely
31-40,Female,Tier 2,Tamil Nadu,Other,Below 25000,Never,Online marketplaces,Price,Minimal modern,"Laptop sleeves / utility pouches, Handbags",Clutch,Decorative organizers,Heavy embroidery,Strong mirror work,Bright colors,Weddings,1000-2000,Below 1000,1500-3000,Sometimes,Festival combo pack,Depends on reviews,Product images,3,No,Very unlikely
21-30,Male,Tier 2,Delhi,Freelancer,Below 25000,Rarely,Online marketplaces,Price,Fusion,Gift sets,Tote bag,Cushion covers,Heavy embroidery,Light mirror work,Black / neutral,Weddings,1000-2000,Above 4000,500-1500,Strongly yes,Free shipping,Depends on reviews,Brand story,1,No,Likely
41-50,Female,Tier 2,Maharashtra,Freelancer,25000-50000,Rarely,Local exhibitions,Utility,Fusion,"Jackets / shrugs, Handbags",Office handbag,Table runners,Moderate embroidery,No mirror work,Earth tones,Daily use,500-1000,Above 4000,500-1500,No,Festival combo pack,Depends on reviews,Product images,4,No,Very unlikely
31-40,Male,Tier 2,Maharashtra,Salaried Employee,50000-100000,Rarely,Instagram stores,Price,Fusion,Handbags,Sling bag,Wall décor textile,Minimal embroidery,Strong mirror work,Black / neutral,Weddings,500-1000,1000-2000,Below 500,No,Festival combo pack,No,Return policy,3,No,Unlikely
Below 20,Female,Metro,Tamil Nadu,Salaried Employee,25000-50000,Rarely,Retail stores,Authenticity,Traditional,Handbags,Tote bag,Cushion covers,Moderate embroidery,No mirror work,Pastel shades,Weddings,Above 2000,1000-2000,Above 3000,Strongly yes,Festival combo pack,Yes,Reviews,1,No,Unlikely
31-40,Female,Tier 1,Maharashtra,Student,100000-200000,Never,Instagram stores,Authenticity,Traditional,"Laptop sleeves / utility pouches, Gift sets",Clutch,Cushion covers,Heavy embroidery,Light mirror work,Earth tones,Festive use,1000-2000,Below 1000,500-1500,Sometimes,Free shipping,Yes,Reviews,4,Yes,Unsure
Below 20,Female,Tier 3 / Rural,Tamil Nadu,Homemaker,Above 200000,Occasionally,Retail stores,Utility,Depends on product,"Laptop sleeves / utility pouches, Gift sets, Cushion covers",Tote bag,Wall décor textile,Moderate embroidery,Strong mirror work,Pastel shades,Festive use,1000-2000,Above 4000,500-1500,Strongly yes,Buy 2 Get 1,No,Brand story,1,No,Unsure
41-50,Female,Tier 1,Maharashtra,Other,50000-100000,Frequently,Instagram stores,Price,Depends on product,Cushion covers,Clutch,Decorative organizers,Heavy embroidery,No mirror work,Bright colors,Daily use,Above 2000,2000-4000,Above 3000,Strongly yes,Festival combo pack,Yes,Return policy,3,Yes,Unsure
31-40,Female,Tier 3 / Rural,Tamil Nadu,Salaried Employee,50000-100000,Rarely,During travel,Price,Minimal modern,"Cushion covers, Handbags",Clutch,Wall décor textile,Moderate embroidery,Light mirror work,Bright colors,Office use,1000-2000,2000-4000,1500-3000,No,Buy 2 Get 1,Yes,Reviews,1,Yes,Likely
Above 50,Male,Tier 3 / Rural,Delhi,Other,Above 200000,Frequently,Online marketplaces,Brand,Depends on product,"Handbags, Laptop sleeves / utility pouches, Cushion covers",Office handbag,Cushion covers,Moderate embroidery,Strong mirror work,Black / neutral,Gifting,Above 2000,Below 1000,1500-3000,Strongly yes,Flat discount,Depends on reviews,Reviews,2,Yes,Likely
Above 50,Female,Tier 1,West Bengal,Homemaker,25000-50000,Occasionally,Online marketplaces,Price,Traditional,Handbags,Sling bag,Cushion covers,Heavy embroidery,No mirror work,Earth tones,Weddings,500-1000,Above 4000,1500-3000,Sometimes,Free shipping,Depends on reviews,Reviews,1,No,Likely
21-30,Female,Metro,Delhi,Homemaker,100000-200000,Frequently,During travel,Authenticity,Fusion,"Jackets / shrugs, Laptop sleeves / utility pouches, Handbags",Clutch,Wall décor textile,Heavy embroidery,Strong mirror work,Black / neutral,Festive use,Above 2000,2000-4000,Below 500,Strongly yes,Free shipping,Yes,Reviews,3,No,Highly likely
41-50,Female,Metro,West Bengal,Salaried Employee,50000-100000,Occasionally,Local exhibitions,Design,Traditional,"Jackets / shrugs, Gift sets, Handbags",Tote bag,Wall décor textile,Heavy embroidery,Light mirror work,Bright colors,Daily use,Above 2000,2000-4000,Below 500,Strongly yes,Buy 2 Get 1,No,Brand story,3,No,Unsure
31-40,Male,Tier 3 / Rural,Maharashtra,Salaried Employee,100000-200000,Frequently,Instagram stores,Brand,Minimal modern,Gift sets,Clutch,Wall décor textile,Heavy embroidery,Strong mirror work,Earth tones,Gifting,1000-2000,Above 4000,Above 3000,Sometimes,Buy 2 Get 1,No,Brand story,4,No,Unsure
Below 20,Female,Tier 1,Tamil Nadu,Student,Above 200000,Frequently,Instagram stores,Design,Fusion,"Jackets / shrugs, Laptop sleeves / utility pouches",Sling bag,Wall décor textile,Heavy embroidery,Light mirror work,Earth tones,Gifting,Above 2000,Below 1000,500-1500,No,Festival combo pack,Depends on reviews,Product images,5,Yes,Highly likely
Above 50,Male,Tier 2,Tamil Nadu,Student,25000-50000,Never,Online marketplaces,Utility,Fusion,Handbags,Office handbag,Wall décor textile,Minimal embroidery,Light mirror work,Pastel shades,Gifting,Above 2000,1000-2000,500-1500,Strongly yes,Free shipping,Yes,Product images,5,Yes,Highly likely
21-30,Female,Tier 2,Gujarat,Salaried Employee,Below 25000,Frequently,Local exhibitions,Design,Fusion,"Jackets / shrugs, Gift sets, Cushion covers",Sling bag,Wall décor textile,Moderate embroidery,Light mirror work,Black / neutral,Festive use,1000-2000,Above 4000,Above 3000,No,Flat discount,No,Return policy,4,No,Likely
Below 20,Male,Tier 2,West Bengal,Student,50000-100000,Occasionally,Online marketplaces,Price,Minimal modern,"Jackets / shrugs, Laptop sleeves / utility pouches",Tote bag,Table runners,Minimal embroidery,Strong mirror work,Bright colors,Gifting,1000-2000,1000-2000,Below 500,No,Festival combo pack,No,Return policy,1,Yes,Likely
Below 20,Male,Metro,Karnataka,Other,Above 200000,Frequently,During travel,Brand,Fusion,"Jackets / shrugs, Handbags",Clutch,Cushion covers,Minimal embroidery,Light mirror work,Bright colors,Office use,Above 2000,Below 1000,Above 3000,No,Buy 2 Get 1,No,Brand story,4,No,Likely
41-50,Female,Tier 2,Tamil Nadu,Freelancer,50000-100000,Occasionally,Instagram stores,Authenticity,Depends on product,"Gift sets, Handbags",Clutch,Table runners,Heavy embroidery,Light mirror work,Pastel shades,Daily use,1000-2000,Below 1000,Above 3000,Sometimes,Free shipping,Yes,Product images,2,No,Unlikely
31-40,Female,Tier 3 / Rural,Tamil Nadu,Freelancer,Below 25000,Frequently,Online marketplaces,Utility,Depends on product,"Jackets / shrugs, Laptop sleeves / utility pouches, Cushion covers",Office handbag,Wall décor textile,Minimal embroidery,Light mirror work,Pastel shades,Gifting,Below 500,Above 4000,500-1500,Sometimes,Free shipping,No,Brand story,4,Yes,Highly likely
Above 50,Female,Tier 3 / Rural,Telangana,Business Owner,25000-50000,Rarely,Retail stores,Authenticity,Depends on product,"Cushion covers, Gift sets",Sling bag,Decorative organizers,Heavy embroidery,Strong mirror work,Pastel shades,Weddings,Above 2000,2000-4000,Below 500,No,Buy 2 Get 1,Yes,Product images,4,No,Very unlikely
41-50,Male,Tier 2,Maharashtra,Freelancer,25000-50000,Occasionally,Local exhibitions,Authenticity,Minimal modern,Cushion covers,Clutch,Decorative organizers,Moderate embroidery,No mirror work,Black / neutral,Daily use,500-1000,Below 1000,Above 3000,Sometimes,Buy 2 Get 1,No,Product images,5,No,Unsure
21-30,Female,Tier 3 / Rural,Tamil Nadu,Other,50000-100000,Frequently,Instagram stores,Design,Fusion,"Handbags, Gift sets",Sling bag,Decorative organizers,Heavy embroidery,Strong mirror work,Earth tones,Office use,500-1000,Above 4000,1500-3000,Sometimes,Buy 2 Get 1,Depends on reviews,Reviews,5,Yes,Unsure
41-50,Male,Tier 1,Karnataka,Salaried Employee,Above 200000,Occasionally,Online marketplaces,Design,Minimal modern,Cushion covers,Office handbag,Wall décor textile,Minimal embroidery,Light mirror work,Black / neutral,Festive use,Above 2000,Above 4000,500-1500,Sometimes,Buy 2 Get 1,Depends on reviews,Return policy,4,Yes,Unlikely
Above 50,Male,Metro,Telangana,Student,25000-50000,Frequently,Local exhibitions,Price,Minimal modern,Handbags,Clutch,Decorative organizers,Moderate embroidery,No mirror work,Black / neutral,Weddings,Below 500,Below 1000,500-1500,Strongly yes,Festival combo pack,Yes,Product images,1,No,Likely
Below 20,Male,Tier 3 / Rural,Delhi,Homemaker,Below 25000,Rarely,Retail stores,Utility,Fusion,Handbags,Sling bag,Decorative organizers,Moderate embroidery,No mirror work,Bright colors,Weddings,1000-2000,Above 4000,1500-3000,Sometimes,Flat discount,Depends on reviews,Brand story,2,Yes,Likely
31-40,Male,Tier 1,Karnataka,Homemaker,Above 200000,Occasionally,Online marketplaces,Authenticity,Fusion,"Gift sets, Handbags, Cushion covers",Office handbag,Wall décor textile,Heavy embroidery,Light mirror work,Earth tones,Festive use,1000-2000,1000-2000,Below 500,Strongly yes,Free shipping,Depends on reviews,Return policy,3,No,Unlikely
31-40,Female,Tier 1,Tamil Nadu,Student,Below 25000,Occasionally,Instagram stores,Price,Fusion,"Laptop sleeves / utility pouches, Cushion covers, Handbags",Sling bag,Table runners,Minimal embroidery,No mirror work,Earth tones,Daily use,Above 2000,Below 1000,1500-3000,Strongly yes,Flat discount,No,Product images,2,Yes,Unlikely
41-50,Male,Metro,Maharashtra,Freelancer,50000-100000,Rarely,Instagram stores,Authenticity,Traditional,Jackets / shrugs,Clutch,Decorative organizers,Heavy embroidery,No mirror work,Pastel shades,Festive use,Above 2000,Below 1000,1500-3000,Strongly yes,Flat discount,Depends on reviews,Product images,4,No,Very unlikely
41-50,Female,Tier 1,Karnataka,Business Owner,Above 200000,Occasionally,During travel,Utility,Fusion,Jackets / shrugs,Clutch,Cushion covers,Heavy embroidery,Light mirror work,Bright colors,Gifting,Above 2000,Above 4000,Above 3000,No,Free shipping,No,Return policy,3,No,Highly likely
41-50,Male,Tier 1,Tamil Nadu,Other,100000-200000,Never,During travel,Brand,Traditional,Gift sets,Tote bag,Wall décor textile,Moderate embroidery,Light mirror work,Earth tones,Daily use,Above 2000,2000-4000,1500-3000,Sometimes,Buy 2 Get 1,Yes,Product images,4,Yes,Unlikely
31-40,Male,Tier 2,Karnataka,Business Owner,25000-50000,Never,Online marketplaces,Utility,Fusion,"Laptop sleeves / utility pouches, Cushion covers, Handbags",Office handbag,Wall décor textile,Heavy embroidery,Strong mirror work,Earth tones,Weddings,Above 2000,Below 1000,Above 3000,No,Free shipping,No,Brand story,5,No,Unsure
Above 50,Female,Tier 3 / Rural,Karnataka,Freelancer,Above 200000,Never,Instagram stores,Brand,Minimal modern,"Jackets / shrugs, Laptop sleeves / utility pouches",Tote bag,Table runners,Moderate embroidery,No mirror work,Pastel shades,Gifting,Above 2000,1000-2000,Below 500,No,Buy 2 Get 1,Depends on reviews,Reviews,1,Yes,Highly likely
Above 50,Female,Tier 3 / Rural,Tamil Nadu,Homemaker,Above 200000,Never,Retail stores,Authenticity,Minimal modern,"Gift sets, Jackets / shrugs",Clutch,Cushion covers,Heavy embroidery,Strong mirror work,Black / neutral,Weddings,500-1000,2000-4000,500-1500,Strongly yes,Flat discount,No,Return policy,4,No,Unlikely
Below 20,Female,Tier 2,Tamil Nadu,Student,Above 200000,Never,Retail stores,Utility,Fusion,Gift sets,Clutch,Cushion covers,Heavy embroidery,No mirror work,Black / neutral,Gifting,Above 2000,Above 4000,Above 3000,Strongly yes,Festival combo pack,Depends on reviews,Brand story,2,Yes,Unlikely
21-30,Female,Tier 2,Rajasthan,Freelancer,Below 25000,Frequently,Local exhibitions,Brand,Fusion,Handbags,Sling bag,Cushion covers,Heavy embroidery,Light mirror work,Earth tones,Weddings,1000-2000,Above 4000,Above 3000,Sometimes,Buy 2 Get 1,Depends on reviews,Product images,3,Yes,Likely
31-40,Female,Metro,Delhi,Homemaker,25000-50000,Occasionally,Retail stores,Utility,Fusion,"Laptop sleeves / utility pouches, Gift sets",Sling bag,Table runners,Minimal embroidery,No mirror work,Pastel shades,Festive use,Above 2000,1000-2000,500-1500,Sometimes,Free shipping,Depends on reviews,Return policy,4,No,Highly likely
31-40,Male,Metro,Tamil Nadu,Salaried Employee,100000-200000,Rarely,During travel,Authenticity,Traditional,Cushion covers,Office handbag,Table runners,Moderate embroidery,Strong mirror work,Bright colors,Festive use,500-1000,Above 4000,Above 3000,Sometimes,Festival combo pack,Depends on reviews,Product images,5,Yes,Highly likely
41-50,Female,Tier 2,Karnataka,Other,Above 200000,Occasionally,Retail stores,Brand,Minimal modern,"Handbags, Gift sets, Jackets / shrugs",Tote bag,Wall décor textile,Minimal embroidery,No mirror work,Earth tones,Gifting,1000-2000,1000-2000,Above 3000,Sometimes,Free shipping,Depends on reviews,Product images,3,Yes,Unsure
Above 50,Female,Tier 3 / Rural,Karnataka,Homemaker,25000-50000,Frequently,Online marketplaces,Authenticity,Fusion,"Laptop sleeves / utility pouches, Handbags",Sling bag,Wall décor textile,Heavy embroidery,Strong mirror work,Black / neutral,Office use,Below 500,2000-4000,Above 3000,Sometimes,Flat discount,No,Return policy,2,No,Likely
41-50,Female,Tier 3 / Rural,Gujarat,Freelancer,Below 25000,Never,Instagram stores,Authenticity,Traditional,"Jackets / shrugs, Handbags",Clutch,Cushion covers,Minimal embroidery,No mirror work,Pastel shades,Festive use,Above 2000,Below 1000,1500-3000,Sometimes,Free shipping,Depends on reviews,Brand story,3,Yes,Unsure
31-40,Female,Tier 3 / Rural,West Bengal,Business Owner,Below 25000,Frequently,Instagram stores,Price,Traditional,Laptop sleeves / utility pouches,Clutch,Wall décor textile,Minimal embroidery,Strong mirror work,Black / neutral,Gifting,Below 500,2000-4000,1500-3000,Strongly yes,Festival combo pack,Yes,Return policy,3,Yes,Unsure
Above 50,Male,Metro,Karnataka,Freelancer,25000-50000,Never,Retail stores,Price,Depends on product,"Jackets / shrugs, Handbags, Laptop sleeves / utility pouches",Office handbag,Cushion covers,Moderate embroidery,Light mirror work,Bright colors,Gifting,1000-2000,2000-4000,500-1500,No,Festival combo pack,Yes,Product images,4,Yes,Very unlikely
21-30,Male,Tier 3 / Rural,Karnataka,Freelancer,100000-200000,Occasionally,Online marketplaces,Brand,Depends on product,Gift sets,Tote bag,Wall décor textile,Minimal embroidery,Strong mirror work,Earth tones,Office use,500-1000,Below 1000,Below 500,No,Free shipping,No,Return policy,3,No,Unlikely
21-30,Male,Tier 2,West Bengal,Salaried Employee,Above 200000,Never,During travel,Authenticity,Minimal modern,Cushion covers,Tote bag,Decorative organizers,Heavy embroidery,Light mirror work,Pastel shades,Festive use,1000-2000,2000-4000,Below 500,No,Festival combo pack,Depends on reviews,Return policy,1,No,Likely
21-30,Male,Tier 3 / Rural,Rajasthan,Student,,Rarely,During travel,Authenticity,Minimal modern,Laptop sleeves / utility pouches,Clutch,Table runners,Minimal embroidery,Strong mirror work,Pastel shades,Weddings,Above 2000,Above 4000,Below 500,No,Flat discount,Depends on reviews,Reviews,5,Yes,Unlikely
31-40,Male,Tier 1,Tamil Nadu,Other,50000-100000,Occasionally,Instagram stores,Design,Traditional,"Handbags, Cushion covers",Office handbag,Decorative organizers,Minimal embroidery,Light mirror work,Earth tones,Festive use,1000-2000,2000-4000,Above 3000,Sometimes,Free shipping,No,Return policy,1,No,Unlikely
Below 20,Female,Tier 3 / Rural,Delhi,Other,Above 200000,Occasionally,Retail stores,Design,Minimal modern,Laptop sleeves / utility pouches,Clutch,Wall décor textile,Moderate embroidery,Strong mirror work,Pastel shades,Festive use,Below 500,Below 1000,1500-3000,Strongly yes,Buy 2 Get 1,Yes,Product images,5,Yes,Likely
21-30,Female,Tier 3 / Rural,Delhi,Salaried Employee,25000-50000,Rarely,Online marketplaces,Authenticity,Depends on product,Gift sets,Tote bag,Table runners,Minimal embroidery,No mirror work,Bright colors,Weddings,500-1000,Above 4000,500-1500,Sometimes,Buy 2 Get 1,Depends on reviews,Reviews,1,Yes,Unsure
31-40,Female,Tier 2,Delhi,Business Owner,Below 25000,Occasionally,During travel,Design,Fusion,"Handbags, Cushion covers",Clutch,Table runners,Minimal embroidery,Light mirror work,Earth tones,Office use,Above 2000,Below 1000,1500-3000,No,Free shipping,Yes,Brand story,2,Yes,Likely
Above 50,Female,Tier 1,Delhi,Other,100000-200000,Occasionally,Online marketplaces,Utility,Depends on product,"Gift sets, Jackets / shrugs",Clutch,Table runners,Heavy embroidery,Light mirror work,Pastel shades,Daily use,1000-2000,Above 4000,1500-3000,Sometimes,Buy 2 Get 1,Yes,Return policy,5,No,Likely
41-50,Male,Metro,Telangana,Homemaker,50000-100000,Rarely,During travel,Design,Minimal modern,"Jackets / shrugs, Laptop sleeves / utility pouches",Tote bag,Decorative organizers,Heavy embroidery,Light mirror work,Earth tones,Gifting,500-1000,2000-4000,1500-3000,Strongly yes,Buy 2 Get 1,Depends on reviews,Brand story,2,No,Unsure
41-50,Female,Metro,West Bengal,Business Owner,100000-200000,Never,Retail stores,Price,Fusion,Laptop sleeves / utility pouches,Tote bag,Table runners,Moderate embroidery,No mirror work,Bright colors,Weddings,1000-2000,Above 4000,500-1500,Sometimes,Festival combo pack,Depends on reviews,Product images,4,No,Highly likely
21-30,Female,Tier 2,Rajasthan,Freelancer,25000-50000,Frequently,Retail stores,Price,Traditional,Jackets / shrugs,Tote bag,Cushion covers,Heavy embroidery,Light mirror work,Bright colors,Festive use,500-1000,2000-4000,500-1500,No,Festival combo pack,Depends on reviews,Return policy,1,No,Unlikely
31-40,Prefer not to say,Tier 1,Telangana,Homemaker,Above 200000,Frequently,Instagram stores,Brand,Depends on product,"Gift sets, Laptop sleeves / utility pouches, Jackets / shrugs",Sling bag,Cushion covers,Moderate embroidery,Strong mirror work,Earth tones,Festive use,Above 2000,Below 1000,Below 500,Sometimes,Flat discount,Depends on reviews,Return policy,4,No,Likely
31-40,Female,Tier 3 / Rural,Telangana,Salaried Employee,25000-50000,Occasionally,Local exhibitions,Authenticity,Depends on product,"Gift sets, Handbags, Laptop sleeves / utility pouches",Clutch,Table runners,Moderate embroidery,Light mirror work,Black / neutral,Weddings,Above 2000,1000-2000,1500-3000,Strongly yes,Flat discount,Depends on reviews,Return policy,3,No,Very unlikely
Above 50,Female,Tier 2,Maharashtra,Salaried Employee,100000-200000,Rarely,Online marketplaces,Brand,Traditional,Handbags,Sling bag,Cushion covers,Moderate embroidery,No mirror work,Earth tones,Weddings,Below 500,Above 4000,1500-3000,Strongly yes,Festival combo pack,Depends on reviews,Product images,3,Yes,Very unlikely
41-50,Female,Tier 2,West Bengal,Business Owner,50000-100000,Never,Retail stores,Authenticity,Traditional,"Cushion covers, Laptop sleeves / utility pouches, Jackets / shrugs",Sling bag,Decorative organizers,Minimal embroidery,Strong mirror work,Pastel shades,Daily use,Below 500,1000-2000,Above 3000,Sometimes,Free shipping,Depends on reviews,Product images,1,No,Likely
Above 50,Female,Tier 1,Delhi,Student,25000-50000,Rarely,Online marketplaces,Design,Fusion,"Laptop sleeves / utility pouches, Cushion covers",Tote bag,Table runners,Minimal embroidery,Light mirror work,Bright colors,Office use,Below 500,Above 4000,Below 500,Sometimes,Free shipping,Depends on reviews,Product images,1,No,Likely
Above 50,Female,Metro,Telangana,Student,100000-200000,Never,Instagram stores,Authenticity,Minimal modern,Gift sets,Tote bag,Wall décor textile,Moderate embroidery,Strong mirror work,Earth tones,Office use,1000-2000,1000-2000,500-1500,No,Free shipping,Yes,Product images,1,No,Likely
31-40,Female,Tier 1,Maharashtra,Other,100000-200000,Rarely,During travel,Price,Traditional,"Cushion covers, Jackets / shrugs",Tote bag,Wall décor textile,Moderate embroidery,Strong mirror work,Pastel shades,Daily use,500-1000,Below 1000,1500-3000,Sometimes,Buy 2 Get 1,Yes,Brand story,3,Yes,Unsure
Below 20,Female,Tier 2,West Bengal,Student,Below 25000,Rarely,Retail stores,Authenticity,Depends on product,Jackets / shrugs,Sling bag,Cushion covers,Heavy embroidery,Light mirror work,Earth tones,Weddings,Below 500,Below 1000,1500-3000,Sometimes,Flat discount,Yes,Brand story,2,Yes,Likely
41-50,Male,Metro,Karnataka,Student,100000-200000,Never,Instagram stores,Price,Depends on product,Jackets / shrugs,Office handbag,Table runners,Minimal embroidery,Light mirror work,Bright colors,Festive use,Above 2000,Below 1000,1500-3000,No,Buy 2 Get 1,Yes,Product images,2,Yes,Unlikely
Below 20,Male,Metro,Maharashtra,Homemaker,50000-100000,Rarely,During travel,Utility,Traditional,"Gift sets, Cushion covers",Sling bag,Decorative organizers,Moderate embroidery,Strong mirror work,Bright colors,Weddings,1000-2000,1000-2000,500-1500,Sometimes,Festival combo pack,Yes,Return policy,4,Yes,Likely
41-50,Female,Tier 3 / Rural,Tamil Nadu,Freelancer,25000-50000,Occasionally,Retail stores,Design,Depends on product,"Handbags, Jackets / shrugs, Cushion covers",Sling bag,Cushion covers,Moderate embroidery,Strong mirror work,Pastel shades,Office use,500-1000,2000-4000,Below 500,Sometimes,Free shipping,Depends on reviews,Product images,4,Yes,Highly likely
41-50,Female,Metro,Rajasthan,Homemaker,Below 25000,Frequently,Online marketplaces,Brand,Fusion,"Laptop sleeves / utility pouches, Gift sets, Handbags",Sling bag,Table runners,Minimal embroidery,No mirror work,Earth tones,Festive use,Below 500,Below 1000,Above 3000,No,Free shipping,No,Return policy,3,No,Unlikely
Above 50,Male,Tier 2,Tamil Nadu,Salaried Employee,25000-50000,Frequently,Local exhibitions,Utility,Fusion,Handbags,Clutch,Decorative organizers,Minimal embroidery,Light mirror work,Pastel shades,Festive use,500-1000,1000-2000,1500-3000,No,Free shipping,No,Product images,2,Yes,Unsure
Below 20,Male,Tier 1,Maharashtra,Salaried Employee,50000-100000,Never,Local exhibitions,Price,Fusion,Laptop sleeves / utility pouches,Office handbag,Wall décor textile,Heavy embroidery,No mirror work,Bright colors,Festive use,Above 2000,1000-2000,Above 3000,Sometimes,Festival combo pack,Yes,Reviews,1,No,Likely
Below 20,Female,Tier 1,Karnataka,Freelancer,Above 200000,Never,Online marketplaces,Authenticity,Depends on product,Cushion covers,Tote bag,Wall décor textile,Moderate embroidery,Strong mirror work,Pastel shades,Gifting,500-1000,Below 1000,Above 3000,Sometimes,Free shipping,Depends on reviews,Reviews,2,No,Unsure
Below 20,Female,Tier 3 / Rural,Karnataka,Other,100000-200000,Frequently,During travel,Design,Depends on product,Laptop sleeves / utility pouches,Tote bag,Decorative organizers,Minimal embroidery,Light mirror work,Bright colors,Office use,1000-2000,2000-4000,Above 3000,No,Free shipping,No,Reviews,1,No,Highly likely
Below 20,Male,Tier 3 / Rural,Karnataka,Other,Below 25000,Frequently,Online marketplaces,Design,Minimal modern,"Jackets / shrugs, Gift sets, Laptop sleeves / utility pouches",Clutch,Table runners,Minimal embroidery,Strong mirror work,Earth tones,Office use,500-1000,2000-4000,1500-3000,Strongly yes,Flat discount,Yes,Product images,5,No,Likely
31-40,Female,Metro,Gujarat,Salaried Employee,25000-50000,Frequently,During travel,Brand,Depends on product,"Gift sets, Jackets / shrugs, Handbags",Office handbag,Wall décor textile,Minimal embroidery,Light mirror work,Pastel shades,Festive use,1000-2000,2000-4000,500-1500,Strongly yes,Buy 2 Get 1,Depends on reviews,Brand story,4,No,Unsure
31-40,Male,Tier 2,Telangana,Homemaker,100000-200000,Rarely,During travel,Design,Traditional,Handbags,Tote bag,Decorative organizers,Moderate embroidery,Light mirror work,Earth tones,Gifting,500-1000,1000-2000,1500-3000,No,Free shipping,No,Return policy,1,Yes,Unsure
21-30,Female,Metro,Karnataka,Homemaker,50000-100000,Frequently,Instagram stores,Price,Traditional,"Cushion covers, Handbags",Sling bag,Table runners,Heavy embroidery,No mirror work,Earth tones,Gifting,500-1000,1000-2000,500-1500,No,Flat discount,No,Return policy,5,No,Unsure
31-40,Female,Tier 3 / Rural,Karnataka,Freelancer,Below 25000,Never,Online marketplaces,Authenticity,Minimal modern,"Laptop sleeves / utility pouches, Gift sets, Jackets / shrugs",Tote bag,Cushion covers,Minimal embroidery,Light mirror work,Earth tones,Office use,Below 500,Below 1000,Above 3000,No,Buy 2 Get 1,Depends on reviews,Reviews,1,No,Likely
Below 20,Female,Tier 1,West Bengal,Salaried Employee,Above 200000,Never,Online marketplaces,Price,Traditional,Cushion covers,Clutch,Cushion covers,Heavy embroidery,Strong mirror work,Earth tones,Gifting,Above 2000,1000-2000,500-1500,Strongly yes,Buy 2 Get 1,Yes,Reviews,3,No,Unlikely
Below 20,Male,Tier 3 / Rural,West Bengal,Salaried Employee,25000-50000,Occasionally,Instagram stores,Design,Traditional,"Cushion covers, Laptop sleeves / utility pouches, Jackets / shrugs",Clutch,Table runners,Moderate embroidery,Light mirror work,Bright colors,Gifting,1000-2000,Below 1000,500-1500,No,Flat discount,No,Reviews,4,No,Very unlikely
Above 50,Female,Metro,Gujarat,Homemaker,50000-100000,Rarely,Local exhibitions,Price,Minimal modern,"Handbags, Cushion covers, Laptop sleeves / utility pouches",Clutch,Table runners,Minimal embroidery,Strong mirror work,Earth tones,Weddings,Below 500,2000-4000,1500-3000,Strongly yes,Free shipping,Yes,Product images,1,Yes,Unsure
Below 20,Male,Tier 2,Delhi,Salaried Employee,25000-50000,Rarely,During travel,Design,Depends on product,"Handbags, Gift sets, Laptop sleeves / utility pouches",Sling bag,Wall décor textile,Moderate embroidery,Strong mirror work,Pastel shades,Festive use,1000-2000,Below 1000,Below 500,Strongly yes,Buy 2 Get 1,Depends on reviews,Brand story,2,Yes,Unsure
41-50,Female,Tier 3 / Rural,Gujarat,Other,50000-100000,Occasionally,Instagram stores,Design,Fusion,Cushion covers,Office handbag,Cushion covers,Minimal embroidery,No mirror work,Bright colors,Festive use,500-1000,Above 4000,1500-3000,Sometimes,Free shipping,Depends on reviews,Product images,5,Yes,Unlikely
31-40,Female,Tier 1,Delhi,Salaried Employee,Above 200000,Occasionally,Instagram stores,Brand,Traditional,"Handbags, Laptop sleeves / utility pouches",Sling bag,Cushion covers,Moderate embroidery,No mirror work,Pastel shades,Gifting,Below 500,1000-2000,1500-3000,Sometimes,Festival combo pack,Yes,Reviews,2,No,Unlikely
41-50,Female,Tier 2,Maharashtra,Student,Above 200000,Occasionally,Instagram stores,Price,Traditional,Laptop sleeves / utility pouches,Office handbag,Table runners,Moderate embroidery,Strong mirror work,Bright colors,Festive use,500-1000,Below 1000,Below 500,Strongly yes,Flat discount,Yes,Brand story,5,No,Unsure
Above 50,Female,Metro,Telangana,Business Owner,50000-100000,Never,Local exhibitions,Authenticity,Depends on product,Jackets / shrugs,Tote bag,Table runners,Moderate embroidery,Light mirror work,Bright colors,Festive use,1000-2000,Above 4000,500-1500,Strongly yes,Flat discount,Depends on reviews,Return policy,1,No,Unlikely
Below 20,Female,Tier 2,Karnataka,Homemaker,50000-100000,Frequently,Local exhibitions,Price,Traditional,"Handbags, Jackets / shrugs",Tote bag,Decorative organizers,Minimal embroidery,Strong mirror work,Earth tones,Weddings,Below 500,2000-4000,500-1500,No,Festival combo pack,Yes,Product images,3,Yes,Likely
Above 50,Female,Tier 1,West Bengal,Business Owner,Below 25000,Frequently,During travel,Brand,Traditional,"Cushion covers, Handbags",Office handbag,Table runners,Heavy embroidery,No mirror work,Earth tones,Office use,1000-2000,1000-2000,1500-3000,Strongly yes,Free shipping,No,Brand story,5,No,Unsure
41-50,Male,Metro,Delhi,Salaried Employee,100000-200000,Occasionally,During travel,Price,Fusion,"Laptop sleeves / utility pouches, Gift sets, Cushion covers",Sling bag,Wall décor textile,Moderate embroidery,Light mirror work,Earth tones,Daily use,Above 2000,Below 1000,1500-3000,Sometimes,Free shipping,Yes,Product images,5,Yes,Unsure
Above 50,Female,Tier 2,Karnataka,Homemaker,50000-100000,Never,Online marketplaces,Utility,Fusion,"Handbags, Cushion covers, Jackets / shrugs",Clutch,Wall décor textile,Minimal embroidery,Light mirror work,Black / neutral,Gifting,Below 500,Below 1000,500-1500,No,Festival combo pack,No,Product images,3,Yes,Unlikely
Above 50,Female,Tier 2,Rajasthan,Business Owner,Below 25000,Occasionally,Local exhibitions,Utility,Fusion,"Jackets / shrugs, Laptop sleeves / utility pouches",Sling bag,Cushion covers,Minimal embroidery,No mirror work,Bright colors,Weddings,Below 500,2000-4000,500-1500,Sometimes,Flat discount,No,Reviews,2,Yes,Unsure
21-30,Female,Tier 3 / Rural,Tamil Nadu,Student,Below 25000,Rarely,Local exhibitions,Brand,Traditional,Cushion covers,Clutch,Decorative organizers,Heavy embroidery,Light mirror work,Black / neutral,Gifting,500-1000,2000-4000,1500-3000,Sometimes,Flat discount,Depends on reviews,Brand story,1,No,Unlikely
Above 50,Male,Tier 3 / Rural,Delhi,Freelancer,100000-200000,Never,Local exhibitions,Brand,Depends on product,Cushion covers,Tote bag,Table runners,Moderate embroidery,Strong mirror work,Bright colors,Daily use,Below 500,2000-4000,Above 3000,No,Buy 2 Get 1,Yes,Reviews,4,No,Unlikely
Above 50,Male,Metro,Tamil Nadu,Salaried Employee,50000-100000,Occasionally,Local exhibitions,Utility,Fusion,Jackets / shrugs,Office handbag,Wall décor textile,Minimal embroidery,Light mirror work,Bright colors,Weddings,500-1000,2000-4000,Above 3000,No,Flat discount,Yes,Brand story,4,Yes,Unsure
Above 50,Male,Tier 2,West Bengal,Student,100000-200000,Occasionally,During travel,Brand,Traditional,Laptop sleeves / utility pouches,Clutch,Wall décor textile,Moderate embroidery,Light mirror work,Bright colors,Daily use,Below 500,2000-4000,500-1500,Sometimes,Buy 2 Get 1,No,Reviews,5,No,Very unlikely
Above 50,Male,Tier 1,Maharashtra,Freelancer,100000-200000,Occasionally,Online marketplaces,Authenticity,Fusion,Jackets / shrugs,Sling bag,Wall décor textile,Moderate embroidery,Strong mirror work,Black / neutral,Daily use,500-1000,Below 1000,Above 3000,Sometimes,Flat discount,Yes,Product images,1,No,Likely
21-30,Female,Metro,Maharashtra,Business Owner,50000-100000,Frequently,Retail stores,Price,Traditional,"Jackets / shrugs, Cushion covers",Clutch,Table runners,Heavy embroidery,No mirror work,Pastel shades,Daily use,1000-2000,1000-2000,Below 500,Strongly yes,Festival combo pack,Yes,Brand story,4,No,Very unlikely
31-40,Male,Tier 2,West Bengal,Student,25000-50000,Never,Local exhibitions,Utility,Depends on product,Laptop sleeves / utility pouches,Office handbag,Cushion covers,Heavy embroidery,Strong mirror work,Earth tones,Gifting,Above 2000,Below 1000,500-1500,No,Festival combo pack,Depends on reviews,Return policy,4,No,Highly likely
21-30,Female,Metro,Tamil Nadu,Salaried Employee,25000-50000,Occasionally,Online marketplaces,Design,Fusion,"Gift sets, Handbags, Laptop sleeves / utility pouches",Tote bag,Wall décor textile,Minimal embroidery,No mirror work,Earth tones,Gifting,Below 500,Above 4000,1500-3000,No,Flat discount,No,Reviews,2,Yes,Likely
Below 20,Female,Tier 1,Maharashtra,Homemaker,25000-50000,Never,Retail stores,Authenticity,Traditional,"Cushion covers, Gift sets, Laptop sleeves / utility pouches",Clutch,Table runners,Moderate embroidery,No mirror work,Earth tones,Office use,Below 500,2000-4000,Below 500,Sometimes,Buy 2 Get 1,No,Reviews,5,Yes,Unlikely
31-40,Male,Metro,West Bengal,Student,Below 25000,Rarely,Retail stores,Price,Depends on product,Gift sets,Clutch,Cushion covers,Heavy embroidery,Strong mirror work,Pastel shades,Office use,1000-2000,Below 1000,Above 3000,Sometimes,Flat discount,Yes,Reviews,4,No,Unsure
Below 20,Female,Metro,West Bengal,Student,Below 25000,Frequently,Retail stores,Brand,Minimal modern,"Gift sets, Jackets / shrugs, Handbags",Sling bag,Wall décor textile,Heavy embroidery,Strong mirror work,Bright colors,Office use,500-1000,2000-4000,Above 3000,Strongly yes,Buy 2 Get 1,No,Return policy,1,No,Unsure
Above 50,Male,Tier 2,Delhi,Freelancer,50000-100000,Never,Instagram stores,Price,Minimal modern,"Gift sets, Jackets / shrugs",Tote bag,Wall décor textile,Moderate embroidery,No mirror work,Pastel shades,Weddings,500-1000,2000-4000,Above 3000,Sometimes,Festival combo pack,No,Reviews,5,No,Unsure
21-30,Female,Tier 1,Tamil Nadu,Salaried Employee,50000-100000,Rarely,Retail stores,Design,Depends on product,"Gift sets, Cushion covers",Sling bag,Wall décor textile,Heavy embroidery,No mirror work,Earth tones,Festive use,500-1000,2000-4000,500-1500,Sometimes,Buy 2 Get 1,Yes,Reviews,3,Yes,Unsure
21-30,Male,Tier 3 / Rural,Karnataka,Business Owner,Above 200000,Occasionally,Retail stores,Authenticity,Fusion,"Handbags, Laptop sleeves / utility pouches",Sling bag,Table runners,Minimal embroidery,Light mirror work,Pastel shades,Office use,1000-2000,Below 1000,1500-3000,Sometimes,Festival combo pack,Depends on reviews,Product images,4,Yes,Highly likely
Above 50,Male,Tier 3 / Rural,Tamil Nadu,Salaried Employee,100000-200000,Rarely,Online marketplaces,Price,Depends on product,Cushion covers,Clutch,Table runners,Minimal embroidery,Light mirror work,Earth tones,Gifting,1000-2000,Above 4000,Below 500,Strongly yes,Buy 2 Get 1,No,Brand story,3,No,Very unlikely
21-30,Female,Metro,Delhi,Freelancer,Below 25000,Never,Instagram stores,Price,Fusion,Handbags,Office handbag,Cushion covers,Moderate embroidery,Strong mirror work,Pastel shades,Weddings,1000-2000,2000-4000,Below 500,Sometimes,Free shipping,Yes,Brand story,1,Yes,Unsure
31-40,Female,Tier 3 / Rural,Tamil Nadu,Other,50000-100000,Rarely,During travel,Brand,Depends on product,"Laptop sleeves / utility pouches, Cushion covers",Clutch,Decorative organizers,Minimal embroidery,No mirror work,Pastel shades,Festive use,500-1000,Above 4000,1500-3000,Strongly yes,Festival combo pack,Yes,Return policy,2,Yes,Highly likely
21-30,Male,Tier 3 / Rural,Delhi,Homemaker,Below 25000,Never,During travel,Authenticity,Fusion,Handbags,Clutch,Table runners,Moderate embroidery,Strong mirror work,Bright colors,Festive use,1000-2000,Above 4000,Below 500,Strongly yes,Buy 2 Get 1,Depends on reviews,Product images,5,No,Likely
21-30,Female,Metro,Karnataka,Homemaker,100000-200000,Occasionally,Retail stores,Utility,Depends on product,"Handbags, Laptop sleeves / utility pouches",Office handbag,Wall décor textile,Heavy embroidery,Light mirror work,Earth tones,Office use,500-1000,Below 1000,500-1500,No,Buy 2 Get 1,No,Brand story,4,Yes,Highly likely
Below 20,Female,Tier 2,Delhi,Salaried Employee,100000-200000,Rarely,Online marketplaces,Design,Minimal modern,Laptop sleeves / utility pouches,Sling bag,Decorative organizers,Minimal embroidery,Light mirror work,Earth tones,Gifting,1000-2000,2000-4000,500-1500,No,Flat discount,Yes,Product images,4,No,Very unlikely
Below 20,Female,Tier 1,Gujarat,Homemaker,25000-50000,Frequently,Retail stores,Price,Traditional,Cushion covers,Tote bag,Decorative organizers,Minimal embroidery,No mirror work,Earth tones,Office use,Above 2000,1000-2000,Above 3000,Sometimes,Festival combo pack,No,Product images,5,No,Unsure
31-40,Female,Tier 1,Telangana,Freelancer,Below 25000,Frequently,Online marketplaces,Utility,Fusion,"Jackets / shrugs, Gift sets",Tote bag,Decorative organizers,Moderate embroidery,Light mirror work,Black / neutral,Office use,Below 500,Below 1000,1500-3000,No,Flat discount,Depends on reviews,Reviews,5,No,Likely
Above 50,Male,Tier 3 / Rural,Gujarat,Business Owner,Above 200000,Frequently,Retail stores,Authenticity,Fusion,"Cushion covers, Laptop sleeves / utility pouches, Jackets / shrugs",Office handbag,Wall décor textile,Moderate embroidery,No mirror work,Bright colors,Daily use,500-1000,1000-2000,1500-3000,Strongly yes,Buy 2 Get 1,Depends on reviews,Return policy,3,Yes,Unsure
Below 20,Female,Tier 1,Karnataka,Freelancer,Above 200000,Rarely,During travel,Utility,Traditional,Handbags,Tote bag,Decorative organizers,Heavy embroidery,No mirror work,Black / neutral,Festive use,Above 2000,Above 4000,Below 500,Strongly yes,Buy 2 Get 1,Yes,Reviews,2,No,Unlikely
Above 50,Male,Tier 1,Delhi,Business Owner,Below 25000,Rarely,Local exhibitions,Brand,Depends on product,"Gift sets, Handbags, Jackets / shrugs",Sling bag,Table runners,Heavy embroidery,Strong mirror work,Black / neutral,Festive use,Below 500,2000-4000,Below 500,No,Festival combo pack,Depends on reviews,Product images,4,Yes,Unlikely
21-30,Female,Tier 1,Delhi,Homemaker,50000-100000,Occasionally,Instagram stores,Authenticity,Minimal modern,Laptop sleeves / utility pouches,Office handbag,Cushion covers,Heavy embroidery,Strong mirror work,Pastel shades,Daily use,Above 2000,Below 1000,500-1500,Strongly yes,Flat discount,Yes,Return policy,4,Yes,Unlikely
41-50,Female,Metro,West Bengal,Homemaker,Above 200000,Frequently,Instagram stores,Authenticity,Depends on product,"Jackets / shrugs, Cushion covers, Laptop sleeves / utility pouches",Sling bag,Table runners,Heavy embroidery,Strong mirror work,Bright colors,Festive use,500-1000,2000-4000,Above 3000,No,Festival combo pack,Yes,Product images,4,No,Unsure
Above 50,Female,Metro,Gujarat,Freelancer,100000-200000,Frequently,Online marketplaces,Utility,Minimal modern,Jackets / shrugs,Tote bag,Table runners,Moderate embroidery,No mirror work,Pastel shades,Office use,500-1000,1000-2000,1500-3000,Sometimes,Festival combo pack,Depends on reviews,Return policy,5,Yes,Likely
Above 50,Female,Tier 2,Gujarat,Student,50000-100000,Rarely,Local exhibitions,Design,Fusion,"Handbags, Cushion covers, Gift sets",Tote bag,Table runners,Minimal embroidery,Light mirror work,Pastel shades,Daily use,1000-2000,1000-2000,Below 500,No,Festival combo pack,No,Reviews,1,No,Unsure
31-40,Female,Tier 1,Karnataka,Student,Above 200000,Occasionally,Retail stores,Utility,Minimal modern,Handbags,Tote bag,Decorative organizers,Minimal embroidery,Strong mirror work,,Festive use,Above 2000,Above 4000,1500-3000,Sometimes,Festival combo pack,Yes,Return policy,4,No,Highly likely
31-40,Female,Tier 3 / Rural,Delhi,Freelancer,50000-100000,Frequently,Local exhibitions,Design,Minimal modern,"Handbags, Jackets / shrugs",Clutch,Wall décor textile,Minimal embroidery,No mirror work,Black / neutral,Office use,500-1000,1000-2000,Below 500,Sometimes,Free shipping,Depends on reviews,Brand story,3,No,Unlikely
21-30,Female,Tier 2,Maharashtra,Homemaker,Above 200000,Occasionally,Local exhibitions,Brand,Fusion,"Cushion covers, Handbags",Sling bag,Cushion covers,Moderate embroidery,No mirror work,Bright colors,Weddings,Below 500,Below 1000,Above 3000,No,Free shipping,Yes,Reviews,3,No,Very unlikely
Above 50,Male,Tier 2,West Bengal,Other,100000-200000,Occasionally,Online marketplaces,Authenticity,Traditional,Handbags,Sling bag,Table runners,Moderate embroidery,No mirror work,Earth tones,Weddings,Above 2000,2000-4000,1500-3000,No,Free shipping,Depends on reviews,Product images,2,Yes,Very unlikely
41-50,Female,Tier 2,Maharashtra,Other,Below 25000,Occasionally,During travel,Design,Minimal modern,"Cushion covers, Laptop sleeves / utility pouches, Gift sets",Clutch,Table runners,Moderate embroidery,Light mirror work,Pastel shades,Festive use,1000-2000,2000-4000,500-1500,Sometimes,Festival combo pack,Depends on reviews,Return policy,5,No,Likely
Above 50,Female,Tier 2,Telangana,Business Owner,25000-50000,Occasionally,Retail stores,Utility,Traditional,"Gift sets, Laptop sleeves / utility pouches, Cushion covers",Office handbag,Decorative organizers,Heavy embroidery,No mirror work,Pastel shades,Festive use,Above 2000,Below 1000,Above 3000,Strongly yes,Free shipping,Depends on reviews,Product images,4,No,Highly likely
Above 50,Male,Tier 1,Telangana,Student,25000-50000,Never,Online marketplaces,Authenticity,Fusion,"Laptop sleeves / utility pouches, Jackets / shrugs",Office handbag,Cushion covers,Heavy embroidery,No mirror work,Bright colors,Weddings,Below 500,1000-2000,1500-3000,Strongly yes,Festival combo pack,Depends on reviews,Brand story,2,No,Likely
41-50,Female,Tier 2,Telangana,Salaried Employee,50000-100000,Rarely,Instagram stores,Price,Depends on product,Gift sets,Clutch,Cushion covers,Heavy embroidery,No mirror work,Earth tones,Festive use,1000-2000,Below 1000,1500-3000,Sometimes,Flat discount,No,Product images,4,Yes,Highly likely
41-50,Female,Tier 3 / Rural,Delhi,Homemaker,Below 25000,Never,During travel,Brand,Minimal modern,Handbags,Office handbag,Wall décor textile,Moderate embroidery,Light mirror work,Bright colors,Office use,Above 2000,Above 4000,1500-3000,Strongly yes,Free shipping,Depends on reviews,Return policy,3,Yes,Unlikely
Above 50,Female,Metro,Maharashtra,Other,Below 25000,Occasionally,Local exhibitions,Utility,Traditional,"Cushion covers, Laptop sleeves / utility pouches, Handbags",Office handbag,Decorative organizers,Moderate embroidery,No mirror work,Earth tones,Office use,500-1000,2000-4000,1500-3000,Sometimes,Buy 2 Get 1,No,Product images,2,No,Unlikely
31-40,Male,Tier 3 / Rural,Karnataka,Salaried Employee,Above 200000,Never,During travel,Brand,Traditional,"Gift sets, Laptop sleeves / utility pouches",Clutch,Wall décor textile,Minimal embroidery,Light mirror work,Earth tones,Weddings,Above 2000,Above 4000,Below 500,No,Free shipping,Depends on reviews,Return policy,4,Yes,Very unlikely
41-50,Female,Metro,Telangana,Other,Below 25000,Never,Retail stores,Brand,Fusion,"Jackets / shrugs, Gift sets",Office handbag,Cushion covers,Minimal embroidery,No mirror work,Pastel shades,Weddings,Above 2000,1000-2000,Below 500,No,Buy 2 Get 1,Yes,Brand story,1,No,Unlikely
Below 20,Female,Tier 1,Telangana,Homemaker,50000-100000,Occasionally,Retail stores,Utility,Depends on product,Jackets / shrugs,Office handbag,Table runners,Minimal embroidery,Light mirror work,Pastel shades,Gifting,1000-2000,1000-2000,500-1500,Sometimes,Free shipping,Depends on reviews,Brand story,5,No,Unsure
21-30,Male,Tier 3 / Rural,Delhi,Homemaker,Above 200000,Frequently,Retail stores,Brand,Fusion,"Laptop sleeves / utility pouches, Cushion covers, Gift sets",Tote bag,Decorative organizers,Heavy embroidery,No mirror work,Bright colors,Daily use,Below 500,1000-2000,Above 3000,No,Festival combo pack,Yes,Reviews,4,Yes,Likely
Below 20,Female,Metro,Gujarat,Freelancer,100000-200000,Frequently,Online marketplaces,Design,Depends on product,"Laptop sleeves / utility pouches, Cushion covers",Office handbag,Decorative organizers,Moderate embroidery,Light mirror work,Bright colors,Weddings,500-1000,Above 4000,500-1500,No,Free shipping,No,Product images,5,No,Highly likely
41-50,Female,Tier 2,Telangana,Other,100000-200000,Never,Online marketplaces,Price,Fusion,"Jackets / shrugs, Laptop sleeves / utility pouches, Gift sets",Sling bag,Wall décor textile,Heavy embroidery,Light mirror work,Black / neutral,Festive use,Below 500,1000-2000,Below 500,Sometimes,Free shipping,Yes,Brand story,5,No,Highly likely
Below 20,Female,Tier 3 / Rural,Rajasthan,Freelancer,50000-100000,Rarely,During travel,Price,Fusion,Cushion covers,Office handbag,Table runners,Minimal embroidery,Strong mirror work,Black / neutral,Office use,500-1000,1000-2000,1500-3000,Sometimes,Buy 2 Get 1,Depends on reviews,Reviews,3,Yes,Likely
21-30,Female,Metro,Tamil Nadu,Student,Above 200000,Never,Local exhibitions,Design,Fusion,Handbags,Office handbag,Decorative organizers,Moderate embroidery,Strong mirror work,Earth tones,Weddings,1000-2000,Above 4000,Below 500,Strongly yes,Buy 2 Get 1,Yes,Return policy,1,Yes,Unlikely
21-30,Female,Tier 2,West Bengal,Student,100000-200000,Frequently,Instagram stores,Utility,Traditional,"Handbags, Gift sets",Clutch,Wall décor textile,Moderate embroidery,Strong mirror work,Bright colors,Daily use,Above 2000,Below 1000,Above 3000,No,Free shipping,Depends on reviews,Return policy,4,No,Unlikely
21-30,Female,Tier 2,Telangana,Homemaker,50000-100000,Rarely,Retail stores,Authenticity,Fusion,"Gift sets, Jackets / shrugs",Office handbag,Decorative organizers,Moderate embroidery,Light mirror work,Pastel shades,Office use,Above 2000,Above 4000,500-1500,Sometimes,Free shipping,Yes,Product images,1,Yes,Highly likely
21-30,Female,Tier 1,West Bengal,Business Owner,100000-200000,Rarely,Instagram stores,Brand,Traditional,"Gift sets, Jackets / shrugs, Laptop sleeves / utility pouches",Sling bag,Table runners,Moderate embroidery,Strong mirror work,Bright colors,Office use,Above 2000,Above 4000,Below 500,No,Free shipping,No,Product images,4,No,Highly likely
Below 20,Female,Tier 2,Karnataka,Other,100000-200000,Occasionally,Online marketplaces,Utility,Depends on product,"Jackets / shrugs, Handbags, Laptop sleeves / utility pouches",Sling bag,Cushion covers,Minimal embroidery,No mirror work,Pastel shades,Festive use,500-1000,2000-4000,1500-3000,Sometimes,Free shipping,Depends on reviews,Reviews,5,No,Highly likely
21-30,Female,Metro,West Bengal,Business Owner,100000-200000,Rarely,Instagram stores,Utility,Fusion,"Laptop sleeves / utility pouches, Gift sets",Office handbag,Table runners,Heavy embroidery,No mirror work,Earth tones,Gifting,Above 2000,1000-2000,Above 3000,Strongly yes,Free shipping,Depends on reviews,Product images,5,No,Unsure
41-50,Female,Metro,Gujarat,Freelancer,100000-200000,Occasionally,During travel,Price,Fusion,"Gift sets, Cushion covers",Tote bag,Wall décor textile,Minimal embroidery,Strong mirror work,Bright colors,Festive use,1000-2000,Above 4000,Below 500,Sometimes,Buy 2 Get 1,Yes,Reviews,4,No,Highly likely
Above 50,Male,Tier 2,Rajasthan,Other,25000-50000,Frequently,During travel,Design,Traditional,Gift sets,Sling bag,Cushion covers,Heavy embroidery,No mirror work,Earth tones,Festive use,Above 2000,2000-4000,Above 3000,No,Flat discount,No,Return policy,3,Yes,Unsure
21-30,Female,Metro,Telangana,Business Owner,Below 25000,Never,Retail stores,Authenticity,Fusion,"Handbags, Jackets / shrugs",Clutch,Cushion covers,Minimal embroidery,Strong mirror work,Earth tones,Daily use,1000-2000,Above 4000,Above 3000,Sometimes,Flat discount,Depends on reviews,Return policy,3,No,Unlikely
31-40,Male,Tier 3 / Rural,Maharashtra,Salaried Employee,Above 200000,Occasionally,During travel,Utility,Fusion,"Jackets / shrugs, Laptop sleeves / utility pouches",Tote bag,Cushion covers,Moderate embroidery,Light mirror work,Pastel shades,Daily use,1000-2000,2000-4000,1500-3000,Strongly yes,Festival combo pack,Yes,Reviews,2,No,Likely
Below 20,Female,Metro,Delhi,Other,Below 25000,Occasionally,During travel,Authenticity,Minimal modern,"Jackets / shrugs, Handbags",Office handbag,Wall décor textile,Heavy embroidery,Light mirror work,Black / neutral,Festive use,Below 500,2000-4000,500-1500,Strongly yes,Free shipping,Depends on reviews,Product images,4,No,Unsure
41-50,Female,Metro,Delhi,Freelancer,50000-100000,Frequently,During travel,Design,Fusion,"Gift sets, Jackets / shrugs",Tote bag,Wall décor textile,Heavy embroidery,Strong mirror work,Earth tones,Festive use,Above 2000,Below 1000,500-1500,No,Flat discount,Depends on reviews,Reviews,4,Yes,Unsure
Below 20,Female,Tier 3 / Rural,Gujarat,Other,Below 25000,Rarely,Retail stores,Authenticity,Depends on product,"Cushion covers, Laptop sleeves / utility pouches, Handbags",Office handbag,Decorative organizers,Heavy embroidery,No mirror work,Earth tones,Gifting,Below 500,2000-4000,Below 500,No,Flat discount,No,Brand story,3,Yes,Very unlikely
Above 50,Female,Tier 3 / Rural,Delhi,Freelancer,25000-50000,Frequently,Local exhibitions,Brand,Traditional,Jackets / shrugs,Sling bag,Cushion covers,Moderate embroidery,No mirror work,Black / neutral,Weddings,Below 500,Below 1000,500-1500,Sometimes,Festival combo pack,Yes,Brand story,2,Yes,Unsure
41-50,Female,Tier 1,Karnataka,Business Owner,25000-50000,Never,Retail stores,Authenticity,Traditional,Laptop sleeves / utility pouches,Tote bag,Decorative organizers,Moderate embroidery,Light mirror work,Pastel shades,Daily use,Above 2000,Below 1000,1500-3000,Strongly yes,Flat discount,Yes,Return policy,3,Yes,Likely
21-30,Male,Tier 2,Telangana,Business Owner,25000-50000,Frequently,Local exhibitions,Utility,Fusion,"Laptop sleeves / utility pouches, Jackets / shrugs",Sling bag,Decorative organizers,Moderate embroidery,Light mirror work,Earth tones,Daily use,Below 500,1000-2000,Above 3000,Sometimes,Free shipping,Depends on reviews,Brand story,5,No,Highly likely
21-30,Female,Tier 3 / Rural,Delhi,Freelancer,100000-200000,Occasionally,Local exhibitions,Design,Depends on product,Gift sets,Tote bag,Cushion covers,Moderate embroidery,Light mirror work,Earth tones,Daily use,Below 500,Above 4000,Below 500,Sometimes,Flat discount,No,Product images,2,No,Very unlikely
Above 50,Male,Metro,Maharashtra,Business Owner,100000-200000,Frequently,During travel,Design,Traditional,Laptop sleeves / utility pouches,Office handbag,Wall décor textile,Heavy embroidery,Light mirror work,Pastel shades,Daily use,Above 2000,2000-4000,Below 500,Sometimes,Buy 2 Get 1,No,Reviews,4,Yes,Highly likely
31-40,Female,Tier 1,Delhi,Other,100000-200000,Rarely,Local exhibitions,Brand,Depends on product,"Jackets / shrugs, Gift sets, Laptop sleeves / utility pouches",Tote bag,Table runners,Minimal embroidery,No mirror work,Black / neutral,Weddings,1000-2000,Above 4000,Below 500,No,Buy 2 Get 1,Depends on reviews,Product images,3,No,Likely
41-50,Male,Tier 2,Tamil Nadu,Freelancer,Below 25000,Frequently,Instagram stores,Brand,Traditional,"Jackets / shrugs, Handbags, Laptop sleeves / utility pouches",Tote bag,Cushion covers,Minimal embroidery,Strong mirror work,Pastel shades,Gifting,1000-2000,1000-2000,Below 500,No,Buy 2 Get 1,Yes,Brand story,3,No,Highly likely
31-40,Female,Metro,Rajasthan,Salaried Employee,25000-50000,Occasionally,Instagram stores,Price,Fusion,"Gift sets, Handbags",Sling bag,Cushion covers,Minimal embroidery,No mirror work,Pastel shades,Weddings,500-1000,Above 4000,Below 500,No,Buy 2 Get 1,Depends on reviews,Return policy,1,Yes,Unsure
Above 50,Female,Metro,Delhi,Salaried Employee,25000-50000,Never,During travel,Price,Traditional,"Laptop sleeves / utility pouches, Jackets / shrugs, Cushion covers",Clutch,Wall décor textile,Minimal embroidery,Light mirror work,Earth tones,Office use,1000-2000,1000-2000,1500-3000,Sometimes,Buy 2 Get 1,Depends on reviews,Reviews,2,No,Unsure
31-40,Male,Metro,Gujarat,Freelancer,Below 25000,Frequently,Retail stores,Utility,Depends on product,Jackets / shrugs,Office handbag,Decorative organizers,Heavy embroidery,Strong mirror work,Bright colors,Weddings,1000-2000,Above 4000,Above 3000,No,Free shipping,Depends on reviews,Product images,2,No,Unlikely
31-40,Male,Metro,Rajasthan,Business Owner,100000-200000,Frequently,Retail stores,Utility,Depends on product,"Cushion covers, Jackets / shrugs",Tote bag,Wall décor textile,Moderate embroidery,Light mirror work,Pastel shades,Festive use,500-1000,2000-4000,1500-3000,Sometimes,Buy 2 Get 1,Depends on reviews,Return policy,4,No,Highly likely
Above 50,Male,Tier 1,West Bengal,Business Owner,50000-100000,Never,During travel,Brand,Fusion,Gift sets,Clutch,Decorative organizers,Moderate embroidery,Strong mirror work,Pastel shades,Daily use,500-1000,Below 1000,Above 3000,No,Festival combo pack,Yes,Reviews,2,Yes,Very unlikely
41-50,Female,Metro,Telangana,Homemaker,Above 200000,Frequently,Online marketplaces,Brand,Traditional,"Gift sets, Laptop sleeves / utility pouches, Cushion covers",Sling bag,Table runners,Heavy embroidery,Strong mirror work,Pastel shades,Gifting,1000-2000,Below 1000,500-1500,No,Free shipping,No,Product images,1,No,Very unlikely
21-30,Male,Tier 1,Rajasthan,Student,25000-50000,Never,Retail stores,Authenticity,Fusion,"Jackets / shrugs, Laptop sleeves / utility pouches, Cushion covers",Clutch,Table runners,Heavy embroidery,Strong mirror work,Bright colors,Weddings,1000-2000,Below 1000,Above 3000,Sometimes,Free shipping,No,Return policy,3,Yes,Unlikely
Above 50,Female,Tier 2,Maharashtra,Other,50000-100000,Frequently,Retail stores,Brand,Minimal modern,"Handbags, Gift sets",Clutch,Decorative organizers,Heavy embroidery,No mirror work,Earth tones,Festive use,500-1000,Above 4000,Above 3000,No,Festival combo pack,No,Reviews,2,Yes,Unsure
41-50,Male,Tier 3 / Rural,West Bengal,Salaried Employee,Above 200000,Never,Retail stores,Authenticity,Traditional,"Cushion covers, Jackets / shrugs",Clutch,Wall décor textile,Heavy embroidery,Strong mirror work,Earth tones,Weddings,Above 2000,2000-4000,1500-3000,No,Free shipping,Yes,Brand story,1,Yes,Very unlikely
21-30,Female,Tier 3 / Rural,Rajasthan,Student,25000-50000,Frequently,Online marketplaces,Brand,Minimal modern,"Cushion covers, Handbags, Laptop sleeves / utility pouches",Tote bag,Table runners,Minimal embroidery,Light mirror work,Pastel shades,Festive use,1000-2000,Below 1000,Below 500,No,Buy 2 Get 1,Depends on reviews,Product images,1,No,Likely
Below 20,Male,Metro,Telangana,Freelancer,100000-200000,Frequently,During travel,Brand,Depends on product,Laptop sleeves / utility pouches,Clutch,Decorative organizers,Heavy embroidery,Strong mirror work,Earth tones,Weddings,Above 2000,1000-2000,1500-3000,No,Buy 2 Get 1,No,Reviews,1,Yes,Unsure
41-50,Male,Metro,Telangana,Other,100000-200000,Never,Instagram stores,Design,Minimal modern,Jackets / shrugs,Tote bag,Decorative organizers,Minimal embroidery,Strong mirror work,Black / neutral,Daily use,Above 2000,Above 4000,1500-3000,Strongly yes,Festival combo pack,No,Product images,1,Yes,Likely
21-30,Male,Tier 1,Maharashtra,Other,50000-100000,Rarely,Online marketplaces,Authenticity,Depends on product,Gift sets,Clutch,Decorative organizers,Minimal embroidery,Light mirror work,Black / neutral,Weddings,Below 500,Above 4000,1500-3000,Sometimes,Buy 2 Get 1,Yes,Product images,3,Yes,Unsure
31-40,Female,Tier 2,Telangana,Freelancer,100000-200000,Never,During travel,Design,Depends on product,"Handbags, Cushion covers",Clutch,Table runners,Moderate embroidery,Light mirror work,Black / neutral,Office use,500-1000,Above 4000,1500-3000,Strongly yes,Flat discount,Yes,Return policy,2,No,Highly likely
41-50,Female,Metro,Karnataka,Freelancer,Above 200000,Rarely,Online marketplaces,Price,Fusion,Gift sets,Sling bag,Table runners,Heavy embroidery,No mirror work,Earth tones,Daily use,Above 2000,1000-2000,Above 3000,Sometimes,Festival combo pack,Yes,Reviews,3,No,Unlikely
Above 50,Female,Tier 1,Maharashtra,Other,100000-200000,Rarely,Retail stores,Price,Minimal modern,"Gift sets, Jackets / shrugs, Cushion covers",Tote bag,Table runners,Heavy embroidery,Strong mirror work,Pastel shades,Gifting,1000-2000,Below 1000,500-1500,Sometimes,Free shipping,Depends on reviews,Product images,2,Yes,Likely
Below 20,Female,Metro,Delhi,Homemaker,100000-200000,Frequently,During travel,Authenticity,Minimal modern,"Gift sets, Laptop sleeves / utility pouches",Sling bag,Decorative organizers,Minimal embroidery,Light mirror work,Black / neutral,Weddings,Above 2000,2000-4000,1500-3000,Strongly yes,Free shipping,Depends on reviews,Reviews,4,No,Highly likely
21-30,Female,Tier 2,Maharashtra,Student,100000-200000,Never,Online marketplaces,Price,Traditional,"Cushion covers, Gift sets",Sling bag,Decorative organizers,Minimal embroidery,Strong mirror work,Bright colors,Office use,Below 500,1000-2000,500-1500,Strongly yes,Free shipping,No,Product images,4,No,Unlikely
Above 50,Female,Tier 2,Delhi,Freelancer,Above 200000,Rarely,Instagram stores,Utility,Minimal modern,"Handbags, Jackets / shrugs, Cushion covers",Office handbag,Wall décor textile,Moderate embroidery,Strong mirror work,Black / neutral,Weddings,1000-2000,Below 1000,1500-3000,Sometimes,Flat discount,No,Brand story,5,No,Very unlikely
Above 50,Female,Metro,Gujarat,Student,Below 25000,Never,Instagram stores,Utility,Traditional,"Laptop sleeves / utility pouches, Handbags",Tote bag,Table runners,Moderate embroidery,No mirror work,Earth tones,Daily use,Above 2000,2000-4000,Below 500,No,Flat discount,No,Brand story,4,No,Very unlikely
31-40,Male,Metro,Gujarat,Other,25000-50000,Rarely,Retail stores,Brand,Traditional,Laptop sleeves / utility pouches,Clutch,Table runners,Heavy embroidery,Strong mirror work,Pastel shades,Weddings,1000-2000,2000-4000,500-1500,Sometimes,Buy 2 Get 1,Yes,Brand story,2,No,Unsure
31-40,Male,Tier 2,Telangana,Freelancer,Above 200000,Rarely,During travel,Price,Minimal modern,Jackets / shrugs,Office handbag,Table runners,Heavy embroidery,Light mirror work,Pastel shades,Daily use,Below 500,Above 4000,500-1500,Strongly yes,Festival combo pack,Depends on reviews,Brand story,3,No,Unlikely
21-30,Female,Tier 1,Maharashtra,Freelancer,Below 25000,Frequently,Instagram stores,Utility,Depends on product,Handbags,Tote bag,Wall décor textile,Moderate embroidery,Strong mirror work,Earth tones,Gifting,Below 500,Above 4000,Below 500,Strongly yes,Free shipping,Yes,Reviews,1,No,Likely
31-40,Female,Tier 3 / Rural,Gujarat,Other,25000-50000,Frequently,During travel,Price,Traditional,Handbags,Tote bag,Table runners,Minimal embroidery,No mirror work,Pastel shades,Weddings,Below 500,Below 1000,1500-3000,No,Free shipping,No,Product images,4,No,Unsure
41-50,Female,Tier 3 / Rural,West Bengal,Freelancer,Above 200000,Occasionally,Instagram stores,Brand,Fusion,"Gift sets, Handbags, Jackets / shrugs",Clutch,Table runners,Moderate embroidery,Light mirror work,Earth tones,Office use,Above 2000,Above 4000,Below 500,Sometimes,Free shipping,Depends on reviews,Product images,4,No,Likely
41-50,Male,Tier 2,Rajasthan,Business Owner,Below 25000,Occasionally,During travel,Brand,Depends on product,"Jackets / shrugs, Gift sets, Laptop sleeves / utility pouches",Office handbag,Decorative organizers,Minimal embroidery,Light mirror work,Pastel shades,Office use,Above 2000,Above 4000,1500-3000,Sometimes,Free shipping,No,Reviews,2,No,Highly likely
21-30,Female,Tier 1,Tamil Nadu,Business Owner,Below 25000,Never,Instagram stores,Authenticity,Depends on product,Gift sets,Office handbag,Wall décor textile,Heavy embroidery,No mirror work,Earth tones,Gifting,Above 2000,Above 4000,500-1500,Sometimes,Festival combo pack,Depends on reviews,Product images,3,Yes,Very unlikely
41-50,Female,Tier 2,Gujarat,Homemaker,25000-50000,Rarely,Online marketplaces,Price,Fusion,"Handbags, Gift sets, Cushion covers",Sling bag,Cushion covers,Heavy embroidery,Light mirror work,Earth tones,Daily use,500-1000,Below 1000,Below 500,Sometimes,Festival combo pack,Depends on reviews,Reviews,3,No,Highly likely
31-40,Female,Tier 1,Rajasthan,Business Owner,Below 25000,Frequently,Local exhibitions,Authenticity,Minimal modern,Jackets / shrugs,Clutch,Decorative organizers,Moderate embroidery,Light mirror work,,Festive use,Above 2000,Above 4000,Below 500,No,Festival combo pack,No,Brand story,5,No,Unlikely
Below 20,Male,Tier 2,Tamil Nadu,Business Owner,25000-50000,Rarely,During travel,Design,Depends on product,Cushion covers,Clutch,Decorative organizers,Minimal embroidery,Light mirror work,Black / neutral,Daily use,1000-2000,Above 4000,1500-3000,Sometimes,Festival combo pack,No,Brand story,5,Yes,Unlikely
Above 50,Female,Tier 3 / Rural,Gujarat,Student,25000-50000,Never,Local exhibitions,Brand,Traditional,"Gift sets, Laptop sleeves / utility pouches",Clutch,Decorative organizers,Moderate embroidery,No mirror work,Bright colors,Festive use,500-1000,Above 4000,Above 3000,Sometimes,Free shipping,Depends on reviews,Product images,4,No,Unsure
Below 20,Female,Tier 1,Karnataka,Freelancer,100000-200000,Frequently,Local exhibitions,Price,Traditional,Laptop sleeves / utility pouches,Sling bag,Table runners,Moderate embroidery,Strong mirror work,Pastel shades,Office use,1000-2000,Below 1000,500-1500,Strongly yes,Flat discount,Depends on reviews,Reviews,5,No,Unlikely
21-30,Female,Tier 3 / Rural,Tamil Nadu,Homemaker,Above 200000,Rarely,Retail stores,Design,Fusion,Jackets / shrugs,Sling bag,Decorative organizers,Minimal embroidery,Strong mirror work,Bright colors,Gifting,1000-2000,Above 4000,500-1500,No,Flat discount,Yes,Brand story,2,Yes,Unsure
21-30,Female,Tier 2,Gujarat,Freelancer,100000-200000,Rarely,Retail stores,Design,Minimal modern,Cushion covers,Clutch,Wall décor textile,Moderate embroidery,Strong mirror work,Black / neutral,Daily use,Below 500,1000-2000,1500-3000,Strongly yes,Festival combo pack,No,Product images,4,No,Likely
41-50,Female,Metro,West Bengal,Business Owner,100000-200000,Frequently,During travel,Price,Fusion,"Handbags, Gift sets",Sling bag,Wall décor textile,Minimal embroidery,Strong mirror work,Black / neutral,Festive use,Below 500,Above 4000,Below 500,No,Festival combo pack,Yes,Reviews,4,No,Unsure
Below 20,Male,Metro,Karnataka,Salaried Employee,Above 200000,Frequently,Online marketplaces,Design,Depends on product,"Gift sets, Jackets / shrugs, Handbags",Sling bag,Wall décor textile,Moderate embroidery,Strong mirror work,Black / neutral,Gifting,Above 2000,1000-2000,500-1500,Sometimes,Free shipping,Yes,Product images,5,Yes,Likely
31-40,Male,Tier 2,Telangana,Homemaker,25000-50000,Frequently,During travel,Price,Minimal modern,"Jackets / shrugs, Laptop sleeves / utility pouches",Office handbag,Table runners,Moderate embroidery,Strong mirror work,Earth tones,Daily use,1000-2000,2000-4000,Below 500,Strongly yes,Festival combo pack,Yes,Product images,5,No,Highly likely
Below 20,Female,Tier 2,Telangana,Homemaker,Above 200000,Frequently,Online marketplaces,Authenticity,Minimal modern,"Gift sets, Jackets / shrugs",Tote bag,Table runners,Minimal embroidery,No mirror work,Bright colors,Gifting,Above 2000,2000-4000,Above 3000,Sometimes,Festival combo pack,No,Product images,1,Yes,Likely
Below 20,Female,Tier 3 / Rural,Delhi,Salaried Employee,100000-200000,Rarely,Retail stores,Price,Fusion,"Cushion covers, Jackets / shrugs",Clutch,Decorative organizers,Moderate embroidery,No mirror work,Black / neutral,Festive use,1000-2000,Above 4000,Below 500,Strongly yes,Flat discount,Yes,Return policy,5,Yes,Highly likely
Above 50,Female,Tier 1,Maharashtra,Homemaker,50000-100000,Frequently,Instagram stores,Authenticity,Traditional,Gift sets,Clutch,Cushion covers,Heavy embroidery,Strong mirror work,Earth tones,Weddings,500-1000,Below 1000,500-1500,Sometimes,Free shipping,Depends on reviews,Return policy,4,No,Unsure
31-40,Female,Metro,Maharashtra,Homemaker,100000-200000,Never,Instagram stores,Price,Minimal modern,Handbags,Sling bag,Cushion covers,Heavy embroidery,Light mirror work,Pastel shades,Festive use,1000-2000,1000-2000,1500-3000,Sometimes,Festival combo pack,Yes,Product images,5,Yes,Likely
Above 50,Female,Tier 1,Telangana,Freelancer,25000-50000,Occasionally,During travel,Authenticity,Fusion,"Cushion covers, Gift sets, Laptop sleeves / utility pouches",Clutch,Decorative organizers,Heavy embroidery,No mirror work,Pastel shades,Weddings,500-1000,Above 4000,Above 3000,Strongly yes,Free shipping,Depends on reviews,Return policy,3,No,Unsure
Above 50,Male,Metro,Karnataka,Homemaker,50000-100000,Occasionally,Online marketplaces,Utility,Depends on product,Jackets / shrugs,Office handbag,Wall décor textile,Heavy embroidery,No mirror work,Earth tones,Gifting,Below 500,2000-4000,1500-3000,Sometimes,Flat discount,Depends on reviews,Reviews,4,Yes,Unsure
31-40,Female,Metro,Delhi,Homemaker,25000-50000,Never,During travel,Brand,Depends on product,"Cushion covers, Jackets / shrugs",Office handbag,Decorative organizers,Minimal embroidery,Strong mirror work,Bright colors,Festive use,500-1000,1000-2000,Below 500,Strongly yes,Free shipping,No,Product images,3,Yes,Likely
31-40,Female,Tier 2,Delhi,Freelancer,50000-100000,Occasionally,Online marketplaces,Design,Fusion,"Cushion covers, Jackets / shrugs, Laptop sleeves / utility pouches",Clutch,Wall décor textile,Heavy embroidery,No mirror work,Bright colors,Festive use,Below 500,Below 1000,Above 3000,Strongly yes,Free shipping,Depends on reviews,Product images,4,Yes,Highly likely
21-30,Male,Metro,Telangana,Business Owner,25000-50000,Never,Online marketplaces,Design,Fusion,"Laptop sleeves / utility pouches, Cushion covers",Tote bag,Table runners,Minimal embroidery,Light mirror work,Earth tones,Gifting,Below 500,Above 4000,Above 3000,Strongly yes,Festival combo pack,Yes,Product images,2,No,Unlikely
41-50,Female,Tier 3 / Rural,Tamil Nadu,Business Owner,25000-50000,Rarely,Retail stores,Price,Fusion,"Gift sets, Jackets / shrugs, Laptop sleeves / utility pouches",Office handbag,Wall décor textile,Minimal embroidery,Strong mirror work,Black / neutral,Daily use,1000-2000,Below 1000,500-1500,Sometimes,Free shipping,No,Brand story,5,No,Unlikely
41-50,Male,Metro,Karnataka,Salaried Employee,100000-200000,Frequently,Retail stores,Utility,Traditional,"Handbags, Cushion covers",Sling bag,Cushion covers,Moderate embroidery,No mirror work,Earth tones,Weddings,Below 500,Above 4000,500-1500,Sometimes,Festival combo pack,No,Return policy,5,Yes,Unlikely
Below 20,Male,Tier 2,Karnataka,Salaried Employee,Above 200000,Occasionally,Retail stores,Authenticity,Fusion,"Cushion covers, Handbags",Sling bag,Wall décor textile,Moderate embroidery,Light mirror work,Black / neutral,Gifting,500-1000,2000-4000,Above 3000,Sometimes,Flat discount,Depends on reviews,Return policy,1,Yes,Highly likely
41-50,Female,Tier 1,West Bengal,Business Owner,25000-50000,Never,Instagram stores,Design,Minimal modern,"Cushion covers, Jackets / shrugs, Gift sets",Office handbag,Wall décor textile,Minimal embroidery,No mirror work,Black / neutral,Daily use,500-1000,1000-2000,500-1500,No,Buy 2 Get 1,No,Brand story,3,No,Likely
Below 20,Male,Tier 1,Karnataka,Other,25000-50000,Never,Retail stores,Authenticity,Traditional,"Cushion covers, Handbags, Laptop sleeves / utility pouches",Tote bag,Table runners,Minimal embroidery,Light mirror work,Black / neutral,Festive use,1000-2000,1000-2000,1500-3000,No,Free shipping,Depends on reviews,Product images,5,Yes,Unlikely
31-40,Male,Metro,Maharashtra,Other,50000-100000,Never,During travel,Utility,Traditional,"Cushion covers, Laptop sleeves / utility pouches, Handbags",Office handbag,Wall décor textile,Heavy embroidery,Strong mirror work,Bright colors,Weddings,500-1000,Above 4000,1500-3000,Sometimes,Flat discount,Yes,Return policy,5,Yes,Highly likely
Below 20,Male,Tier 1,West Bengal,Freelancer,50000-100000,Never,Local exhibitions,Price,Fusion,Handbags,Sling bag,Wall décor textile,Minimal embroidery,Light mirror work,Black / neutral,Festive use,Below 500,1000-2000,500-1500,Strongly yes,Buy 2 Get 1,No,Brand story,4,No,Highly likely
31-40,Female,Tier 1,Maharashtra,Student,Above 200000,Rarely,Instagram stores,Brand,Fusion,Cushion covers,Office handbag,Table runners,Minimal embroidery,No mirror work,Earth tones,Gifting,1000-2000,Above 4000,Above 3000,No,Festival combo pack,No,Product images,3,No,Very unlikely
41-50,Female,Metro,Karnataka,Business Owner,50000-100000,Never,Instagram stores,Utility,Minimal modern,"Gift sets, Cushion covers",Tote bag,Cushion covers,Heavy embroidery,Strong mirror work,Earth tones,Gifting,1000-2000,Above 4000,500-1500,No,Buy 2 Get 1,Yes,Return policy,4,Yes,Unsure
31-40,Male,Metro,Rajasthan,Other,Below 25000,Never,Online marketplaces,Design,Minimal modern,"Gift sets, Handbags",Sling bag,Cushion covers,Minimal embroidery,Strong mirror work,Earth tones,Daily use,Above 2000,1000-2000,500-1500,Sometimes,Free shipping,No,Brand story,2,Yes,Unsure
21-30,Male,Tier 2,Delhi,Student,Below 25000,Never,Retail stores,Price,Traditional,Cushion covers,Tote bag,Wall décor textile,Moderate embroidery,No mirror work,Black / neutral,Daily use,Below 500,Below 1000,Above 3000,No,Flat discount,Depends on reviews,Return policy,5,Yes,Unlikely
41-50,Female,Metro,Gujarat,Freelancer,50000-100000,Occasionally,Local exhibitions,Price,Depends on product,Jackets / shrugs,Clutch,Cushion covers,Moderate embroidery,Strong mirror work,Bright colors,Office use,1000-2000,1000-2000,Below 500,Strongly yes,Free shipping,No,Reviews,5,Yes,Unlikely
Below 20,Male,Tier 2,West Bengal,Student,100000-200000,Rarely,Local exhibitions,Price,Depends on product,Gift sets,Sling bag,Cushion covers,Heavy embroidery,No mirror work,Pastel shades,Office use,Above 2000,2000-4000,Above 3000,Sometimes,Free shipping,Depends on reviews,Return policy,1,No,Very unlikely
Below 20,Female,Tier 1,Delhi,Homemaker,100000-200000,Never,Local exhibitions,Authenticity,Traditional,"Handbags, Jackets / shrugs, Laptop sleeves / utility pouches",Clutch,Wall décor textile,Minimal embroidery,Light mirror work,Bright colors,Office use,500-1000,1000-2000,Below 500,No,Free shipping,Yes,Brand story,5,No,Unsure
21-30,Female,Metro,Telangana,Freelancer,50000-100000,Never,During travel,Price,Traditional,Laptop sleeves / utility pouches,Tote bag,Decorative organizers,Minimal embroidery,Light mirror work,Pastel shades,Festive use,1000-2000,Below 1000,Below 500,Sometimes,Festival combo pack,Yes,Return policy,3,Yes,Unsure
Above 50,Male,Metro,Delhi,Business Owner,25000-50000,Occasionally,During travel,Price,Fusion,"Cushion covers, Laptop sleeves / utility pouches",Clutch,Decorative organizers,Minimal embroidery,Strong mirror work,Bright colors,Gifting,Below 500,2000-4000,1500-3000,Sometimes,Festival combo pack,No,Reviews,3,Yes,Likely
Below 20,Female,Metro,Maharashtra,Salaried Employee,50000-100000,Frequently,During travel,Design,Minimal modern,Gift sets,Sling bag,Table runners,Heavy embroidery,No mirror work,Bright colors,Festive use,Above 2000,2000-4000,Above 3000,Sometimes,Flat discount,Depends on reviews,Product images,5,Yes,Very unlikely
21-30,Male,Tier 1,West Bengal,Business Owner,50000-100000,Never,Online marketplaces,Authenticity,Traditional,Cushion covers,Clutch,Decorative organizers,Moderate embroidery,Light mirror work,Black / neutral,Office use,500-1000,1000-2000,Above 3000,Sometimes,Flat discount,Yes,Brand story,2,No,Unsure
Below 20,Male,Tier 2,Tamil Nadu,Freelancer,Above 200000,Never,Online marketplaces,Utility,Depends on product,"Cushion covers, Gift sets",Tote bag,Decorative organizers,Minimal embroidery,Light mirror work,Black / neutral,Weddings,500-1000,2000-4000,Above 3000,No,Free shipping,No,Product images,3,No,Unsure
Above 50,Male,Tier 1,Rajasthan,Other,50000-100000,Never,Online marketplaces,Price,Minimal modern,Jackets / shrugs,Sling bag,Table runners,Heavy embroidery,Strong mirror work,Black / neutral,Office use,500-1000,1000-2000,Above 3000,No,Buy 2 Get 1,Depends on reviews,Return policy,4,Yes,Unlikely
41-50,Male,Tier 2,Rajasthan,Student,Above 200000,Occasionally,During travel,Utility,Minimal modern,"Gift sets, Handbags, Jackets / shrugs",Sling bag,Decorative organizers,Moderate embroidery,Light mirror work,Earth tones,Daily use,Below 500,Above 4000,Above 3000,Strongly yes,Buy 2 Get 1,No,Reviews,5,Yes,Very unlikely
21-30,Male,Tier 1,Maharashtra,Business Owner,Above 200000,Rarely,Retail stores,Brand,Depends on product,Gift sets,Tote bag,Cushion covers,Minimal embroidery,Light mirror work,Black / neutral,Gifting,500-1000,1000-2000,Above 3000,Sometimes,Festival combo pack,No,Product images,4,Yes,Unsure
41-50,Female,Tier 1,Maharashtra,Other,50000-100000,Never,Local exhibitions,Design,Traditional,Cushion covers,Sling bag,Table runners,Moderate embroidery,Light mirror work,Black / neutral,Festive use,Below 500,1000-2000,500-1500,Strongly yes,Buy 2 Get 1,Yes,Reviews,3,No,Unsure
21-30,Male,Tier 3 / Rural,Maharashtra,Homemaker,100000-200000,Frequently,Retail stores,Authenticity,Fusion,Cushion covers,Tote bag,Wall décor textile,Minimal embroidery,Strong mirror work,Black / neutral,Gifting,500-1000,1000-2000,1500-3000,Sometimes,Free shipping,Depends on reviews,Brand story,2,Yes,Highly likely
41-50,Male,Tier 3 / Rural,Karnataka,Freelancer,Above 200000,Frequently,Online marketplaces,Brand,Traditional,"Jackets / shrugs, Laptop sleeves / utility pouches, Handbags",Office handbag,Decorative organizers,Minimal embroidery,Strong mirror work,Earth tones,Gifting,1000-2000,Below 1000,Below 500,No,Buy 2 Get 1,Yes,Brand story,1,Yes,Unsure
31-40,Male,Tier 3 / Rural,Delhi,Freelancer,Above 200000,Frequently,During travel,Utility,Fusion,"Gift sets, Laptop sleeves / utility pouches",Tote bag,Cushion covers,Heavy embroidery,Strong mirror work,Black / neutral,Gifting,Below 500,2000-4000,500-1500,Sometimes,Flat discount,Depends on reviews,Reviews,4,No,Unlikely
Below 20,Male,Tier 1,Tamil Nadu,Other,50000-100000,Rarely,Online marketplaces,Brand,Minimal modern,"Laptop sleeves / utility pouches, Gift sets, Jackets / shrugs",Office handbag,Table runners,Moderate embroidery,Light mirror work,Earth tones,Gifting,1000-2000,Below 1000,500-1500,Sometimes,Free shipping,Yes,Product images,1,No,Unlikely
Above 50,Female,Metro,Gujarat,Salaried Employee,25000-50000,Never,Retail stores,Utility,Minimal modern,"Handbags, Laptop sleeves / utility pouches, Gift sets",Tote bag,Decorative organizers,Heavy embroidery,Strong mirror work,Earth tones,Office use,1000-2000,1000-2000,Above 3000,No,Flat discount,Yes,Product images,3,Yes,Highly likely
Below 20,Female,Tier 2,Tamil Nadu,Freelancer,Above 200000,Frequently,Retail stores,Brand,Traditional,Handbags,Sling bag,Decorative organizers,Minimal embroidery,Light mirror work,,Gifting,1000-2000,Above 4000,500-1500,No,Flat discount,Depends on reviews,Return policy,2,No,Very unlikely
Below 20,Female,Tier 3 / Rural,Karnataka,Homemaker,Above 200000,Occasionally,Local exhibitions,Authenticity,Minimal modern,"Handbags, Laptop sleeves / utility pouches, Gift sets",Clutch,Wall décor textile,Heavy embroidery,No mirror work,Black / neutral,Daily use,Below 500,Below 1000,Above 3000,Sometimes,Flat discount,Yes,Reviews,2,No,Highly likely
21-30,Female,Tier 2,Maharashtra,Business Owner,100000-200000,Rarely,Online marketplaces,Authenticity,Fusion,"Cushion covers, Handbags, Gift sets",Clutch,Wall décor textile,Heavy embroidery,No mirror work,Earth tones,Daily use,Above 2000,1000-2000,1500-3000,Sometimes,Buy 2 Get 1,No,Reviews,1,Yes,Unsure
Below 20,Female,Tier 1,Gujarat,Salaried Employee,Above 200000,Frequently,During travel,Utility,Depends on product,Gift sets,Tote bag,Decorative organizers,Minimal embroidery,Strong mirror work,Earth tones,Office use,1000-2000,2000-4000,Above 3000,Strongly yes,Festival combo pack,Yes,Product images,2,No,Highly likely
Below 20,Female,Tier 3 / Rural,Delhi,Freelancer,25000-50000,Frequently,Online marketplaces,Authenticity,Traditional,Cushion covers,Tote bag,Cushion covers,Moderate embroidery,No mirror work,Pastel shades,Daily use,Above 2000,1000-2000,500-1500,Sometimes,Buy 2 Get 1,Depends on reviews,Product images,4,Yes,Likely
Below 20,Male,Metro,Gujarat,Student,100000-200000,Frequently,Retail stores,Authenticity,Minimal modern,Laptop sleeves / utility pouches,Tote bag,Wall décor textile,Minimal embroidery,No mirror work,,Office use,Below 500,Above 4000,1500-3000,No,Flat discount,Depends on reviews,Product images,3,No,Likely
Below 20,Female,Tier 1,Maharashtra,Other,50000-100000,Frequently,During travel,Design,Minimal modern,Handbags,Sling bag,Table runners,Minimal embroidery,Strong mirror work,Earth tones,Weddings,Above 2000,Above 4000,Above 3000,Strongly yes,Flat discount,No,Brand story,2,No,Likely
Below 20,Female,Tier 2,Tamil Nadu,Freelancer,Below 25000,Frequently,Local exhibitions,Brand,Minimal modern,"Gift sets, Jackets / shrugs",Tote bag,Cushion covers,Minimal embroidery,Strong mirror work,Black / neutral,Weddings,500-1000,1000-2000,500-1500,No,Festival combo pack,Yes,Product images,5,Yes,Unsure
21-30,Female,Metro,Karnataka,Salaried Employee,100000-200000,Frequently,Local exhibitions,Brand,Depends on product,"Laptop sleeves / utility pouches, Gift sets",Office handbag,Cushion covers,Heavy embroidery,Strong mirror work,Earth tones,Office use,Below 500,1000-2000,Above 3000,No,Buy 2 Get 1,Depends on reviews,Reviews,1,No,Unsure
Above 50,Male,Tier 2,Maharashtra,Student,Above 200000,Rarely,Instagram stores,Utility,Fusion,Cushion covers,Sling bag,Table runners,Heavy embroidery,Strong mirror work,Bright colors,Office use,1000-2000,1000-2000,Above 3000,Sometimes,Free shipping,Yes,Product images,4,No,Very unlikely
Below 20,Female,Metro,Tamil Nadu,Salaried Employee,100000-200000,Occasionally,Instagram stores,Design,Depends on product,"Cushion covers, Gift sets",Clutch,Decorative organizers,Heavy embroidery,No mirror work,Earth tones,Daily use,Below 500,Above 4000,1500-3000,Sometimes,Free shipping,Depends on reviews,Return policy,4,Yes,Very unlikely
Above 50,Female,Tier 1,Maharashtra,Freelancer,100000-200000,Rarely,Online marketplaces,Price,Fusion,Gift sets,Tote bag,Cushion covers,Minimal embroidery,No mirror work,Bright colors,Gifting,Above 2000,1000-2000,Below 500,Strongly yes,Festival combo pack,Yes,Reviews,4,No,Highly likely
31-40,Female,Metro,Delhi,Salaried Employee,Below 25000,Occasionally,Online marketplaces,Price,Depends on product,"Jackets / shrugs, Gift sets",Office handbag,Table runners,Minimal embroidery,Light mirror work,Black / neutral,Office use,Above 2000,2000-4000,Above 3000,Strongly yes,Festival combo pack,Yes,Product images,3,No,Unsure
41-50,Female,Tier 1,Tamil Nadu,Freelancer,Below 25000,Occasionally,Instagram stores,Utility,Fusion,Cushion covers,Tote bag,Decorative organizers,Heavy embroidery,Light mirror work,Bright colors,Daily use,Above 2000,Below 1000,500-1500,Sometimes,Buy 2 Get 1,Yes,Product images,4,No,Highly likely
Above 50,Male,Tier 1,Telangana,Other,25000-50000,Rarely,During travel,Price,Minimal modern,"Gift sets, Laptop sleeves / utility pouches, Handbags",Tote bag,Wall décor textile,Moderate embroidery,No mirror work,Bright colors,Weddings,Above 2000,1000-2000,Below 500,Strongly yes,Buy 2 Get 1,No,Return policy,3,Yes,Very unlikely
41-50,Female,Tier 3 / Rural,Maharashtra,Student,25000-50000,Occasionally,During travel,Design,Minimal modern,"Cushion covers, Jackets / shrugs, Gift sets",Sling bag,Wall décor textile,Heavy embroidery,No mirror work,Black / neutral,Daily use,1000-2000,1000-2000,500-1500,Strongly yes,Buy 2 Get 1,Yes,Return policy,3,Yes,Very unlikely
Below 20,Female,Metro,West Bengal,Business Owner,100000-200000,Frequently,Online marketplaces,Design,Traditional,"Gift sets, Cushion covers",Office handbag,Wall décor textile,Minimal embroidery,Light mirror work,Black / neutral,Festive use,Above 2000,1000-2000,Above 3000,Sometimes,Free shipping,No,Brand story,1,Yes,Very unlikely
41-50,Male,Metro,Maharashtra,Salaried Employee,25000-50000,Never,Instagram stores,Utility,Traditional,"Cushion covers, Gift sets, Laptop sleeves / utility pouches",Tote bag,Table runners,Minimal embroidery,Light mirror work,Earth tones,Daily use,Above 2000,Below 1000,Above 3000,Sometimes,Flat discount,No,Product images,3,Yes,Unlikely
Below 20,Male,Tier 1,Gujarat,Other,Below 25000,Frequently,During travel,Design,Fusion,"Handbags, Cushion covers",Clutch,Table runners,Minimal embroidery,Strong mirror work,Pastel shades,Office use,Below 500,1000-2000,Below 500,Sometimes,Festival combo pack,No,Return policy,4,Yes,Highly likely
41-50,Female,Metro,Karnataka,Freelancer,Below 25000,Never,Online marketplaces,Brand,Traditional,Jackets / shrugs,Clutch,Table runners,Minimal embroidery,Strong mirror work,Black / neutral,Office use,Below 500,2000-4000,500-1500,Strongly yes,Buy 2 Get 1,No,Reviews,2,No,Unsure
Above 50,Male,Metro,Karnataka,Freelancer,100000-200000,Frequently,Online marketplaces,Utility,Traditional,Handbags,Sling bag,Wall décor textile,Moderate embroidery,Strong mirror work,Earth tones,Weddings,Below 500,1000-2000,1500-3000,No,Free shipping,No,Return policy,3,No,Very unlikely
41-50,Female,Tier 1,Telangana,Other,25000-50000,Rarely,Retail stores,Utility,Fusion,"Handbags, Laptop sleeves / utility pouches",Office handbag,Cushion covers,Minimal embroidery,No mirror work,Bright colors,Office use,Above 2000,Below 1000,Below 500,No,Free shipping,No,Product images,4,No,Very unlikely
31-40,Male,Metro,Telangana,Homemaker,50000-100000,Rarely,Local exhibitions,Authenticity,Minimal modern,"Jackets / shrugs, Laptop sleeves / utility pouches, Handbags",Sling bag,Table runners,Moderate embroidery,No mirror work,Earth tones,Festive use,500-1000,2000-4000,1500-3000,Sometimes,Buy 2 Get 1,Yes,Brand story,2,Yes,Unsure
31-40,Female,Tier 3 / Rural,Telangana,Other,Below 25000,Occasionally,Retail stores,Brand,Fusion,Laptop sleeves / utility pouches,Tote bag,Table runners,Minimal embroidery,Strong mirror work,Bright colors,Daily use,500-1000,1000-2000,Below 500,Sometimes,Buy 2 Get 1,Yes,Reviews,4,No,Unlikely
Above 50,Male,Metro,Gujarat,Freelancer,Below 25000,Frequently,Retail stores,Utility,Minimal modern,"Cushion covers, Jackets / shrugs",Office handbag,Cushion covers,Moderate embroidery,Light mirror work,Earth tones,Gifting,Below 500,2000-4000,1500-3000,Sometimes,Festival combo pack,Yes,Product images,1,No,Unsure
Above 50,Female,Tier 2,Telangana,Business Owner,Below 25000,Never,Instagram stores,Design,Minimal modern,"Cushion covers, Gift sets",Sling bag,Cushion covers,Minimal embroidery,Strong mirror work,Bright colors,Daily use,1000-2000,Below 1000,500-1500,Sometimes,Buy 2 Get 1,Yes,Product images,4,No,Likely
Above 50,Male,Tier 2,Tamil Nadu,Homemaker,100000-200000,Occasionally,During travel,Utility,Traditional,"Jackets / shrugs, Laptop sleeves / utility pouches, Gift sets",Sling bag,Table runners,Moderate embroidery,No mirror work,Black / neutral,Gifting,500-1000,Above 4000,500-1500,Strongly yes,Free shipping,Depends on reviews,Return policy,3,Yes,Very unlikely
41-50,Male,Tier 2,Gujarat,Student,25000-50000,Rarely,During travel,Price,Depends on product,"Gift sets, Handbags",Office handbag,Wall décor textile,Minimal embroidery,Strong mirror work,Bright colors,Weddings,500-1000,1000-2000,Above 3000,No,Buy 2 Get 1,No,Product images,5,No,Unsure
31-40,Female,Metro,Rajasthan,Other,50000-100000,Frequently,Local exhibitions,Design,Depends on product,Laptop sleeves / utility pouches,Clutch,Decorative organizers,Minimal embroidery,Strong mirror work,Earth tones,Daily use,Below 500,Above 4000,Below 500,No,Buy 2 Get 1,Depends on reviews,Brand story,1,No,Highly likely
31-40,Female,Tier 2,Telangana,Salaried Employee,50000-100000,Never,Local exhibitions,Utility,Minimal modern,"Handbags, Cushion covers",Sling bag,Table runners,Heavy embroidery,Light mirror work,Earth tones,Festive use,Above 2000,1000-2000,1500-3000,Strongly yes,Flat discount,Yes,Reviews,1,No,Very unlikely
Above 50,Female,Tier 3 / Rural,Karnataka,Other,25000-50000,Never,Retail stores,Brand,Traditional,"Handbags, Cushion covers, Gift sets",Clutch,Table runners,Moderate embroidery,Strong mirror work,Earth tones,Daily use,Below 500,Above 4000,500-1500,No,Flat discount,No,Product images,5,No,Likely
Above 50,Female,Metro,Telangana,Other,Below 25000,Rarely,Local exhibitions,Price,Depends on product,"Jackets / shrugs, Gift sets",Sling bag,Table runners,Moderate embroidery,No mirror work,Bright colors,Festive use,1000-2000,2000-4000,500-1500,Strongly yes,Free shipping,Depends on reviews,Return policy,5,Yes,Unsure
Above 50,Female,Metro,Gujarat,Business Owner,100000-200000,Never,Retail stores,Design,Traditional,"Handbags, Cushion covers, Laptop sleeves / utility pouches",Clutch,Table runners,Minimal embroidery,Strong mirror work,Bright colors,Daily use,Below 500,Below 1000,Above 3000,Strongly yes,Festival combo pack,No,Product images,3,Yes,Unsure
21-30,Male,Metro,Tamil Nadu,Student,100000-200000,Occasionally,Local exhibitions,Brand,Minimal modern,Gift sets,Sling bag,Table runners,Moderate embroidery,Light mirror work,Earth tones,Festive use,500-1000,Below 1000,Below 500,Sometimes,Flat discount,Depends on reviews,Brand story,3,No,Likely
31-40,Female,Metro,Delhi,Freelancer,Below 25000,Never,Instagram stores,Utility,Traditional,Handbags,Sling bag,Wall décor textile,Moderate embroidery,No mirror work,Black / neutral,Office use,1000-2000,2000-4000,Below 500,Strongly yes,Buy 2 Get 1,Depends on reviews,Reviews,4,Yes,Unlikely
Below 20,Male,Metro,Delhi,Business Owner,Below 25000,Frequently,Local exhibitions,Authenticity,Fusion,Cushion covers,Tote bag,Wall décor textile,Heavy embroidery,Light mirror work,Earth tones,Weddings,Below 500,Below 1000,500-1500,No,Buy 2 Get 1,Yes,Reviews,5,Yes,Highly likely
41-50,Male,Tier 2,Maharashtra,Salaried Employee,100000-200000,Occasionally,Online marketplaces,Brand,Depends on product,"Laptop sleeves / utility pouches, Cushion covers, Gift sets",Tote bag,Decorative organizers,Minimal embroidery,No mirror work,Earth tones,Daily use,Below 500,Above 4000,Above 3000,Strongly yes,Free shipping,No,Brand story,2,Yes,Likely
Above 50,Male,Tier 2,West Bengal,Business Owner,100000-200000,Never,Retail stores,Design,Traditional,Gift sets,Office handbag,Decorative organizers,Minimal embroidery,Strong mirror work,Earth tones,Office use,Below 500,Above 4000,Below 500,No,Buy 2 Get 1,No,Return policy,3,No,Very unlikely
31-40,Female,Metro,Telangana,Student,25000-50000,Rarely,Retail stores,Authenticity,Minimal modern,"Gift sets, Handbags, Jackets / shrugs",Sling bag,Wall décor textile,Minimal embroidery,Light mirror work,Black / neutral,Daily use,Below 500,2000-4000,1500-3000,Strongly yes,Festival combo pack,Yes,Product images,5,Yes,Likely
41-50,Male,Metro,Telangana,Salaried Employee,Above 200000,Frequently,Local exhibitions,Design,Traditional,Cushion covers,Tote bag,Decorative organizers,Heavy embroidery,Strong mirror work,Earth tones,Daily use,500-1000,Below 1000,Below 500,Sometimes,Buy 2 Get 1,Yes,Brand story,4,No,Highly likely
Above 50,Male,Tier 2,Karnataka,Salaried Employee,25000-50000,Never,Instagram stores,Authenticity,Traditional,"Jackets / shrugs, Handbags",Office handbag,Wall décor textile,Minimal embroidery,Strong mirror work,Earth tones,Festive use,1000-2000,Above 4000,500-1500,No,Free shipping,No,Product images,1,Yes,Likely
41-50,Male,Metro,Delhi,Homemaker,100000-200000,Occasionally,Online marketplaces,Utility,Minimal modern,Gift sets,Clutch,Decorative organizers,Minimal embroidery,Light mirror work,Earth tones,Daily use,1000-2000,2000-4000,Below 500,Sometimes,Festival combo pack,Yes,Return policy,2,Yes,Unsure
21-30,Male,Tier 3 / Rural,Karnataka,Freelancer,25000-50000,Never,Local exhibitions,Brand,Fusion,Cushion covers,Tote bag,Decorative organizers,Moderate embroidery,Strong mirror work,Pastel shades,Daily use,1000-2000,1000-2000,1500-3000,No,Free shipping,Yes,Product images,5,Yes,Likely
Above 50,Male,Metro,Karnataka,Salaried Employee,100000-200000,Occasionally,Local exhibitions,Utility,Depends on product,"Cushion covers, Handbags, Laptop sleeves / utility pouches",Sling bag,Decorative organizers,Minimal embroidery,No mirror work,Pastel shades,Office use,Above 2000,1000-2000,1500-3000,Sometimes,Festival combo pack,Depends on reviews,Return policy,1,No,Unsure
41-50,Female,Metro,Maharashtra,Business Owner,50000-100000,Never,Local exhibitions,Authenticity,Depends on product,"Gift sets, Handbags, Jackets / shrugs",Tote bag,Table runners,Heavy embroidery,Strong mirror work,Bright colors,Office use,1000-2000,Below 1000,Above 3000,Strongly yes,Flat discount,Depends on reviews,Return policy,2,Yes,Very unlikely
41-50,Male,Tier 1,West Bengal,Other,Above 200000,Never,Retail stores,Design,Fusion,"Handbags, Laptop sleeves / utility pouches, Jackets / shrugs",Office handbag,Decorative organizers,Minimal embroidery,No mirror work,Earth tones,Weddings,1000-2000,Above 4000,1500-3000,No,Festival combo pack,No,Reviews,3,No,Likely
Below 20,Male,Tier 3 / Rural,Maharashtra,Salaried Employee,Below 25000,Rarely,Retail stores,Brand,Depends on product,"Cushion covers, Jackets / shrugs",Clutch,Cushion covers,Minimal embroidery,Light mirror work,Bright colors,Gifting,Above 2000,1000-2000,Below 500,No,Buy 2 Get 1,Yes,Brand story,2,No,Unsure
21-30,Female,Tier 1,Rajasthan,Freelancer,,Never,Local exhibitions,Brand,Fusion,Cushion covers,Office handbag,Cushion covers,Minimal embroidery,Strong mirror work,Pastel shades,Daily use,1000-2000,2000-4000,500-1500,Sometimes,Festival combo pack,No,Reviews,5,No,Likely
Above 50,Female,Tier 1,Rajasthan,Business Owner,Below 25000,Never,Local exhibitions,Utility,Traditional,Handbags,Office handbag,Table runners,Moderate embroidery,No mirror work,Black / neutral,Weddings,Above 2000,2000-4000,1500-3000,No,Festival combo pack,No,Return policy,2,Yes,Very unlikely
41-50,Male,Tier 2,Rajasthan,Freelancer,Below 25000,Rarely,Retail stores,Authenticity,Traditional,"Gift sets, Jackets / shrugs, Laptop sleeves / utility pouches",Clutch,Cushion covers,Minimal embroidery,Light mirror work,Earth tones,Office use,Above 2000,Below 1000,500-1500,Sometimes,Buy 2 Get 1,Depends on reviews,Reviews,3,No,Unsure
21-30,Female,Tier 1,Tamil Nadu,Student,Above 200000,Never,Online marketplaces,Design,Minimal modern,"Laptop sleeves / utility pouches, Gift sets, Jackets / shrugs",Office handbag,Decorative organizers,Moderate embroidery,Strong mirror work,Bright colors,Office use,500-1000,2000-4000,Above 3000,Sometimes,Flat discount,Yes,Product images,4,No,Unsure
